#0 building with "desktop-linux" instance using docker driver

#1 [internal] load build definition from Dockerfile
#1 transferring dockerfile: 1.25kB done
#1 DONE 0.0s

#2 [internal] load metadata for docker.io/library/node:24-bookworm
#2 DONE 0.7s

#3 [internal] load metadata for docker.io/library/rust:1.93.0-bookworm
#3 DONE 0.7s

#4 [internal] load .dockerignore
#4 transferring context: 2B done
#4 DONE 0.0s

#5 [stage-1 1/6] FROM docker.io/library/rust:1.93.0-bookworm@sha256:d0a4aa3ca2e1088ac0c81690914a0d810f2eee188197034edf366ed010a2b382
#5 resolve docker.io/library/rust:1.93.0-bookworm@sha256:d0a4aa3ca2e1088ac0c81690914a0d810f2eee188197034edf366ed010a2b382 done
#5 DONE 0.0s

#6 [node 1/1] FROM docker.io/library/node:24-bookworm@sha256:3d27e5c11e5786e309ec3e03f93ae536eb36e6e5eb3714d5eb3300a36157add0
#6 resolve docker.io/library/node:24-bookworm@sha256:3d27e5c11e5786e309ec3e03f93ae536eb36e6e5eb3714d5eb3300a36157add0 done
#6 DONE 0.0s

#7 [stage-1 2/6] COPY --from=node /usr/local/bin/node /usr/local/bin/node
#7 CACHED

#8 [stage-1 3/6] COPY --from=node /usr/local/lib/node_modules /usr/local/lib/node_modules
#8 CACHED

#9 [stage-1 4/6] RUN ln -s ../lib/node_modules/npm/bin/npm-cli.js /usr/local/bin/npm     && ln -s ../lib/node_modules/npm/bin/npx-cli.js /usr/local/bin/npx     && apt-get update     && apt-get install -y --no-install-recommends        libwebkit2gtk-4.1-dev libayatana-appindicator3-dev librsvg2-dev libxdo-dev        libclang-dev libxcb1-dev libxrandr-dev libdbus-1-dev libpipewire-0.3-dev        libwayland-dev libegl-dev libgbm-dev libssl-dev pkg-config patchelf ca-certificates        xvfb xauth openbox xcompmgr xfce4-panel xfconf dbus-x11        xdotool wmctrl xclip x11-utils x11-xserver-utils scrot        python3 python3-pil python3-gi python3-gi-cairo gir1.2-gtk-3.0 gir1.2-atspi-2.0        at-spi2-core gsettings-desktop-schemas     && rm -rf /var/lib/apt/lists/*
#9 0.089 Get:1 http://deb.debian.org/debian bookworm InRelease [151 kB]
#9 0.118 Get:2 http://deb.debian.org/debian bookworm-updates InRelease [55.4 kB]
#9 0.138 Get:3 http://deb.debian.org/debian-security bookworm-security InRelease [34.8 kB]
#9 0.150 Get:4 http://deb.debian.org/debian bookworm/main arm64 Packages [8689 kB]
#9 0.360 Get:5 http://deb.debian.org/debian bookworm-updates/main arm64 Packages [6936 B]
#9 0.361 Get:6 http://deb.debian.org/debian-security bookworm-security/main arm64 Packages [347 kB]
#9 0.913 Fetched 9285 kB in 1s (11.0 MB/s)
#9 0.913 Reading package lists...
#9 1.132 Reading package lists...
#9 1.347 Building dependency tree...
#9 1.405 Reading state information...
#9 1.476 librsvg2-dev is already the newest version (2.54.7+dfsg-1~deb12u1).
#9 1.476 librsvg2-dev set to manually installed.
#9 1.476 libxcb1-dev is already the newest version (1.15-1).
#9 1.476 libxcb1-dev set to manually installed.
#9 1.476 pkg-config is already the newest version (1.8.1-1).
#9 1.476 pkg-config set to manually installed.
#9 1.476 python3 is already the newest version (3.11.2-1+b1).
#9 1.476 python3 set to manually installed.
#9 1.476 The following additional packages will be installed:
#9 1.476   adwaita-icon-theme at-spi2-common bubblewrap build-essential dbus-bin
#9 1.476   dbus-daemon dbus-session-bus-common dconf-gsettings-backend dconf-service
#9 1.476   dictionaries-common emacsen-common exo-utils fonts-urw-base35 gir1.2-adw-1
#9 1.476   gir1.2-atk-1.0 gir1.2-ayatanaappindicator3-0.1 gir1.2-ayatanaido3-0.4
#9 1.476   gir1.2-dbusmenu-glib-0.4 gir1.2-graphene-1.0 gir1.2-gtk-2.0 gir1.2-gtk-4.0
#9 1.476   gir1.2-harfbuzz-0.0 gir1.2-javascriptcoregtk-4.1 gir1.2-json-1.0
#9 1.476   gir1.2-pango-1.0 gir1.2-polkit-1.0 gir1.2-soup-3.0 gir1.2-webkit2-4.1
#9 1.476   glib-networking glib-networking-common glib-networking-services
#9 1.476   gobject-introspection gstreamer1.0-plugins-base gstreamer1.0-plugins-good
#9 1.476   gtk-update-icon-cache hunspell-en-us iso-codes libaa1 libabsl20220623
#9 1.476   libadwaita-1-0 libadwaita-1-dev libapparmor1 libasound2 libasound2-data
#9 1.476   libaspell15 libasyncns0 libatk-bridge2.0-0 libatk-bridge2.0-dev libatk1.0-0
#9 1.476   libatk1.0-dev libatspi2.0-0 libatspi2.0-dev libavahi-client3
#9 1.476   libavahi-common-data libavahi-common3 libavc1394-0 libavif15
#9 1.476   libayatana-appindicator3-1 libayatana-ido3-0.4-0 libayatana-ido3-dev
#9 1.476   libayatana-indicator3-7 libayatana-indicator3-dev libcaca0 libcap2
#9 1.476   libcap2-bin libcdparanoia0 libclang-14-dev libclang-common-14-dev
#9 1.476   libclang1-14 libcloudproviders0 libcolord2 libcups2 libdatrie-dev
#9 1.476   libdbus-1-3 libdbusmenu-glib-dev libdbusmenu-glib4 libdbusmenu-gtk3-4
#9 1.476   libdconf1 libdrm-amdgpu1 libdrm-common libdrm-nouveau2 libdrm-radeon1
#9 1.476   libdrm2 libdv4 libdw1 libegl-mesa0 libegl1 libegl1-mesa-dev libenchant-2-2
#9 1.476   libepoxy-dev libepoxy0 libevdev2 libexo-2-0 libexo-common libflac12
#9 1.476   libflite1 libfontenc1 libfribidi-dev libgarcon-1-0 libgarcon-common
#9 1.476   libgarcon-gtk3-1-0 libgav1-1 libgbm1 libgc1 libgif7 libgirepository1.0-dev
#9 1.476   libgl-dev libgl1 libgl1-mesa-dri libglapi-mesa libgles-dev libgles1 libgles2
#9 1.476   libglvnd-core-dev libglvnd-dev libglvnd0 libglx-dev libglx-mesa0 libglx0
#9 1.476   libgpm2 libgraphene-1.0-0 libgraphene-1.0-dev libgraphite2-3
#9 1.476   libgraphite2-dev libgs-common libgs10 libgs10-common libgstreamer-gl1.0-0
#9 1.476   libgstreamer-plugins-base1.0-0 libgstreamer1.0-0 libgtk-3-0 libgtk-3-common
#9 1.476   libgtk-3-dev libgtk-4-1 libgtk-4-common libgtk-4-dev libgtk2.0-0
#9 1.476   libgtk2.0-common libgtk2.0-dev libgudev-1.0-0 libharfbuzz-dev
#9 1.476   libharfbuzz-gobject0 libharfbuzz-icu0 libharfbuzz-subset0 libhunspell-1.7-0
#9 1.476   libhwy1 libhyphen0 libid3tag0 libidn12 libiec61883-0 libijs-0.35
#9 1.476   libimagequant0 libimlib2 libjack-jackd2-0 libjavascriptcoregtk-4.1-0
#9 1.476   libjavascriptcoregtk-4.1-dev libjbig2dec0 libjson-glib-1.0-0
#9 1.476   libjson-glib-1.0-common libjson-glib-dev libjxl0.7 libllvm14 libllvm15
#9 1.476   libmanette-0.2-0 libmp3lame0 libmpg123-0 libnghttp2-14 libnghttp2-dev
#9 1.476   libobjc-12-dev libobjc4 libobrender32v5 libobt2v5 libogg0 libopengl-dev
#9 1.476   libopengl0 libopus0 liborc-0.4-0 libpango1.0-dev libpangoxft-1.0-0 libpaper1
#9 1.476   libpipewire-0.3-0 libpolkit-agent-1-0 libpolkit-gobject-1-0
#9 1.476   libpolkit-gobject-1-dev libproxy1v5 libpsl-dev libpulse0 libraqm0 librav1e0
#9 1.476   libraw1394-11 libsamplerate0 libsecret-1-0 libsecret-common
#9 1.476   libsensors-config libsensors5 libshout3 libslang2 libsndfile1 libsoup-3.0-0
#9 1.476   libsoup-3.0-common libsoup-3.0-dev libsoup2.4-1 libsoup2.4-common
#9 1.476   libspa-0.2-dev libspa-0.2-modules libspectre1 libspeex1 libssl3
#9 1.476   libstartup-notification0 libsvtav1enc1 libsysprof-4 libsysprof-4-dev
#9 1.476   libsysprof-ui-5 libtag1v5 libtag1v5-vanilla libtext-iconv-perl libthai-dev
#9 1.476   libtheora0 libtwolame0 libunwind8 libv4l-0 libv4lconvert0 libvisual-0.4-0
#9 1.476   libvorbis0a libvorbisenc2 libvpx7 libvulkan-dev libvulkan1 libwavpack1
#9 1.476   libwayland-bin libwayland-client0 libwayland-cursor0 libwayland-egl1
#9 1.476   libwayland-server0 libwebkit2gtk-4.1-0 libwebrtc-audio-processing1
#9 1.476   libwnck-3-0 libwnck-3-common libwoff1 libx11-xcb1 libxaw7 libxcb-dri2-0
#9 1.476   libxcb-dri3-0 libxcb-glx0 libxcb-present0 libxcb-randr0 libxcb-shape0
#9 1.476   libxcb-sync1 libxcb-util1 libxcb-xfixes0 libxcomposite-dev libxcomposite1
#9 1.476   libxcursor-dev libxcursor1 libxdamage-dev libxdamage1 libxdo3
#9 1.476   libxfce4panel-2.0-4 libxfce4ui-2-0 libxfce4ui-common libxfce4util-common
#9 1.476   libxfce4util7 libxfconf-0-3 libxfixes-dev libxfixes3 libxfont2 libxft-dev
#9 1.476   libxft2 libxi-dev libxi6 libxinerama-dev libxinerama1 libxkbcommon-dev
#9 1.477   libxkbcommon0 libxkbfile1 libxml2 libxml2-dev libxml2-utils libxmu6 libxmuu1
#9 1.477   libxpm4 libxrandr2 libxres1 libxshmfence1 libxtst-dev libxtst6 libxv1
#9 1.477   libxxf86dga1 libxxf86vm1 libyuv0 libz3-4 mailcap mime-support openssl
#9 1.477   pango1.0-tools poppler-data python3-cairo python3-mako python3-markdown
#9 1.477   python3-markupsafe python3-pkg-resources sgml-base wayland-protocols
#9 1.477   x11-xkb-utils xdg-dbus-proxy xfonts-encodings xfonts-utils xkb-data xml-core
#9 1.477   xserver-common
#9 1.477 Suggested packages:
#9 1.477   ispell | aspell | hunspell wordlist fonts-freefont-otf | fonts-freefont-ttf
#9 1.477   fonts-texgyre gvfs hunspell openoffice.org-hunspell | openoffice.org-core
#9 1.477   isoquery libadwaita-1-doc libasound2-plugins alsa-utils aspell colord
#9 1.477   cups-common libdatrie-doc libdv-bin oss-compat libenchant-2-voikko
#9 1.477   libgirepository1.0-doc gpm libgraphene-doc libgraphite2-utils
#9 1.477   libvisual-0.4-plugins gstreamer1.0-tools libgtk-3-doc
#9 1.477   libgtk-4-media-gstreamer | libgtk-4-media-ffmpeg libgtk-4-doc gtk-4-examples
#9 1.477   libgtk2.0-doc jackd2 libjson-glib-doc libnghttp2-doc opus-tools
#9 1.477   libpango1.0-doc pipewire pipewire-doc pulseaudio libraw1394-doc lm-sensors
#9 1.477   libsoup-3.0-doc speex libssl-doc libthai-doc libwayland-doc
#9 1.477   gstreamer1.0-alsa devhelp fonts-dejavu tint2 openbox-gnome-session
#9 1.477   openbox-kde-session graphicsmagick poppler-utils ghostscript
#9 1.477   fonts-japanese-mincho | fonts-ipafont-mincho fonts-japanese-gothic
#9 1.477   | fonts-ipafont-gothic fonts-arphic-ukai fonts-arphic-uming fonts-nanum
#9 1.477   python-mako-doc python3-beaker python-markdown-doc python-pil-doc
#9 1.477   python3-setuptools sgml-base-doc mesa-utils nickle cairo-5c xorg-docs-core
#9 1.477   debhelper
#9 1.477 Recommended packages:
#9 1.477   gstreamer1.0-x alsa-ucm-conf alsa-topology-conf aspell-en
#9 1.477   | aspell-dictionary | aspell6a-dictionary libpam-cap libclang-rt-14-dev dbus
#9 1.477   enchant-2 liburi-perl fonts-droid-fallback gstreamer1.0-gl libgtk-3-bin
#9 1.477   libgtk-4-bin libgail-common libgtk2.0-bin debhelper libpaper-utils
#9 1.477   libpipewire-0.3-common mesa-vulkan-drivers | vulkan-icd
#9 1.477   xdg-desktop-portal-gtk gstreamer1.0-libav gstreamer1.0-plugins-bad
#9 1.477   libxfce4util-bin obconf | obconf-qt python3-pygments python3-yaml
#9 1.477   python3-olefile xfonts-base
#9 2.496 The following NEW packages will be installed:
#9 2.496   adwaita-icon-theme at-spi2-common at-spi2-core bubblewrap build-essential
#9 2.496   dbus-bin dbus-daemon dbus-session-bus-common dbus-x11
#9 2.496   dconf-gsettings-backend dconf-service dictionaries-common emacsen-common
#9 2.496   exo-utils fonts-urw-base35 gir1.2-adw-1 gir1.2-atk-1.0 gir1.2-atspi-2.0
#9 2.496   gir1.2-ayatanaappindicator3-0.1 gir1.2-ayatanaido3-0.4
#9 2.496   gir1.2-dbusmenu-glib-0.4 gir1.2-graphene-1.0 gir1.2-gtk-2.0 gir1.2-gtk-3.0
#9 2.496   gir1.2-gtk-4.0 gir1.2-harfbuzz-0.0 gir1.2-javascriptcoregtk-4.1
#9 2.496   gir1.2-json-1.0 gir1.2-pango-1.0 gir1.2-polkit-1.0 gir1.2-soup-3.0
#9 2.496   gir1.2-webkit2-4.1 glib-networking glib-networking-common
#9 2.496   glib-networking-services gobject-introspection gsettings-desktop-schemas
#9 2.496   gstreamer1.0-plugins-base gstreamer1.0-plugins-good gtk-update-icon-cache
#9 2.496   hunspell-en-us iso-codes libaa1 libabsl20220623 libadwaita-1-0
#9 2.496   libadwaita-1-dev libapparmor1 libasound2 libasound2-data libaspell15
#9 2.496   libasyncns0 libatk-bridge2.0-0 libatk-bridge2.0-dev libatk1.0-0
#9 2.496   libatk1.0-dev libatspi2.0-0 libatspi2.0-dev libavahi-client3
#9 2.496   libavahi-common-data libavahi-common3 libavc1394-0 libavif15
#9 2.496   libayatana-appindicator3-1 libayatana-appindicator3-dev
#9 2.496   libayatana-ido3-0.4-0 libayatana-ido3-dev libayatana-indicator3-7
#9 2.496   libayatana-indicator3-dev libcaca0 libcap2-bin libcdparanoia0
#9 2.496   libclang-14-dev libclang-common-14-dev libclang-dev libclang1-14
#9 2.496   libcloudproviders0 libcolord2 libcups2 libdatrie-dev libdbus-1-3
#9 2.496   libdbus-1-dev libdbusmenu-glib-dev libdbusmenu-glib4 libdbusmenu-gtk3-4
#9 2.496   libdconf1 libdrm-amdgpu1 libdrm-common libdrm-nouveau2 libdrm-radeon1
#9 2.496   libdrm2 libdv4 libdw1 libegl-dev libegl-mesa0 libegl1 libegl1-mesa-dev
#9 2.496   libenchant-2-2 libepoxy-dev libepoxy0 libevdev2 libexo-2-0 libexo-common
#9 2.496   libflac12 libflite1 libfontenc1 libfribidi-dev libgarcon-1-0
#9 2.496   libgarcon-common libgarcon-gtk3-1-0 libgav1-1 libgbm-dev libgbm1 libgc1
#9 2.496   libgif7 libgirepository1.0-dev libgl-dev libgl1 libgl1-mesa-dri
#9 2.496   libglapi-mesa libgles-dev libgles1 libgles2 libglvnd-core-dev libglvnd-dev
#9 2.496   libglvnd0 libglx-dev libglx-mesa0 libglx0 libgpm2 libgraphene-1.0-0
#9 2.496   libgraphene-1.0-dev libgraphite2-dev libgs-common libgs10 libgs10-common
#9 2.496   libgstreamer-gl1.0-0 libgstreamer-plugins-base1.0-0 libgstreamer1.0-0
#9 2.496   libgtk-3-0 libgtk-3-common libgtk-3-dev libgtk-4-1 libgtk-4-common
#9 2.496   libgtk-4-dev libgtk2.0-0 libgtk2.0-common libgtk2.0-dev libgudev-1.0-0
#9 2.496   libharfbuzz-dev libharfbuzz-gobject0 libharfbuzz-icu0 libharfbuzz-subset0
#9 2.496   libhunspell-1.7-0 libhwy1 libhyphen0 libid3tag0 libidn12 libiec61883-0
#9 2.496   libijs-0.35 libimagequant0 libimlib2 libjack-jackd2-0
#9 2.496   libjavascriptcoregtk-4.1-0 libjavascriptcoregtk-4.1-dev libjbig2dec0
#9 2.496   libjson-glib-1.0-0 libjson-glib-1.0-common libjson-glib-dev libjxl0.7
#9 2.496   libllvm14 libllvm15 libmanette-0.2-0 libmp3lame0 libmpg123-0 libnghttp2-dev
#9 2.496   libobjc-12-dev libobjc4 libobrender32v5 libobt2v5 libogg0 libopengl-dev
#9 2.496   libopengl0 libopus0 liborc-0.4-0 libpango1.0-dev libpangoxft-1.0-0 libpaper1
#9 2.496   libpipewire-0.3-0 libpipewire-0.3-dev libpolkit-agent-1-0
#9 2.496   libpolkit-gobject-1-0 libpolkit-gobject-1-dev libproxy1v5 libpsl-dev
#9 2.496   libpulse0 libraqm0 librav1e0 libraw1394-11 libsamplerate0 libsecret-1-0
#9 2.496   libsecret-common libsensors-config libsensors5 libshout3 libslang2
#9 2.496   libsndfile1 libsoup-3.0-0 libsoup-3.0-common libsoup-3.0-dev libsoup2.4-1
#9 2.496   libsoup2.4-common libspa-0.2-dev libspa-0.2-modules libspectre1 libspeex1
#9 2.496   libstartup-notification0 libsvtav1enc1 libsysprof-4 libsysprof-4-dev
#9 2.496   libsysprof-ui-5 libtag1v5 libtag1v5-vanilla libtext-iconv-perl libthai-dev
#9 2.496   libtheora0 libtwolame0 libunwind8 libv4l-0 libv4lconvert0 libvisual-0.4-0
#9 2.496   libvorbis0a libvorbisenc2 libvpx7 libvulkan-dev libvulkan1 libwavpack1
#9 2.496   libwayland-bin libwayland-client0 libwayland-cursor0 libwayland-dev
#9 2.496   libwayland-egl1 libwayland-server0 libwebkit2gtk-4.1-0 libwebkit2gtk-4.1-dev
#9 2.496   libwebrtc-audio-processing1 libwnck-3-0 libwnck-3-common libwoff1
#9 2.496   libx11-xcb1 libxaw7 libxcb-dri2-0 libxcb-dri3-0 libxcb-glx0 libxcb-present0
#9 2.496   libxcb-randr0 libxcb-shape0 libxcb-sync1 libxcb-util1 libxcb-xfixes0
#9 2.496   libxcomposite-dev libxcomposite1 libxcursor-dev libxcursor1 libxdamage-dev
#9 2.496   libxdamage1 libxdo-dev libxdo3 libxfce4panel-2.0-4 libxfce4ui-2-0
#9 2.496   libxfce4ui-common libxfce4util-common libxfce4util7 libxfconf-0-3
#9 2.496   libxfixes-dev libxfixes3 libxfont2 libxft-dev libxft2 libxi-dev libxi6
#9 2.496   libxinerama-dev libxinerama1 libxkbcommon-dev libxkbcommon0 libxkbfile1
#9 2.496   libxml2-utils libxmu6 libxmuu1 libxpm4 libxrandr-dev libxrandr2 libxres1
#9 2.496   libxshmfence1 libxtst-dev libxtst6 libxv1 libxxf86dga1 libxxf86vm1 libyuv0
#9 2.496   libz3-4 mailcap mime-support openbox pango1.0-tools patchelf poppler-data
#9 2.496   python3-cairo python3-gi python3-gi-cairo python3-mako python3-markdown
#9 2.496   python3-markupsafe python3-pil python3-pkg-resources scrot sgml-base
#9 2.496   wayland-protocols wmctrl x11-utils x11-xkb-utils x11-xserver-utils xauth
#9 2.496   xclip xcompmgr xdg-dbus-proxy xdotool xfce4-panel xfconf xfonts-encodings
#9 2.496   xfonts-utils xkb-data xml-core xserver-common xvfb
#9 2.496 The following packages will be upgraded:
#9 2.497   ca-certificates libcap2 libgraphite2-3 libnghttp2-14 libssl-dev libssl3
#9 2.497   libxml2 libxml2-dev openssl
#9 2.524 9 upgraded, 334 newly installed, 0 to remove and 102 not upgraded.
#9 2.524 Need to get 222 MB of archives.
#9 2.524 After this operation, 1162 MB of additional disk space will be used.
#9 2.524 Get:1 http://deb.debian.org/debian bookworm/main arm64 poppler-data all 0.4.12-1 [1601 kB]
#9 2.593 Get:2 http://deb.debian.org/debian bookworm/main arm64 sgml-base all 1.31 [15.4 kB]
#9 2.594 Get:3 http://deb.debian.org/debian bookworm/main arm64 libcap2 arm64 1:2.66-4+deb12u3+b1 [27.1 kB]
#9 2.594 Get:4 http://deb.debian.org/debian-security bookworm-security/main arm64 libssl-dev arm64 3.0.22-1~deb12u1 [2318 kB]
#9 2.647 Get:5 http://deb.debian.org/debian-security bookworm-security/main arm64 libssl3 arm64 3.0.22-1~deb12u1 [1828 kB]
#9 2.710 Get:6 http://deb.debian.org/debian-security bookworm-security/main arm64 openssl arm64 3.0.22-1~deb12u1 [1410 kB]
#9 2.722 Get:7 http://deb.debian.org/debian-security bookworm-security/main arm64 ca-certificates all 20250419~deb12u1 [162 kB]
#9 2.722 Get:8 http://deb.debian.org/debian bookworm/main arm64 mailcap all 3.70+nmu1 [32.0 kB]
#9 2.723 Get:9 http://deb.debian.org/debian bookworm/main arm64 mime-support all 3.66 [10.9 kB]
#9 2.724 Get:10 http://deb.debian.org/debian bookworm/main arm64 gtk-update-icon-cache arm64 3.24.38-2~deb12u3 [43.6 kB]
#9 2.729 Get:11 http://deb.debian.org/debian bookworm/main arm64 adwaita-icon-theme all 43-1 [5124 kB]
#9 2.840 Get:12 http://deb.debian.org/debian bookworm/main arm64 at-spi2-common all 2.46.0-5 [162 kB]
#9 2.853 Get:13 http://deb.debian.org/debian bookworm/main arm64 libdbus-1-3 arm64 1.14.10-1~deb12u1 [193 kB]
#9 2.856 Get:14 http://deb.debian.org/debian bookworm/main arm64 libxi6 arm64 2:1.8-1+b1 [82.3 kB]
#9 2.858 Get:15 http://deb.debian.org/debian bookworm/main arm64 libatspi2.0-0 arm64 2.46.0-5 [71.0 kB]
#9 2.859 Get:16 http://deb.debian.org/debian bookworm/main arm64 libxtst6 arm64 2:1.2.3-1.1 [27.8 kB]
#9 2.868 Get:17 http://deb.debian.org/debian bookworm/main arm64 dbus-bin arm64 1.14.10-1~deb12u1 [104 kB]
#9 2.870 Get:18 http://deb.debian.org/debian bookworm/main arm64 dbus-session-bus-common all 1.14.10-1~deb12u1 [78.2 kB]
#9 2.871 Get:19 http://deb.debian.org/debian bookworm/main arm64 libapparmor1 arm64 3.0.8-3 [40.3 kB]
#9 2.881 Get:20 http://deb.debian.org/debian bookworm/main arm64 dbus-daemon arm64 1.14.10-1~deb12u1 [176 kB]
#9 2.884 Get:21 http://deb.debian.org/debian bookworm/main arm64 dbus-x11 arm64 1.14.10-1~deb12u1 [90.6 kB]
#9 2.885 Get:22 http://deb.debian.org/debian bookworm/main arm64 libdconf1 arm64 0.40.0-4 [39.2 kB]
#9 2.886 Get:23 http://deb.debian.org/debian bookworm/main arm64 dconf-service arm64 0.40.0-4 [30.0 kB]
#9 2.889 Get:24 http://deb.debian.org/debian bookworm/main arm64 dconf-gsettings-backend arm64 0.40.0-4 [26.3 kB]
#9 2.897 Get:25 http://deb.debian.org/debian bookworm/main arm64 gsettings-desktop-schemas all 43.0-1 [643 kB]
#9 2.910 Get:26 http://deb.debian.org/debian bookworm/main arm64 at-spi2-core arm64 2.46.0-5 [56.0 kB]
#9 2.911 Get:27 http://deb.debian.org/debian bookworm/main arm64 bubblewrap arm64 0.8.0-2+deb12u1 [45.2 kB]
#9 2.911 Get:28 http://deb.debian.org/debian bookworm/main arm64 build-essential arm64 12.9 [7704 B]
#9 2.911 Get:29 http://deb.debian.org/debian bookworm/main arm64 libtext-iconv-perl arm64 1.7-8 [14.2 kB]
#9 2.911 Get:30 http://deb.debian.org/debian bookworm/main arm64 emacsen-common all 3.0.5 [12.3 kB]
#9 2.919 Get:31 http://deb.debian.org/debian bookworm/main arm64 dictionaries-common all 1.29.5 [184 kB]
#9 2.922 Get:32 http://deb.debian.org/debian bookworm/main arm64 libexo-common all 4.18.0-1 [28.6 kB]
#9 2.922 Get:33 http://deb.debian.org/debian bookworm/main arm64 libatk1.0-0 arm64 2.46.0-5 [47.4 kB]
#9 2.923 Get:34 http://deb.debian.org/debian bookworm/main arm64 libatk-bridge2.0-0 arm64 2.46.0-5 [61.4 kB]
#9 2.933 Get:35 http://deb.debian.org/debian bookworm/main arm64 libcolord2 arm64 1.4.6-2.2 [126 kB]
#9 2.944 Get:36 http://deb.debian.org/debian bookworm/main arm64 libavahi-common-data arm64 0.8-10+deb12u1 [107 kB]
#9 2.947 Get:37 http://deb.debian.org/debian bookworm/main arm64 libavahi-common3 arm64 0.8-10+deb12u1 [41.2 kB]
#9 2.947 Get:38 http://deb.debian.org/debian bookworm/main arm64 libavahi-client3 arm64 0.8-10+deb12u1 [44.3 kB]
#9 2.961 Get:39 http://deb.debian.org/debian bookworm/main arm64 libcups2 arm64 2.4.2-3+deb12u9 [230 kB]
#9 2.981 Get:40 http://deb.debian.org/debian bookworm/main arm64 libepoxy0 arm64 1.5.10-1 [198 kB]
#9 2.984 Get:41 http://deb.debian.org/debian bookworm/main arm64 libwayland-client0 arm64 1.21.0-1 [27.6 kB]
#9 2.984 Get:42 http://deb.debian.org/debian bookworm/main arm64 libwayland-cursor0 arm64 1.21.0-1 [14.1 kB]
#9 2.984 Get:43 http://deb.debian.org/debian bookworm/main arm64 libwayland-egl1 arm64 1.21.0-1 [8696 B]
#9 2.984 Get:44 http://deb.debian.org/debian bookworm/main arm64 libxcomposite1 arm64 1:0.4.5-1 [16.6 kB]
#9 2.984 Get:45 http://deb.debian.org/debian bookworm/main arm64 libxfixes3 arm64 1:6.0.0-2 [22.9 kB]
#9 2.985 Get:46 http://deb.debian.org/debian bookworm/main arm64 libxcursor1 arm64 1:1.2.1-1 [40.2 kB]
#9 2.985 Get:47 http://deb.debian.org/debian bookworm/main arm64 libxdamage1 arm64 1:1.1.6-1 [15.2 kB]
#9 2.987 Get:48 http://deb.debian.org/debian bookworm/main arm64 libxinerama1 arm64 2:1.1.4-3 [17.8 kB]
#9 2.996 Get:49 http://deb.debian.org/debian bookworm/main arm64 xkb-data all 2.35.1-1 [764 kB]
#9 3.021 Get:50 http://deb.debian.org/debian bookworm/main arm64 libxkbcommon0 arm64 1.5.0-1 [100 kB]
#9 3.023 Get:51 http://deb.debian.org/debian bookworm/main arm64 libxrandr2 arm64 2:1.5.2-2+b1 [38.4 kB]
#9 3.031 Get:52 http://deb.debian.org/debian bookworm/main arm64 libgtk-3-common all 3.24.38-2~deb12u3 [3895 kB]
#9 3.121 Get:53 http://deb.debian.org/debian bookworm/main arm64 libgtk-3-0 arm64 3.24.38-2~deb12u3 [2620 kB]
#9 3.171 Get:54 http://deb.debian.org/debian bookworm/main arm64 libxfce4util-common all 4.18.1-2 [66.0 kB]
#9 3.171 Get:55 http://deb.debian.org/debian bookworm/main arm64 libxfce4util7 arm64 4.18.1-2 [35.4 kB]
#9 3.182 Get:56 http://deb.debian.org/debian bookworm/main arm64 libexo-2-0 arm64 4.18.0-1 [241 kB]
#9 3.194 Get:57 http://deb.debian.org/debian bookworm/main arm64 libxfce4ui-common all 4.18.2-2 [221 kB]
#9 3.207 Get:58 http://deb.debian.org/debian bookworm/main arm64 libx11-xcb1 arm64 2:1.8.4-2+deb12u2 [192 kB]
#9 3.210 Get:59 http://deb.debian.org/debian bookworm/main arm64 libxcb-util1 arm64 0.4.0-1+b1 [23.2 kB]
#9 3.211 Get:60 http://deb.debian.org/debian bookworm/main arm64 libstartup-notification0 arm64 0.12-6+b1 [22.5 kB]
#9 3.220 Get:61 http://deb.debian.org/debian bookworm/main arm64 xfconf arm64 4.18.0-2 [124 kB]
#9 3.222 Get:62 http://deb.debian.org/debian bookworm/main arm64 libxfconf-0-3 arm64 4.18.0-2 [42.5 kB]
#9 3.225 Get:63 http://deb.debian.org/debian bookworm/main arm64 libxfce4ui-2-0 arm64 4.18.2-2 [68.0 kB]
#9 3.226 Get:64 http://deb.debian.org/debian bookworm/main arm64 exo-utils arm64 4.18.0-1 [56.1 kB]
#9 3.227 Get:65 http://deb.debian.org/debian bookworm/main arm64 libfontenc1 arm64 1:1.1.4-1 [23.6 kB]
#9 3.236 Get:66 http://deb.debian.org/debian bookworm/main arm64 xfonts-encodings all 1:1.0.4-2.2 [577 kB]
#9 3.246 Get:67 http://deb.debian.org/debian bookworm/main arm64 xfonts-utils arm64 1:7.7+6 [85.6 kB]
#9 3.259 Get:68 http://deb.debian.org/debian bookworm/main arm64 fonts-urw-base35 all 20200910-7 [10.8 MB]
#9 3.539 Get:69 http://deb.debian.org/debian bookworm/main arm64 libgraphene-1.0-0 arm64 1.10.8-1 [40.3 kB]
#9 3.539 Get:70 http://deb.debian.org/debian bookworm/main arm64 gir1.2-graphene-1.0 arm64 1.10.8-1 [12.3 kB]
#9 3.548 Get:71 http://deb.debian.org/debian bookworm/main arm64 gir1.2-harfbuzz-0.0 arm64 6.0.0+dfsg-3 [1579 kB]
#9 3.585 Get:72 http://deb.debian.org/debian bookworm/main arm64 libxft2 arm64 2.3.6-1 [58.7 kB]
#9 3.585 Get:73 http://deb.debian.org/debian bookworm/main arm64 libpangoxft-1.0-0 arm64 1.50.12+ds-1 [25.9 kB]
#9 3.586 Get:74 http://deb.debian.org/debian bookworm/main arm64 gir1.2-pango-1.0 arm64 1.50.12+ds-1 [37.4 kB]
#9 3.586 Get:75 http://deb.debian.org/debian bookworm/main arm64 libcloudproviders0 arm64 0.3.1-2 [25.9 kB]
#9 3.597 Get:76 http://deb.debian.org/debian bookworm/main arm64 libgtk-4-common all 4.8.3+ds-2+deb12u1 [1854 kB]
#9 3.644 Get:77 http://deb.debian.org/debian bookworm/main arm64 libgtk-4-1 arm64 4.8.3+ds-2+deb12u1 [2517 kB]
#9 3.727 Get:78 http://deb.debian.org/debian bookworm/main arm64 gir1.2-gtk-4.0 arm64 4.8.3+ds-2+deb12u1 [191 kB]
#9 3.739 Get:79 http://deb.debian.org/debian bookworm/main arm64 libadwaita-1-0 arm64 1.2.2-1 [282 kB]
#9 3.743 Get:80 http://deb.debian.org/debian bookworm/main arm64 gir1.2-adw-1 arm64 1.2.2-1 [29.6 kB]
#9 3.743 Get:81 http://deb.debian.org/debian bookworm/main arm64 gir1.2-atk-1.0 arm64 2.46.0-5 [23.6 kB]
#9 3.743 Get:82 http://deb.debian.org/debian bookworm/main arm64 gir1.2-atspi-2.0 arm64 2.46.0-5 [20.7 kB]
#9 3.756 Get:83 http://deb.debian.org/debian bookworm/main arm64 gir1.2-gtk-3.0 arm64 3.24.38-2~deb12u3 [220 kB]
#9 3.759 Get:84 http://deb.debian.org/debian bookworm/main arm64 libayatana-ido3-0.4-0 arm64 0.9.3-1 [51.6 kB]
#9 3.759 Get:85 http://deb.debian.org/debian bookworm/main arm64 libayatana-indicator3-7 arm64 0.9.3-1 [31.0 kB]
#9 3.760 Get:86 http://deb.debian.org/debian bookworm/main arm64 libdbusmenu-glib4 arm64 18.10.20180917~bzr492+repack1-3 [38.7 kB]
#9 3.760 Get:87 http://deb.debian.org/debian bookworm/main arm64 libdbusmenu-gtk3-4 arm64 18.10.20180917~bzr492+repack1-3 [26.5 kB]
#9 3.761 Get:88 http://deb.debian.org/debian bookworm/main arm64 libayatana-appindicator3-1 arm64 0.5.92-1 [23.6 kB]
#9 3.763 Get:89 http://deb.debian.org/debian bookworm/main arm64 gir1.2-ayatanaappindicator3-0.1 arm64 0.5.92-1 [9032 B]
#9 3.763 Get:90 http://deb.debian.org/debian bookworm/main arm64 gir1.2-ayatanaido3-0.4 arm64 0.9.3-1 [9120 B]
#9 3.764 Get:91 http://deb.debian.org/debian bookworm/main arm64 gir1.2-dbusmenu-glib-0.4 arm64 18.10.20180917~bzr492+repack1-3 [7632 B]
#9 3.773 Get:92 http://deb.debian.org/debian bookworm/main arm64 libgtk2.0-common all 2.24.33-2+deb12u1 [2660 kB]
#9 3.855 Get:93 http://deb.debian.org/debian bookworm/main arm64 libgtk2.0-0 arm64 2.24.33-2+deb12u1 [1665 kB]
#9 3.906 Get:94 http://deb.debian.org/debian bookworm/main arm64 gir1.2-gtk-2.0 arm64 2.24.33-2+deb12u1 [179 kB]
#9 3.918 Get:95 http://deb.debian.org/debian bookworm/main arm64 libjavascriptcoregtk-4.1-0 arm64 2.50.6-1~deb12u2 [6244 kB]
#9 4.060 Get:96 http://deb.debian.org/debian bookworm/main arm64 gir1.2-javascriptcoregtk-4.1 arm64 2.50.6-1~deb12u2 [52.6 kB]
#9 4.061 Get:97 http://deb.debian.org/debian bookworm/main arm64 libjson-glib-1.0-common all 1.6.6-1 [57.1 kB]
#9 4.061 Get:98 http://deb.debian.org/debian bookworm/main arm64 libjson-glib-1.0-0 arm64 1.6.6-1 [60.1 kB]
#9 4.062 Get:99 http://deb.debian.org/debian bookworm/main arm64 gir1.2-json-1.0 arm64 1.6.6-1 [13.4 kB]
#9 4.063 Get:100 http://deb.debian.org/debian bookworm/main arm64 libpolkit-gobject-1-0 arm64 122-3 [42.7 kB]
#9 4.063 Get:101 http://deb.debian.org/debian bookworm/main arm64 libpolkit-agent-1-0 arm64 122-3 [23.6 kB]
#9 4.064 Get:102 http://deb.debian.org/debian bookworm/main arm64 gir1.2-polkit-1.0 arm64 122-3 [16.3 kB]
#9 4.064 Get:103 http://deb.debian.org/debian bookworm/main arm64 libproxy1v5 arm64 0.4.18-1.2 [50.9 kB]
#9 4.065 Get:104 http://deb.debian.org/debian bookworm/main arm64 glib-networking-common all 2.74.0-4 [80.3 kB]
#9 4.071 Get:105 http://deb.debian.org/debian bookworm/main arm64 glib-networking-services arm64 2.74.0-4 [11.8 kB]
#9 4.073 Get:106 http://deb.debian.org/debian bookworm/main arm64 glib-networking arm64 2.74.0-4 [64.3 kB]
#9 4.075 Get:107 http://deb.debian.org/debian bookworm/main arm64 libsoup-3.0-common all 3.2.3-0+deb12u2 [62.5 kB]
#9 4.076 Get:108 http://deb.debian.org/debian bookworm/main arm64 libnghttp2-14 arm64 1.52.0-1+deb12u3 [69.0 kB]
#9 4.085 Get:109 http://deb.debian.org/debian bookworm/main arm64 libsoup-3.0-0 arm64 3.2.3-0+deb12u2 [255 kB]
#9 4.091 Get:110 http://deb.debian.org/debian bookworm/main arm64 gir1.2-soup-3.0 arm64 3.2.3-0+deb12u2 [27.7 kB]
#9 4.093 Get:111 http://deb.debian.org/debian bookworm/main arm64 libcdparanoia0 arm64 3.10.2+debian-14 [45.7 kB]
#9 4.103 Get:112 http://deb.debian.org/debian bookworm/main arm64 libdw1 arm64 0.188-2.1 [219 kB]
#9 4.107 Get:113 http://deb.debian.org/debian bookworm/main arm64 libunwind8 arm64 1.6.2-3 [47.4 kB]
#9 4.108 Get:114 http://deb.debian.org/debian bookworm/main arm64 libcap2-bin arm64 1:2.66-4+deb12u3+b1 [34.5 kB]
#9 4.117 Get:115 http://deb.debian.org/debian bookworm/main arm64 libgstreamer1.0-0 arm64 1.22.0-2+deb12u1 [1065 kB]
#9 4.150 Get:116 http://deb.debian.org/debian bookworm/main arm64 liborc-0.4-0 arm64 1:0.4.33-2 [148 kB]
#9 4.161 Get:117 http://deb.debian.org/debian bookworm/main arm64 iso-codes all 4.15.0-1 [2906 kB]
#9 4.234 Get:118 http://deb.debian.org/debian-security bookworm-security/main arm64 libgstreamer-plugins-base1.0-0 arm64 1.22.0-3+deb12u7 [841 kB]
#9 4.250 Get:119 http://deb.debian.org/debian bookworm/main arm64 libogg0 arm64 1.3.5-3 [23.0 kB]
#9 4.250 Get:120 http://deb.debian.org/debian bookworm/main arm64 libopus0 arm64 1.3.1-3 [176 kB]
#9 4.261 Get:121 http://deb.debian.org/debian bookworm/main arm64 libtheora0 arm64 1.1.1+dfsg.1-16.1+deb12u1 [144 kB]
#9 4.272 Get:122 http://deb.debian.org/debian bookworm/main arm64 libvisual-0.4-0 arm64 0.4.0-19 [123 kB]
#9 4.273 Get:123 http://deb.debian.org/debian bookworm/main arm64 libvorbis0a arm64 1.3.7-1 [86.2 kB]
#9 4.275 Get:124 http://deb.debian.org/debian bookworm/main arm64 libvorbisenc2 arm64 1.3.7-1 [80.4 kB]
#9 4.285 Get:125 http://deb.debian.org/debian-security bookworm-security/main arm64 gstreamer1.0-plugins-base arm64 1.22.0-3+deb12u7 [642 kB]
#9 4.299 Get:126 http://deb.debian.org/debian bookworm/main arm64 libgpm2 arm64 1.20.7-10+b1 [14.4 kB]
#9 4.299 Get:127 http://deb.debian.org/debian bookworm/main arm64 libslang2 arm64 2.3.3-3 [502 kB]
#9 4.313 Get:128 http://deb.debian.org/debian bookworm/main arm64 libaa1 arm64 1.4p5-50 [53.9 kB]
#9 4.313 Get:129 http://deb.debian.org/debian bookworm/main arm64 libraw1394-11 arm64 2.1.2-2 [40.3 kB]
#9 4.314 Get:130 http://deb.debian.org/debian bookworm/main arm64 libavc1394-0 arm64 0.5.4-5 [18.4 kB]
#9 4.323 Get:131 http://deb.debian.org/debian bookworm/main arm64 libcaca0 arm64 0.99.beta20-3+deb12u1 [196 kB]
#9 4.326 Get:132 http://deb.debian.org/debian bookworm/main arm64 libdv4 arm64 1.0.0-15 [69.7 kB]
#9 4.336 Get:133 http://deb.debian.org/debian bookworm/main arm64 libflac12 arm64 1.4.2+ds-2 [161 kB]
#9 4.338 Get:134 http://deb.debian.org/debian bookworm/main arm64 libgudev-1.0-0 arm64 237-2 [14.3 kB]
#9 4.338 Get:135 http://deb.debian.org/debian bookworm/main arm64 libiec61883-0 arm64 1.2.0-6+b1 [29.0 kB]
#9 4.347 Get:136 http://deb.debian.org/debian bookworm/main arm64 libsamplerate0 arm64 0.2.2-3 [945 kB]
#9 4.377 Get:137 http://deb.debian.org/debian bookworm/main arm64 libjack-jackd2-0 arm64 1.9.21~dfsg-3 [261 kB]
#9 4.390 Get:138 http://deb.debian.org/debian bookworm/main arm64 libmp3lame0 arm64 3.100-6 [357 kB]
#9 4.406 Get:139 http://deb.debian.org/debian bookworm/main arm64 libmpg123-0 arm64 1.31.2-1+deb12u1 [141 kB]
#9 4.409 Get:140 http://deb.debian.org/debian bookworm/main arm64 libasyncns0 arm64 0.8-6+b3 [12.5 kB]
#9 4.417 Get:141 http://deb.debian.org/debian bookworm/main arm64 libsndfile1 arm64 1.2.0-1+deb12u1 [183 kB]
#9 4.428 Get:142 http://deb.debian.org/debian bookworm/main arm64 libpulse0 arm64 16.1+dfsg1-2+b1 [231 kB]
#9 4.433 Get:143 http://deb.debian.org/debian bookworm/main arm64 libspeex1 arm64 1.2.1-2 [48.3 kB]
#9 4.434 Get:144 http://deb.debian.org/debian bookworm/main arm64 libshout3 arm64 2.4.6-1+b1 [54.0 kB]
#9 4.443 Get:145 http://deb.debian.org/debian bookworm/main arm64 libtag1v5-vanilla arm64 1.13-2+deb12u1 [268 kB]
#9 4.448 Get:146 http://deb.debian.org/debian bookworm/main arm64 libtag1v5 arm64 1.13-2+deb12u1 [18.8 kB]
#9 4.448 Get:147 http://deb.debian.org/debian bookworm/main arm64 libtwolame0 arm64 0.4.0-2 [48.5 kB]
#9 4.457 Get:148 http://deb.debian.org/debian bookworm/main arm64 libv4lconvert0 arm64 1.22.1-5+b2 [141 kB]
#9 4.468 Get:149 http://deb.debian.org/debian bookworm/main arm64 libv4l-0 arm64 1.22.1-5+b2 [107 kB]
#9 4.478 Get:150 http://deb.debian.org/debian bookworm/main arm64 libvpx7 arm64 1.12.0-1+deb12u5 [892 kB]
#9 4.492 Get:151 http://deb.debian.org/debian bookworm/main arm64 libwavpack1 arm64 5.6.0-1 [76.7 kB]
#9 4.506 Get:152 http://deb.debian.org/debian bookworm/main arm64 libxml2-dev arm64 2.9.14+dfsg-1.3~deb12u6 [741 kB]
#9 4.528 Get:153 http://deb.debian.org/debian bookworm/main arm64 libxml2 arm64 2.9.14+dfsg-1.3~deb12u6 [620 kB]
#9 4.539 Get:154 http://deb.debian.org/debian bookworm/main arm64 libsoup2.4-common all 2.74.3-1+deb12u1 [56.2 kB]
#9 4.548 Get:155 http://deb.debian.org/debian bookworm/main arm64 libsoup2.4-1 arm64 2.74.3-1+deb12u1 [252 kB]
#9 4.564 Get:156 http://deb.debian.org/debian bookworm/main arm64 gstreamer1.0-plugins-good arm64 1.22.0-5+deb12u3 [1948 kB]
#9 4.610 Get:157 http://deb.debian.org/debian bookworm/main arm64 libglvnd0 arm64 1.6.0-1 [41.4 kB]
#9 4.610 Get:158 http://deb.debian.org/debian bookworm/main arm64 libgles2 arm64 1.6.0-1 [17.5 kB]
#9 4.610 Get:159 http://deb.debian.org/debian bookworm/main arm64 xdg-dbus-proxy arm64 0.1.4-3+deb12u1 [22.4 kB]
#9 4.616 Get:160 http://deb.debian.org/debian bookworm/main arm64 libabsl20220623 arm64 20220623.1-1+deb12u2 [363 kB]
#9 4.633 Get:161 http://deb.debian.org/debian bookworm/main arm64 libgav1-1 arm64 0.18.0-1+b1 [425 kB]
#9 4.648 Get:162 http://deb.debian.org/debian bookworm/main arm64 librav1e0 arm64 0.5.1-6 [552 kB]
#9 4.669 Get:163 http://deb.debian.org/debian bookworm/main arm64 libsvtav1enc1 arm64 1.4.1+dfsg-1 [1074 kB]
#9 4.699 Get:164 http://deb.debian.org/debian bookworm/main arm64 libyuv0 arm64 0.0~git20230123.b2528b0-1 [122 kB]
#9 4.702 Get:165 http://deb.debian.org/debian bookworm/main arm64 libavif15 arm64 0.11.1-1+deb12u1 [88.4 kB]
#9 4.704 Get:166 http://deb.debian.org/debian bookworm/main arm64 libdrm-common all 2.4.114-1 [7112 B]
#9 4.704 Get:167 http://deb.debian.org/debian bookworm/main arm64 libdrm2 arm64 2.4.114-1+b1 [36.7 kB]
#9 4.714 Get:168 http://deb.debian.org/debian bookworm/main arm64 hunspell-en-us all 1:2020.12.07-2 [269 kB]
#9 4.728 Get:169 http://deb.debian.org/debian bookworm/main arm64 libaspell15 arm64 0.60.8-4+b1 [317 kB]
#9 4.741 Get:170 http://deb.debian.org/debian bookworm/main arm64 libhunspell-1.7-0 arm64 1.7.1-1 [178 kB]
#9 4.746 Get:171 http://deb.debian.org/debian bookworm/main arm64 libenchant-2-2 arm64 2.3.3-2 [44.5 kB]
#9 4.747 Get:172 http://deb.debian.org/debian bookworm/main arm64 libasound2-data all 1.2.8-1 [20.5 kB]
#9 4.753 Get:173 http://deb.debian.org/debian bookworm/main arm64 libasound2 arm64 1.2.8-1+b1 [327 kB]
#9 4.770 Get:174 http://deb.debian.org/debian bookworm/main arm64 libflite1 arm64 2.2-5 [12.8 MB]
#9 5.045 Get:175 http://deb.debian.org/debian bookworm/main arm64 libwayland-server0 arm64 1.21.0-1 [34.9 kB]
#9 5.045 Get:176 http://deb.debian.org/debian bookworm/main arm64 libgbm1 arm64 22.3.6-1+deb12u2 [37.1 kB]
#9 5.045 Get:177 http://deb.debian.org/debian bookworm/main arm64 libglapi-mesa arm64 22.3.6-1+deb12u2 [45.1 kB]
#9 5.051 Get:178 http://deb.debian.org/debian bookworm/main arm64 libxcb-dri2-0 arm64 1.15-1 [107 kB]
#9 5.062 Get:179 http://deb.debian.org/debian bookworm/main arm64 libxcb-dri3-0 arm64 1.15-1 [107 kB]
#9 5.064 Get:180 http://deb.debian.org/debian bookworm/main arm64 libxcb-present0 arm64 1.15-1 [106 kB]
#9 5.065 Get:181 http://deb.debian.org/debian bookworm/main arm64 libxcb-randr0 arm64 1.15-1 [117 kB]
#9 5.078 Get:182 http://deb.debian.org/debian bookworm/main arm64 libxcb-sync1 arm64 1.15-1 [109 kB]
#9 5.079 Get:183 http://deb.debian.org/debian bookworm/main arm64 libxcb-xfixes0 arm64 1.15-1 [110 kB]
#9 5.082 Get:184 http://deb.debian.org/debian bookworm/main arm64 libxshmfence1 arm64 1.3-1 [8712 B]
#9 5.095 Get:185 http://deb.debian.org/debian bookworm/main arm64 libegl-mesa0 arm64 22.3.6-1+deb12u2 [107 kB]
#9 5.096 Get:186 http://deb.debian.org/debian bookworm/main arm64 libegl1 arm64 1.6.0-1 [33.1 kB]
#9 5.106 Get:187 http://deb.debian.org/debian bookworm/main arm64 libxcb-glx0 arm64 1.15-1 [123 kB]
#9 5.108 Get:188 http://deb.debian.org/debian bookworm/main arm64 libxxf86vm1 arm64 1:1.1.4-1+b2 [20.1 kB]
#9 5.108 Get:189 http://deb.debian.org/debian bookworm/main arm64 libdrm-amdgpu1 arm64 2.4.114-1+b1 [20.4 kB]
#9 5.110 Get:190 http://deb.debian.org/debian bookworm/main arm64 libdrm-nouveau2 arm64 2.4.114-1+b1 [18.4 kB]
#9 5.111 Get:191 http://deb.debian.org/debian bookworm/main arm64 libdrm-radeon1 arm64 2.4.114-1+b1 [20.9 kB]
#9 5.120 Get:192 http://deb.debian.org/debian bookworm/main arm64 libz3-4 arm64 4.8.12-3.1 [6282 kB]
#9 5.261 Get:193 http://deb.debian.org/debian bookworm/main arm64 libllvm15 arm64 1:15.0.6-4+b1 [20.7 MB]
#9 5.737 Get:194 http://deb.debian.org/debian bookworm/main arm64 libsensors-config all 1:3.6.0-7.1 [14.3 kB]
#9 5.737 Get:195 http://deb.debian.org/debian bookworm/main arm64 libsensors5 arm64 1:3.6.0-7.1 [33.3 kB]
#9 5.737 Get:196 http://deb.debian.org/debian bookworm/main arm64 libgl1-mesa-dri arm64 22.3.6-1+deb12u2 [6281 kB]
#9 5.892 Get:197 http://deb.debian.org/debian bookworm/main arm64 libglx-mesa0 arm64 22.3.6-1+deb12u2 [146 kB]
#9 5.894 Get:198 http://deb.debian.org/debian bookworm/main arm64 libglx0 arm64 1.6.0-1 [30.8 kB]
#9 5.895 Get:199 http://deb.debian.org/debian bookworm/main arm64 libgl1 arm64 1.6.0-1 [90.2 kB]
#9 5.905 Get:200 http://deb.debian.org/debian-security bookworm-security/main arm64 libgstreamer-gl1.0-0 arm64 1.22.0-3+deb12u7 [225 kB]
#9 5.917 Get:201 http://deb.debian.org/debian bookworm/main arm64 libharfbuzz-icu0 arm64 6.0.0+dfsg-3 [1557 kB]
#9 5.981 Get:202 http://deb.debian.org/debian bookworm/main arm64 libhyphen0 arm64 2.8.8-7 [31.6 kB]
#9 5.981 Get:203 http://deb.debian.org/debian bookworm/main arm64 libevdev2 arm64 1.13.0+dfsg-1 [32.0 kB]
#9 5.983 Get:204 http://deb.debian.org/debian bookworm/main arm64 libmanette-0.2-0 arm64 0.2.6-3+b1 [27.3 kB]
#9 5.983 Get:205 http://deb.debian.org/debian bookworm/main arm64 libsecret-common all 0.20.5-3 [28.5 kB]
#9 5.984 Get:206 http://deb.debian.org/debian bookworm/main arm64 libsecret-1-0 arm64 0.20.5-3 [107 kB]
#9 5.986 Get:207 http://deb.debian.org/debian bookworm/main arm64 libwoff1 arm64 1.0.2-2 [40.1 kB]
#9 5.987 Get:208 http://deb.debian.org/debian bookworm/main arm64 libwebkit2gtk-4.1-0 arm64 2.50.6-1~deb12u2 [20.9 MB]
#9 6.460 Get:209 http://deb.debian.org/debian bookworm/main arm64 gir1.2-webkit2-4.1 arm64 2.50.6-1~deb12u2 [109 kB]
#9 6.471 Get:210 http://deb.debian.org/debian bookworm/main arm64 python3-pkg-resources all 66.1.1-1+deb12u2 [297 kB]
#9 6.482 Get:211 http://deb.debian.org/debian bookworm/main arm64 python3-markupsafe arm64 2.1.2-1+b1 [13.3 kB]
#9 6.482 Get:212 http://deb.debian.org/debian bookworm/main arm64 python3-mako all 1.2.4+ds-1 [81.9 kB]
#9 6.483 Get:213 http://deb.debian.org/debian bookworm/main arm64 python3-markdown all 3.4.1-2+deb12u1 [65.3 kB]
#9 6.490 Get:214 http://deb.debian.org/debian bookworm/main arm64 gobject-introspection arm64 1.74.0-3 [301 kB]
#9 6.495 Get:215 http://deb.debian.org/debian bookworm/main arm64 libglx-dev arm64 1.6.0-1 [15.3 kB]
#9 6.495 Get:216 http://deb.debian.org/debian bookworm/main arm64 libgl-dev arm64 1.6.0-1 [100 kB]
#9 6.497 Get:217 http://deb.debian.org/debian bookworm/main arm64 libegl-dev arm64 1.6.0-1 [19.1 kB]
#9 6.498 Get:218 http://deb.debian.org/debian bookworm/main arm64 libglvnd-core-dev arm64 1.6.0-1 [12.9 kB]
#9 6.499 Get:219 http://deb.debian.org/debian bookworm/main arm64 libgles1 arm64 1.6.0-1 [12.1 kB]
#9 6.499 Get:220 http://deb.debian.org/debian bookworm/main arm64 libgles-dev arm64 1.6.0-1 [50.4 kB]
#9 6.500 Get:221 http://deb.debian.org/debian bookworm/main arm64 libopengl0 arm64 1.6.0-1 [31.7 kB]
#9 6.501 Get:222 http://deb.debian.org/debian bookworm/main arm64 libopengl-dev arm64 1.6.0-1 [4932 B]
#9 6.501 Get:223 http://deb.debian.org/debian bookworm/main arm64 libglvnd-dev arm64 1.6.0-1 [4696 B]
#9 6.508 Get:224 http://deb.debian.org/debian bookworm/main arm64 libegl1-mesa-dev arm64 22.3.6-1+deb12u2 [18.7 kB]
#9 6.516 Get:225 http://deb.debian.org/debian bookworm/main arm64 libepoxy-dev arm64 1.5.10-1 [128 kB]
#9 6.527 Get:226 http://deb.debian.org/debian bookworm/main arm64 libgirepository1.0-dev arm64 1.74.0-3 [875 kB]
#9 6.542 Get:227 http://deb.debian.org/debian bookworm/main arm64 libgraphene-1.0-dev arm64 1.10.8-1 [61.1 kB]
#9 6.543 Get:228 http://deb.debian.org/debian bookworm/main arm64 libfribidi-dev arm64 1.0.8-2.1 [105 kB]
#9 6.555 Get:229 http://deb.debian.org/debian bookworm/main arm64 libharfbuzz-gobject0 arm64 6.0.0+dfsg-3 [1571 kB]
#9 6.599 Get:230 http://deb.debian.org/debian bookworm/main arm64 libharfbuzz-subset0 arm64 6.0.0+dfsg-3 [1902 kB]
#9 6.641 Get:231 http://deb.debian.org/debian bookworm/main arm64 libgraphite2-3 arm64 1.3.14-1+deb12u1 [68.7 kB]
#9 6.642 Get:232 http://deb.debian.org/debian bookworm/main arm64 libgraphite2-dev arm64 1.3.14-1+deb12u1 [19.8 kB]
#9 6.650 Get:233 http://deb.debian.org/debian bookworm/main arm64 libharfbuzz-dev arm64 6.0.0+dfsg-3 [1668 kB]
#9 6.690 Get:234 http://deb.debian.org/debian bookworm/main arm64 libdatrie-dev arm64 0.2.13-2+b1 [18.1 kB]
#9 6.690 Get:235 http://deb.debian.org/debian bookworm/main arm64 libthai-dev arm64 0.1.29-1 [23.4 kB]
#9 6.691 Get:236 http://deb.debian.org/debian bookworm/main arm64 libxft-dev arm64 2.3.6-1 [79.1 kB]
#9 6.692 Get:237 http://deb.debian.org/debian bookworm/main arm64 pango1.0-tools arm64 1.50.12+ds-1 [39.2 kB]
#9 6.701 Get:238 http://deb.debian.org/debian bookworm/main arm64 libpango1.0-dev arm64 1.50.12+ds-1 [152 kB]
#9 6.703 Get:239 http://deb.debian.org/debian bookworm/main arm64 libwayland-bin arm64 1.21.0-1 [22.5 kB]
#9 6.703 Get:240 http://deb.debian.org/debian bookworm/main arm64 libwayland-dev arm64 1.21.0-1 [72.5 kB]
#9 6.705 Get:241 http://deb.debian.org/debian bookworm/main arm64 libxfixes-dev arm64 1:6.0.0-2 [25.2 kB]
#9 6.706 Get:242 http://deb.debian.org/debian bookworm/main arm64 libxcomposite-dev arm64 1:0.4.5-1 [20.2 kB]
#9 6.706 Get:243 http://deb.debian.org/debian bookworm/main arm64 libxcursor-dev arm64 1:1.2.1-1 [52.2 kB]
#9 6.708 Get:244 http://deb.debian.org/debian bookworm/main arm64 libxdamage-dev arm64 1:1.1.6-1 [15.1 kB]
#9 6.718 Get:245 http://deb.debian.org/debian bookworm/main arm64 libxi-dev arm64 2:1.8-1+b1 [244 kB]
#9 6.723 Get:246 http://deb.debian.org/debian bookworm/main arm64 libxinerama-dev arm64 2:1.1.4-3 [20.1 kB]
#9 6.723 Get:247 http://deb.debian.org/debian bookworm/main arm64 libxkbcommon-dev arm64 1.5.0-1 [51.0 kB]
#9 6.723 Get:248 http://deb.debian.org/debian bookworm/main arm64 libxrandr-dev arm64 2:1.5.2-2+b1 [46.9 kB]
#9 6.734 Get:249 http://deb.debian.org/debian bookworm/main arm64 libvulkan1 arm64 1.3.239.0-1 [111 kB]
#9 6.745 Get:250 http://deb.debian.org/debian bookworm/main arm64 libvulkan-dev arm64 1.3.239.0-1 [1115 kB]
#9 6.773 Get:251 http://deb.debian.org/debian bookworm/main arm64 wayland-protocols all 1.31-1 [74.6 kB]
#9 6.782 Get:252 http://deb.debian.org/debian bookworm/main arm64 libgtk-4-dev arm64 4.8.3+ds-2+deb12u1 [888 kB]
#9 6.808 Get:253 http://deb.debian.org/debian bookworm/main arm64 libadwaita-1-dev arm64 1.2.2-1 [112 kB]
#9 6.818 Get:254 http://deb.debian.org/debian bookworm/main arm64 libatk1.0-dev arm64 2.46.0-5 [103 kB]
#9 6.821 Get:255 http://deb.debian.org/debian bookworm/main arm64 xml-core all 0.18+nmu1 [23.8 kB]
#9 6.821 Get:256 http://deb.debian.org/debian bookworm/main arm64 libdbus-1-dev arm64 1.14.10-1~deb12u1 [241 kB]
#9 6.825 Get:257 http://deb.debian.org/debian bookworm/main arm64 libxtst-dev arm64 2:1.2.3-1.1 [32.3 kB]
#9 6.825 Get:258 http://deb.debian.org/debian bookworm/main arm64 libatspi2.0-dev arm64 2.46.0-5 [76.3 kB]
#9 6.828 Get:259 http://deb.debian.org/debian bookworm/main arm64 libatk-bridge2.0-dev arm64 2.46.0-5 [8216 B]
#9 6.828 Get:260 http://deb.debian.org/debian bookworm/main arm64 libgtk-3-dev arm64 3.24.38-2~deb12u3 [1116 kB]
#9 6.850 Get:261 http://deb.debian.org/debian bookworm/main arm64 libayatana-ido3-dev arm64 0.9.3-1 [17.1 kB]
#9 6.850 Get:262 http://deb.debian.org/debian bookworm/main arm64 libayatana-indicator3-dev arm64 0.9.3-1 [10.8 kB]
#9 6.850 Get:263 http://deb.debian.org/debian bookworm/main arm64 libxml2-utils arm64 2.9.14+dfsg-1.3~deb12u6 [98.5 kB]
#9 6.861 Get:264 http://deb.debian.org/debian bookworm/main arm64 libgtk2.0-dev arm64 2.24.33-2+deb12u1 [795 kB]
#9 6.884 Get:265 http://deb.debian.org/debian bookworm/main arm64 libdbusmenu-glib-dev arm64 18.10.20180917~bzr492+repack1-3 [68.5 kB]
#9 6.885 Get:266 http://deb.debian.org/debian bookworm/main arm64 libayatana-appindicator3-dev arm64 0.5.92-1 [18.2 kB]
#9 6.893 Get:267 http://deb.debian.org/debian bookworm/main arm64 libgc1 arm64 1:8.2.2-3 [239 kB]
#9 6.898 Get:268 http://deb.debian.org/debian bookworm/main arm64 libobjc4 arm64 12.2.0-14+deb12u1 [39.0 kB]
#9 6.898 Get:269 http://deb.debian.org/debian bookworm/main arm64 libobjc-12-dev arm64 12.2.0-14+deb12u1 [165 kB]
#9 6.911 Get:270 http://deb.debian.org/debian bookworm/main arm64 libllvm14 arm64 1:14.0.6-12 [19.3 MB]
#9 7.343 Get:271 http://deb.debian.org/debian bookworm/main arm64 libclang1-14 arm64 1:14.0.6-12 [5465 kB]
#9 7.469 Get:272 http://deb.debian.org/debian bookworm/main arm64 libclang-common-14-dev all 1:14.0.6-12 [890 kB]
#9 7.496 Get:273 http://deb.debian.org/debian bookworm/main arm64 libclang-14-dev arm64 1:14.0.6-12 [22.5 MB]
#9 7.996 Get:274 http://deb.debian.org/debian bookworm/main arm64 libclang-dev arm64 1:14.0-55.7~deb12u1 [4728 B]
#9 7.996 Get:275 http://deb.debian.org/debian bookworm/main arm64 libgarcon-common all 4.18.0-1 [61.4 kB]
#9 7.997 Get:276 http://deb.debian.org/debian bookworm/main arm64 libgarcon-1-0 arm64 4.18.0-1 [48.3 kB]
#9 7.998 Get:277 http://deb.debian.org/debian bookworm/main arm64 libgarcon-gtk3-1-0 arm64 4.18.0-1 [20.9 kB]
#9 7.998 Get:278 http://deb.debian.org/debian bookworm/main arm64 libgbm-dev arm64 22.3.6-1+deb12u2 [18.5 kB]
#9 7.998 Get:279 http://deb.debian.org/debian bookworm/main arm64 libgif7 arm64 5.2.1-2.5+deb12u1 [42.6 kB]
#9 8.003 Get:280 http://deb.debian.org/debian bookworm/main arm64 libgs-common all 10.0.0~dfsg-11+deb12u8 [149 kB]
#9 8.015 Get:281 http://deb.debian.org/debian bookworm/main arm64 libgs10-common all 10.0.0~dfsg-11+deb12u8 [587 kB]
#9 8.029 Get:282 http://deb.debian.org/debian bookworm/main arm64 libidn12 arm64 1.41-1 [82.8 kB]
#9 8.031 Get:283 http://deb.debian.org/debian bookworm/main arm64 libijs-0.35 arm64 0.35-15 [15.8 kB]
#9 8.031 Get:284 http://deb.debian.org/debian-security bookworm-security/main arm64 libjbig2dec0 arm64 0.19-3+deb12u1 [59.9 kB]
#9 8.032 Get:285 http://deb.debian.org/debian bookworm/main arm64 libpaper1 arm64 1.1.29 [12.6 kB]
#9 8.040 Get:286 http://deb.debian.org/debian bookworm/main arm64 libgs10 arm64 10.0.0~dfsg-11+deb12u8 [2253 kB]
#9 8.092 Get:287 http://deb.debian.org/debian bookworm/main arm64 libhwy1 arm64 1.0.3-3+deb12u1 [226 kB]
#9 8.097 Get:288 http://deb.debian.org/debian bookworm/main arm64 libid3tag0 arm64 0.15.1b-14 [33.3 kB]
#9 8.097 Get:289 http://deb.debian.org/debian bookworm/main arm64 libimagequant0 arm64 2.17.0-1 [31.3 kB]
#9 8.109 Get:290 http://deb.debian.org/debian bookworm/main arm64 libjxl0.7 arm64 0.7.0-10+deb12u1 [644 kB]
#9 8.119 Get:291 http://deb.debian.org/debian bookworm/main arm64 libspectre1 arm64 0.2.12-1 [48.0 kB]
#9 8.120 Get:292 http://deb.debian.org/debian bookworm/main arm64 libimlib2 arm64 1.10.0-4+deb12u1 [190 kB]
#9 8.127 Get:293 http://deb.debian.org/debian bookworm/main arm64 libjavascriptcoregtk-4.1-dev arm64 2.50.6-1~deb12u2 [84.3 kB]
#9 8.130 Get:294 http://deb.debian.org/debian bookworm/main arm64 libjson-glib-dev arm64 1.6.6-1 [90.2 kB]
#9 8.141 Get:295 http://deb.debian.org/debian bookworm/main arm64 libnghttp2-dev arm64 1.52.0-1+deb12u3 [108 kB]
#9 8.142 Get:296 http://deb.debian.org/debian bookworm/main arm64 libobt2v5 arm64 3.6.1-10 [67.0 kB]
#9 8.144 Get:297 http://deb.debian.org/debian bookworm/main arm64 libobrender32v5 arm64 3.6.1-10 [74.4 kB]
#9 8.145 Get:298 http://deb.debian.org/debian bookworm/main arm64 libwebrtc-audio-processing1 arm64 0.3-1+b1 [241 kB]
#9 8.159 Get:299 http://deb.debian.org/debian bookworm/main arm64 libspa-0.2-modules arm64 0.3.65-3+deb12u1 [447 kB]
#9 8.175 Get:300 http://deb.debian.org/debian bookworm/main arm64 libpipewire-0.3-0 arm64 0.3.65-3+deb12u1 [216 kB]
#9 8.186 Get:301 http://deb.debian.org/debian bookworm/main arm64 libspa-0.2-dev arm64 0.3.65-3+deb12u1 [100 kB]
#9 8.191 Get:302 http://deb.debian.org/debian bookworm/main arm64 libpipewire-0.3-dev arm64 0.3.65-3+deb12u1 [62.1 kB]
#9 8.193 Get:303 http://deb.debian.org/debian bookworm/main arm64 libpolkit-gobject-1-dev arm64 122-3 [33.2 kB]
#9 8.194 Get:304 http://deb.debian.org/debian bookworm/main arm64 libpsl-dev arm64 0.21.2-1 [79.6 kB]
#9 8.196 Get:305 http://deb.debian.org/debian bookworm/main arm64 libraqm0 arm64 0.7.0-4.1 [10.4 kB]
#9 8.206 Get:306 http://deb.debian.org/debian bookworm/main arm64 libsysprof-4 arm64 3.46.0-4 [141 kB]
#9 8.217 Get:307 http://deb.debian.org/debian bookworm/main arm64 libsysprof-ui-5 arm64 3.46.0-4 [138 kB]
#9 8.219 Get:308 http://deb.debian.org/debian bookworm/main arm64 libsysprof-4-dev arm64 3.46.0-4 [54.9 kB]
#9 8.229 Get:309 http://deb.debian.org/debian bookworm/main arm64 libsoup-3.0-dev arm64 3.2.3-0+deb12u2 [111 kB]
#9 8.242 Get:310 http://deb.debian.org/debian bookworm/main arm64 libwebkit2gtk-4.1-dev arm64 2.50.6-1~deb12u2 [311 kB]
#9 8.245 Get:311 http://deb.debian.org/debian bookworm/main arm64 libxres1 arm64 2:1.2.1-1 [19.1 kB]
#9 8.245 Get:312 http://deb.debian.org/debian bookworm/main arm64 libwnck-3-common all 43.0-3 [229 kB]
#9 8.257 Get:313 http://deb.debian.org/debian bookworm/main arm64 libwnck-3-0 arm64 43.0-3 [105 kB]
#9 8.260 Get:314 http://deb.debian.org/debian bookworm/main arm64 libxmu6 arm64 2:1.1.3-3 [57.2 kB]
#9 8.262 Get:315 http://deb.debian.org/debian bookworm/main arm64 libxpm4 arm64 1:3.5.12-1.1+deb12u1 [45.4 kB]
#9 8.271 Get:316 http://deb.debian.org/debian bookworm/main arm64 libxaw7 arm64 2:1.0.14-1 [184 kB]
#9 8.281 Get:317 http://deb.debian.org/debian bookworm/main arm64 libxcb-shape0 arm64 1.15-1 [106 kB]
#9 8.284 Get:318 http://deb.debian.org/debian bookworm/main arm64 libxdo3 arm64 1:3.20160805.1-5 [32.8 kB]
#9 8.284 Get:319 http://deb.debian.org/debian bookworm/main arm64 libxdo-dev arm64 1:3.20160805.1-5 [78.9 kB]
#9 8.286 Get:320 http://deb.debian.org/debian bookworm/main arm64 libxfce4panel-2.0-4 arm64 4.18.2-1 [64.1 kB]
#9 8.297 Get:321 http://deb.debian.org/debian-security bookworm-security/main arm64 libxfont2 arm64 1:2.0.6-1+deb12u1 [124 kB]
#9 8.299 Get:322 http://deb.debian.org/debian bookworm/main arm64 libxkbfile1 arm64 1:1.1.0-1 [71.5 kB]
#9 8.301 Get:323 http://deb.debian.org/debian bookworm/main arm64 libxmuu1 arm64 2:1.1.3-3 [24.0 kB]
#9 8.301 Get:324 http://deb.debian.org/debian bookworm/main arm64 libxv1 arm64 2:1.0.11-1.1 [24.5 kB]
#9 8.302 Get:325 http://deb.debian.org/debian bookworm/main arm64 libxxf86dga1 arm64 2:1.1.5-1 [21.8 kB]
#9 8.310 Get:326 http://deb.debian.org/debian bookworm/main arm64 openbox arm64 3.6.1-10 [302 kB]
#9 8.316 Get:327 http://deb.debian.org/debian bookworm/main arm64 patchelf arm64 0.14.3-1+b1 [59.0 kB]
#9 8.317 Get:328 http://deb.debian.org/debian bookworm/main arm64 python3-cairo arm64 1.20.1-5+b1 [62.8 kB]
#9 8.328 Get:329 http://deb.debian.org/debian bookworm/main arm64 python3-gi arm64 3.42.2-3+b1 [212 kB]
#9 8.332 Get:330 http://deb.debian.org/debian bookworm/main arm64 python3-gi-cairo arm64 3.42.2-3+b1 [11.4 kB]
#9 8.333 Get:331 http://deb.debian.org/debian bookworm/main arm64 python3-pil arm64 9.4.0-1.1+deb12u1 [452 kB]
#9 8.341 Get:332 http://deb.debian.org/debian bookworm/main arm64 scrot arm64 1.8.1-1 [74.7 kB]
#9 8.342 Get:333 http://deb.debian.org/debian bookworm/main arm64 wmctrl arm64 1.07-7+b1 [19.8 kB]
#9 8.352 Get:334 http://deb.debian.org/debian bookworm/main arm64 x11-utils arm64 7.7+5 [196 kB]
#9 8.364 Get:335 http://deb.debian.org/debian bookworm/main arm64 x11-xkb-utils arm64 7.7+7 [154 kB]
#9 8.376 Get:336 http://deb.debian.org/debian bookworm/main arm64 x11-xserver-utils arm64 7.7+9+b1 [163 kB]
#9 8.379 Get:337 http://deb.debian.org/debian bookworm/main arm64 xauth arm64 1:1.1.2-1 [35.5 kB]
#9 8.379 Get:338 http://deb.debian.org/debian bookworm/main arm64 xclip arm64 0.13-2 [22.8 kB]
#9 8.379 Get:339 http://deb.debian.org/debian bookworm/main arm64 xcompmgr arm64 1.1.8-1 [26.1 kB]
#9 8.380 Get:340 http://deb.debian.org/debian bookworm/main arm64 xdotool arm64 1:3.20160805.1-5 [53.9 kB]
#9 8.391 Get:341 http://deb.debian.org/debian bookworm/main arm64 xfce4-panel arm64 4.18.2-1 [672 kB]
#9 8.413 Get:342 http://deb.debian.org/debian-security bookworm-security/main arm64 xserver-common all 2:21.1.7-3+deb12u13 [2384 kB]
#9 8.471 Get:343 http://deb.debian.org/debian-security bookworm-security/main arm64 xvfb arm64 2:21.1.7-3+deb12u13 [3085 kB]
#9 8.669 debconf: delaying package configuration, since apt-utils is not installed
#9 8.687 Fetched 222 MB in 6s (36.8 MB/s)
#9 8.698 Selecting previously unselected package poppler-data.
#9 8.698 (Reading database ... (Reading database ... 5%(Reading database ... 10%(Reading database ... 15%(Reading database ... 20%(Reading database ... 25%(Reading database ... 30%(Reading database ... 35%(Reading database ... 40%(Reading database ... 45%(Reading database ... 50%(Reading database ... 55%(Reading database ... 60%(Reading database ... 65%(Reading database ... 70%(Reading database ... 75%(Reading database ... 80%(Reading database ... 85%(Reading database ... 90%(Reading database ... 95%(Reading database ... 100%(Reading database ... 23281 files and directories currently installed.)
#9 8.705 Preparing to unpack .../poppler-data_0.4.12-1_all.deb ...
#9 8.706 Unpacking poppler-data (0.4.12-1) ...
#9 8.814 Selecting previously unselected package sgml-base.
#9 8.815 Preparing to unpack .../sgml-base_1.31_all.deb ...
#9 8.817 Unpacking sgml-base (1.31) ...
#9 8.835 Preparing to unpack .../libcap2_1%3a2.66-4+deb12u3+b1_arm64.deb ...
#9 8.838 Unpacking libcap2:arm64 (1:2.66-4+deb12u3+b1) over (1:2.66-4+deb12u2+b2) ...
#9 8.859 Setting up libcap2:arm64 (1:2.66-4+deb12u3+b1) ...
#9 8.900 (Reading database ... (Reading database ... 5%(Reading database ... 10%(Reading database ... 15%(Reading database ... 20%(Reading database ... 25%(Reading database ... 30%(Reading database ... 35%(Reading database ... 40%(Reading database ... 45%(Reading database ... 50%(Reading database ... 55%(Reading database ... 60%(Reading database ... 65%(Reading database ... 70%(Reading database ... 75%(Reading database ... 80%(Reading database ... 85%(Reading database ... 90%(Reading database ... 95%(Reading database ... 100%(Reading database ... 23838 files and directories currently installed.)
#9 8.905 Preparing to unpack .../000-libssl-dev_3.0.22-1~deb12u1_arm64.deb ...
#9 8.909 Unpacking libssl-dev:arm64 (3.0.22-1~deb12u1) over (3.0.18-1~deb12u2) ...
#9 9.071 Preparing to unpack .../001-libssl3_3.0.22-1~deb12u1_arm64.deb ...
#9 9.074 Unpacking libssl3:arm64 (3.0.22-1~deb12u1) over (3.0.18-1~deb12u2) ...
#9 9.156 Preparing to unpack .../002-openssl_3.0.22-1~deb12u1_arm64.deb ...
#9 9.159 Unpacking openssl (3.0.22-1~deb12u1) over (3.0.18-1~deb12u2) ...
#9 9.342 Preparing to unpack .../003-ca-certificates_20250419~deb12u1_all.deb ...
#9 9.345 Unpacking ca-certificates (20250419~deb12u1) over (20230311+deb12u1) ...
#9 9.465 Selecting previously unselected package mailcap.
#9 9.467 Preparing to unpack .../004-mailcap_3.70+nmu1_all.deb ...
#9 9.468 Unpacking mailcap (3.70+nmu1) ...
#9 9.480 Selecting previously unselected package mime-support.
#9 9.481 Preparing to unpack .../005-mime-support_3.66_all.deb ...
#9 9.482 Unpacking mime-support (3.66) ...
#9 9.490 Selecting previously unselected package gtk-update-icon-cache.
#9 9.492 Preparing to unpack .../006-gtk-update-icon-cache_3.24.38-2~deb12u3_arm64.deb ...
#9 9.493 Unpacking gtk-update-icon-cache (3.24.38-2~deb12u3) ...
#9 9.509 Selecting previously unselected package adwaita-icon-theme.
#9 9.510 Preparing to unpack .../007-adwaita-icon-theme_43-1_all.deb ...
#9 9.511 Unpacking adwaita-icon-theme (43-1) ...
#9 9.782 Selecting previously unselected package at-spi2-common.
#9 9.784 Preparing to unpack .../008-at-spi2-common_2.46.0-5_all.deb ...
#9 9.785 Unpacking at-spi2-common (2.46.0-5) ...
#9 9.838 Selecting previously unselected package libdbus-1-3:arm64.
#9 9.840 Preparing to unpack .../009-libdbus-1-3_1.14.10-1~deb12u1_arm64.deb ...
#9 9.843 Unpacking libdbus-1-3:arm64 (1.14.10-1~deb12u1) ...
#9 9.860 Selecting previously unselected package libxi6:arm64.
#9 9.861 Preparing to unpack .../010-libxi6_2%3a1.8-1+b1_arm64.deb ...
#9 9.862 Unpacking libxi6:arm64 (2:1.8-1+b1) ...
#9 9.874 Selecting previously unselected package libatspi2.0-0:arm64.
#9 9.876 Preparing to unpack .../011-libatspi2.0-0_2.46.0-5_arm64.deb ...
#9 9.878 Unpacking libatspi2.0-0:arm64 (2.46.0-5) ...
#9 9.890 Selecting previously unselected package libxtst6:arm64.
#9 9.891 Preparing to unpack .../012-libxtst6_2%3a1.2.3-1.1_arm64.deb ...
#9 9.892 Unpacking libxtst6:arm64 (2:1.2.3-1.1) ...
#9 9.900 Selecting previously unselected package dbus-bin.
#9 9.901 Preparing to unpack .../013-dbus-bin_1.14.10-1~deb12u1_arm64.deb ...
#9 9.902 Unpacking dbus-bin (1.14.10-1~deb12u1) ...
#9 9.915 Selecting previously unselected package dbus-session-bus-common.
#9 9.917 Preparing to unpack .../014-dbus-session-bus-common_1.14.10-1~deb12u1_all.deb ...
#9 9.918 Unpacking dbus-session-bus-common (1.14.10-1~deb12u1) ...
#9 9.930 Selecting previously unselected package libapparmor1:arm64.
#9 9.931 Preparing to unpack .../015-libapparmor1_3.0.8-3_arm64.deb ...
#9 9.932 Unpacking libapparmor1:arm64 (3.0.8-3) ...
#9 9.943 Selecting previously unselected package dbus-daemon.
#9 9.945 Preparing to unpack .../016-dbus-daemon_1.14.10-1~deb12u1_arm64.deb ...
#9 9.945 Unpacking dbus-daemon (1.14.10-1~deb12u1) ...
#9 9.961 Selecting previously unselected package dbus-x11.
#9 9.963 Preparing to unpack .../017-dbus-x11_1.14.10-1~deb12u1_arm64.deb ...
#9 9.963 Unpacking dbus-x11 (1.14.10-1~deb12u1) ...
#9 9.978 Selecting previously unselected package libdconf1:arm64.
#9 9.979 Preparing to unpack .../018-libdconf1_0.40.0-4_arm64.deb ...
#9 9.980 Unpacking libdconf1:arm64 (0.40.0-4) ...
#9 9.990 Selecting previously unselected package dconf-service.
#9 9.991 Preparing to unpack .../019-dconf-service_0.40.0-4_arm64.deb ...
#9 9.992 Unpacking dconf-service (0.40.0-4) ...
#9 10.00 Selecting previously unselected package dconf-gsettings-backend:arm64.
#9 10.00 Preparing to unpack .../020-dconf-gsettings-backend_0.40.0-4_arm64.deb ...
#9 10.00 Unpacking dconf-gsettings-backend:arm64 (0.40.0-4) ...
#9 10.01 Selecting previously unselected package gsettings-desktop-schemas.
#9 10.02 Preparing to unpack .../021-gsettings-desktop-schemas_43.0-1_all.deb ...
#9 10.02 Unpacking gsettings-desktop-schemas (43.0-1) ...
#9 10.05 Selecting previously unselected package at-spi2-core.
#9 10.06 Preparing to unpack .../022-at-spi2-core_2.46.0-5_arm64.deb ...
#9 10.06 Unpacking at-spi2-core (2.46.0-5) ...
#9 10.07 Selecting previously unselected package bubblewrap.
#9 10.07 Preparing to unpack .../023-bubblewrap_0.8.0-2+deb12u1_arm64.deb ...
#9 10.07 Unpacking bubblewrap (0.8.0-2+deb12u1) ...
#9 10.09 Selecting previously unselected package build-essential.
#9 10.09 Preparing to unpack .../024-build-essential_12.9_arm64.deb ...
#9 10.09 Unpacking build-essential (12.9) ...
#9 10.10 Selecting previously unselected package libtext-iconv-perl:arm64.
#9 10.10 Preparing to unpack .../025-libtext-iconv-perl_1.7-8_arm64.deb ...
#9 10.10 Unpacking libtext-iconv-perl:arm64 (1.7-8) ...
#9 10.11 Selecting previously unselected package emacsen-common.
#9 10.12 Preparing to unpack .../026-emacsen-common_3.0.5_all.deb ...
#9 10.12 Unpacking emacsen-common (3.0.5) ...
#9 10.14 Selecting previously unselected package dictionaries-common.
#9 10.14 Preparing to unpack .../027-dictionaries-common_1.29.5_all.deb ...
#9 10.14 Adding 'diversion of /usr/share/dict/words to /usr/share/dict/words.pre-dictionaries-common by dictionaries-common'
#9 10.14 Unpacking dictionaries-common (1.29.5) ...
#9 10.16 Selecting previously unselected package libexo-common.
#9 10.17 Preparing to unpack .../028-libexo-common_4.18.0-1_all.deb ...
#9 10.17 Unpacking libexo-common (4.18.0-1) ...
#9 10.18 Selecting previously unselected package libatk1.0-0:arm64.
#9 10.18 Preparing to unpack .../029-libatk1.0-0_2.46.0-5_arm64.deb ...
#9 10.18 Unpacking libatk1.0-0:arm64 (2.46.0-5) ...
#9 10.19 Selecting previously unselected package libatk-bridge2.0-0:arm64.
#9 10.19 Preparing to unpack .../030-libatk-bridge2.0-0_2.46.0-5_arm64.deb ...
#9 10.19 Unpacking libatk-bridge2.0-0:arm64 (2.46.0-5) ...
#9 10.21 Selecting previously unselected package libcolord2:arm64.
#9 10.21 Preparing to unpack .../031-libcolord2_1.4.6-2.2_arm64.deb ...
#9 10.21 Unpacking libcolord2:arm64 (1.4.6-2.2) ...
#9 10.22 Selecting previously unselected package libavahi-common-data:arm64.
#9 10.23 Preparing to unpack .../032-libavahi-common-data_0.8-10+deb12u1_arm64.deb ...
#9 10.23 Unpacking libavahi-common-data:arm64 (0.8-10+deb12u1) ...
#9 10.24 Selecting previously unselected package libavahi-common3:arm64.
#9 10.25 Preparing to unpack .../033-libavahi-common3_0.8-10+deb12u1_arm64.deb ...
#9 10.25 Unpacking libavahi-common3:arm64 (0.8-10+deb12u1) ...
#9 10.26 Selecting previously unselected package libavahi-client3:arm64.
#9 10.26 Preparing to unpack .../034-libavahi-client3_0.8-10+deb12u1_arm64.deb ...
#9 10.26 Unpacking libavahi-client3:arm64 (0.8-10+deb12u1) ...
#9 10.27 Selecting previously unselected package libcups2:arm64.
#9 10.27 Preparing to unpack .../035-libcups2_2.4.2-3+deb12u9_arm64.deb ...
#9 10.27 Unpacking libcups2:arm64 (2.4.2-3+deb12u9) ...
#9 10.29 Selecting previously unselected package libepoxy0:arm64.
#9 10.30 Preparing to unpack .../036-libepoxy0_1.5.10-1_arm64.deb ...
#9 10.30 Unpacking libepoxy0:arm64 (1.5.10-1) ...
#9 10.32 Selecting previously unselected package libwayland-client0:arm64.
#9 10.32 Preparing to unpack .../037-libwayland-client0_1.21.0-1_arm64.deb ...
#9 10.32 Unpacking libwayland-client0:arm64 (1.21.0-1) ...
#9 10.33 Selecting previously unselected package libwayland-cursor0:arm64.
#9 10.33 Preparing to unpack .../038-libwayland-cursor0_1.21.0-1_arm64.deb ...
#9 10.33 Unpacking libwayland-cursor0:arm64 (1.21.0-1) ...
#9 10.34 Selecting previously unselected package libwayland-egl1:arm64.
#9 10.34 Preparing to unpack .../039-libwayland-egl1_1.21.0-1_arm64.deb ...
#9 10.34 Unpacking libwayland-egl1:arm64 (1.21.0-1) ...
#9 10.35 Selecting previously unselected package libxcomposite1:arm64.
#9 10.35 Preparing to unpack .../040-libxcomposite1_1%3a0.4.5-1_arm64.deb ...
#9 10.36 Unpacking libxcomposite1:arm64 (1:0.4.5-1) ...
#9 10.37 Selecting previously unselected package libxfixes3:arm64.
#9 10.37 Preparing to unpack .../041-libxfixes3_1%3a6.0.0-2_arm64.deb ...
#9 10.37 Unpacking libxfixes3:arm64 (1:6.0.0-2) ...
#9 10.38 Selecting previously unselected package libxcursor1:arm64.
#9 10.38 Preparing to unpack .../042-libxcursor1_1%3a1.2.1-1_arm64.deb ...
#9 10.38 Unpacking libxcursor1:arm64 (1:1.2.1-1) ...
#9 10.39 Selecting previously unselected package libxdamage1:arm64.
#9 10.40 Preparing to unpack .../043-libxdamage1_1%3a1.1.6-1_arm64.deb ...
#9 10.40 Unpacking libxdamage1:arm64 (1:1.1.6-1) ...
#9 10.41 Selecting previously unselected package libxinerama1:arm64.
#9 10.41 Preparing to unpack .../044-libxinerama1_2%3a1.1.4-3_arm64.deb ...
#9 10.41 Unpacking libxinerama1:arm64 (2:1.1.4-3) ...
#9 10.42 Selecting previously unselected package xkb-data.
#9 10.42 Preparing to unpack .../045-xkb-data_2.35.1-1_all.deb ...
#9 10.42 Unpacking xkb-data (2.35.1-1) ...
#9 10.47 Selecting previously unselected package libxkbcommon0:arm64.
#9 10.47 Preparing to unpack .../046-libxkbcommon0_1.5.0-1_arm64.deb ...
#9 10.47 Unpacking libxkbcommon0:arm64 (1.5.0-1) ...
#9 10.49 Selecting previously unselected package libxrandr2:arm64.
#9 10.49 Preparing to unpack .../047-libxrandr2_2%3a1.5.2-2+b1_arm64.deb ...
#9 10.49 Unpacking libxrandr2:arm64 (2:1.5.2-2+b1) ...
#9 10.50 Selecting previously unselected package libgtk-3-common.
#9 10.50 Preparing to unpack .../048-libgtk-3-common_3.24.38-2~deb12u3_all.deb ...
#9 10.50 Unpacking libgtk-3-common (3.24.38-2~deb12u3) ...
#9 10.68 Selecting previously unselected package libgtk-3-0:arm64.
#9 10.68 Preparing to unpack .../049-libgtk-3-0_3.24.38-2~deb12u3_arm64.deb ...
#9 10.68 Unpacking libgtk-3-0:arm64 (3.24.38-2~deb12u3) ...
#9 10.80 Selecting previously unselected package libxfce4util-common.
#9 10.80 Preparing to unpack .../050-libxfce4util-common_4.18.1-2_all.deb ...
#9 10.80 Unpacking libxfce4util-common (4.18.1-2) ...
#9 10.82 Selecting previously unselected package libxfce4util7:arm64.
#9 10.82 Preparing to unpack .../051-libxfce4util7_4.18.1-2_arm64.deb ...
#9 10.82 Unpacking libxfce4util7:arm64 (4.18.1-2) ...
#9 10.83 Selecting previously unselected package libexo-2-0:arm64.
#9 10.83 Preparing to unpack .../052-libexo-2-0_4.18.0-1_arm64.deb ...
#9 10.83 Unpacking libexo-2-0:arm64 (4.18.0-1) ...
#9 10.85 Selecting previously unselected package libxfce4ui-common.
#9 10.86 Preparing to unpack .../053-libxfce4ui-common_4.18.2-2_all.deb ...
#9 10.86 Unpacking libxfce4ui-common (4.18.2-2) ...
#9 10.88 Selecting previously unselected package libx11-xcb1:arm64.
#9 10.88 Preparing to unpack .../054-libx11-xcb1_2%3a1.8.4-2+deb12u2_arm64.deb ...
#9 10.88 Unpacking libx11-xcb1:arm64 (2:1.8.4-2+deb12u2) ...
#9 10.89 Selecting previously unselected package libxcb-util1:arm64.
#9 10.90 Preparing to unpack .../055-libxcb-util1_0.4.0-1+b1_arm64.deb ...
#9 10.90 Unpacking libxcb-util1:arm64 (0.4.0-1+b1) ...
#9 10.91 Selecting previously unselected package libstartup-notification0:arm64.
#9 10.91 Preparing to unpack .../056-libstartup-notification0_0.12-6+b1_arm64.deb ...
#9 10.91 Unpacking libstartup-notification0:arm64 (0.12-6+b1) ...
#9 10.92 Selecting previously unselected package xfconf.
#9 10.92 Preparing to unpack .../057-xfconf_4.18.0-2_arm64.deb ...
#9 10.92 Unpacking xfconf (4.18.0-2) ...
#9 10.94 Selecting previously unselected package libxfconf-0-3:arm64.
#9 10.94 Preparing to unpack .../058-libxfconf-0-3_4.18.0-2_arm64.deb ...
#9 10.94 Unpacking libxfconf-0-3:arm64 (4.18.0-2) ...
#9 10.95 Selecting previously unselected package libxfce4ui-2-0:arm64.
#9 10.96 Preparing to unpack .../059-libxfce4ui-2-0_4.18.2-2_arm64.deb ...
#9 10.96 Unpacking libxfce4ui-2-0:arm64 (4.18.2-2) ...
#9 10.97 Selecting previously unselected package exo-utils.
#9 10.97 Preparing to unpack .../060-exo-utils_4.18.0-1_arm64.deb ...
#9 10.97 Unpacking exo-utils (4.18.0-1) ...
#9 10.98 Selecting previously unselected package libfontenc1:arm64.
#9 10.98 Preparing to unpack .../061-libfontenc1_1%3a1.1.4-1_arm64.deb ...
#9 10.99 Unpacking libfontenc1:arm64 (1:1.1.4-1) ...
#9 10.99 Selecting previously unselected package xfonts-encodings.
#9 11.00 Preparing to unpack .../062-xfonts-encodings_1%3a1.0.4-2.2_all.deb ...
#9 11.00 Unpacking xfonts-encodings (1:1.0.4-2.2) ...
#9 11.03 Selecting previously unselected package xfonts-utils.
#9 11.03 Preparing to unpack .../063-xfonts-utils_1%3a7.7+6_arm64.deb ...
#9 11.03 Unpacking xfonts-utils (1:7.7+6) ...
#9 11.05 Selecting previously unselected package fonts-urw-base35.
#9 11.05 Preparing to unpack .../064-fonts-urw-base35_20200910-7_all.deb ...
#9 11.07 Unpacking fonts-urw-base35 (20200910-7) ...
#9 11.33 Selecting previously unselected package libgraphene-1.0-0:arm64.
#9 11.33 Preparing to unpack .../065-libgraphene-1.0-0_1.10.8-1_arm64.deb ...
#9 11.33 Unpacking libgraphene-1.0-0:arm64 (1.10.8-1) ...
#9 11.34 Selecting previously unselected package gir1.2-graphene-1.0:arm64.
#9 11.34 Preparing to unpack .../066-gir1.2-graphene-1.0_1.10.8-1_arm64.deb ...
#9 11.34 Unpacking gir1.2-graphene-1.0:arm64 (1.10.8-1) ...
#9 11.35 Selecting previously unselected package gir1.2-harfbuzz-0.0:arm64.
#9 11.35 Preparing to unpack .../067-gir1.2-harfbuzz-0.0_6.0.0+dfsg-3_arm64.deb ...
#9 11.36 Unpacking gir1.2-harfbuzz-0.0:arm64 (6.0.0+dfsg-3) ...
#9 11.38 Selecting previously unselected package libxft2:arm64.
#9 11.38 Preparing to unpack .../068-libxft2_2.3.6-1_arm64.deb ...
#9 11.38 Unpacking libxft2:arm64 (2.3.6-1) ...
#9 11.39 Selecting previously unselected package libpangoxft-1.0-0:arm64.
#9 11.39 Preparing to unpack .../069-libpangoxft-1.0-0_1.50.12+ds-1_arm64.deb ...
#9 11.39 Unpacking libpangoxft-1.0-0:arm64 (1.50.12+ds-1) ...
#9 11.40 Selecting previously unselected package gir1.2-pango-1.0:arm64.
#9 11.40 Preparing to unpack .../070-gir1.2-pango-1.0_1.50.12+ds-1_arm64.deb ...
#9 11.41 Unpacking gir1.2-pango-1.0:arm64 (1.50.12+ds-1) ...
#9 11.42 Selecting previously unselected package libcloudproviders0:arm64.
#9 11.42 Preparing to unpack .../071-libcloudproviders0_0.3.1-2_arm64.deb ...
#9 11.42 Unpacking libcloudproviders0:arm64 (0.3.1-2) ...
#9 11.44 Selecting previously unselected package libgtk-4-common.
#9 11.44 Preparing to unpack .../072-libgtk-4-common_4.8.3+ds-2+deb12u1_all.deb ...
#9 11.44 Unpacking libgtk-4-common (4.8.3+ds-2+deb12u1) ...
#9 11.54 Selecting previously unselected package libgtk-4-1:arm64.
#9 11.54 Preparing to unpack .../073-libgtk-4-1_4.8.3+ds-2+deb12u1_arm64.deb ...
#9 11.54 Unpacking libgtk-4-1:arm64 (4.8.3+ds-2+deb12u1) ...
#9 11.65 Selecting previously unselected package gir1.2-gtk-4.0:arm64.
#9 11.66 Preparing to unpack .../074-gir1.2-gtk-4.0_4.8.3+ds-2+deb12u1_arm64.deb ...
#9 11.66 Unpacking gir1.2-gtk-4.0:arm64 (4.8.3+ds-2+deb12u1) ...
#9 11.68 Selecting previously unselected package libadwaita-1-0:arm64.
#9 11.68 Preparing to unpack .../075-libadwaita-1-0_1.2.2-1_arm64.deb ...
#9 11.68 Unpacking libadwaita-1-0:arm64 (1.2.2-1) ...
#9 11.71 Selecting previously unselected package gir1.2-adw-1:arm64.
#9 11.71 Preparing to unpack .../076-gir1.2-adw-1_1.2.2-1_arm64.deb ...
#9 11.71 Unpacking gir1.2-adw-1:arm64 (1.2.2-1) ...
#9 11.73 Selecting previously unselected package gir1.2-atk-1.0:arm64.
#9 11.73 Preparing to unpack .../077-gir1.2-atk-1.0_2.46.0-5_arm64.deb ...
#9 11.73 Unpacking gir1.2-atk-1.0:arm64 (2.46.0-5) ...
#9 11.75 Selecting previously unselected package gir1.2-atspi-2.0:arm64.
#9 11.75 Preparing to unpack .../078-gir1.2-atspi-2.0_2.46.0-5_arm64.deb ...
#9 11.75 Unpacking gir1.2-atspi-2.0:arm64 (2.46.0-5) ...
#9 11.77 Selecting previously unselected package gir1.2-gtk-3.0:arm64.
#9 11.77 Preparing to unpack .../079-gir1.2-gtk-3.0_3.24.38-2~deb12u3_arm64.deb ...
#9 11.77 Unpacking gir1.2-gtk-3.0:arm64 (3.24.38-2~deb12u3) ...
#9 11.79 Selecting previously unselected package libayatana-ido3-0.4-0:arm64.
#9 11.79 Preparing to unpack .../080-libayatana-ido3-0.4-0_0.9.3-1_arm64.deb ...
#9 11.79 Unpacking libayatana-ido3-0.4-0:arm64 (0.9.3-1) ...
#9 11.81 Selecting previously unselected package libayatana-indicator3-7:arm64.
#9 11.81 Preparing to unpack .../081-libayatana-indicator3-7_0.9.3-1_arm64.deb ...
#9 11.81 Unpacking libayatana-indicator3-7:arm64 (0.9.3-1) ...
#9 11.82 Selecting previously unselected package libdbusmenu-glib4:arm64.
#9 11.82 Preparing to unpack .../082-libdbusmenu-glib4_18.10.20180917~bzr492+repack1-3_arm64.deb ...
#9 11.83 Unpacking libdbusmenu-glib4:arm64 (18.10.20180917~bzr492+repack1-3) ...
#9 11.84 Selecting previously unselected package libdbusmenu-gtk3-4:arm64.
#9 11.84 Preparing to unpack .../083-libdbusmenu-gtk3-4_18.10.20180917~bzr492+repack1-3_arm64.deb ...
#9 11.84 Unpacking libdbusmenu-gtk3-4:arm64 (18.10.20180917~bzr492+repack1-3) ...
#9 11.85 Selecting previously unselected package libayatana-appindicator3-1.
#9 11.85 Preparing to unpack .../084-libayatana-appindicator3-1_0.5.92-1_arm64.deb ...
#9 11.86 Unpacking libayatana-appindicator3-1 (0.5.92-1) ...
#9 11.87 Selecting previously unselected package gir1.2-ayatanaappindicator3-0.1.
#9 11.87 Preparing to unpack .../085-gir1.2-ayatanaappindicator3-0.1_0.5.92-1_arm64.deb ...
#9 11.87 Unpacking gir1.2-ayatanaappindicator3-0.1 (0.5.92-1) ...
#9 11.88 Selecting previously unselected package gir1.2-ayatanaido3-0.4:arm64.
#9 11.88 Preparing to unpack .../086-gir1.2-ayatanaido3-0.4_0.9.3-1_arm64.deb ...
#9 11.88 Unpacking gir1.2-ayatanaido3-0.4:arm64 (0.9.3-1) ...
#9 11.89 Selecting previously unselected package gir1.2-dbusmenu-glib-0.4:arm64.
#9 11.89 Preparing to unpack .../087-gir1.2-dbusmenu-glib-0.4_18.10.20180917~bzr492+repack1-3_arm64.deb ...
#9 11.90 Unpacking gir1.2-dbusmenu-glib-0.4:arm64 (18.10.20180917~bzr492+repack1-3) ...
#9 11.90 Selecting previously unselected package libgtk2.0-common.
#9 11.91 Preparing to unpack .../088-libgtk2.0-common_2.24.33-2+deb12u1_all.deb ...
#9 11.91 Unpacking libgtk2.0-common (2.24.33-2+deb12u1) ...
#9 12.05 Selecting previously unselected package libgtk2.0-0:arm64.
#9 12.05 Preparing to unpack .../089-libgtk2.0-0_2.24.33-2+deb12u1_arm64.deb ...
#9 12.05 Unpacking libgtk2.0-0:arm64 (2.24.33-2+deb12u1) ...
#9 12.13 Selecting previously unselected package gir1.2-gtk-2.0:arm64.
#9 12.13 Preparing to unpack .../090-gir1.2-gtk-2.0_2.24.33-2+deb12u1_arm64.deb ...
#9 12.13 Unpacking gir1.2-gtk-2.0:arm64 (2.24.33-2+deb12u1) ...
#9 12.15 Selecting previously unselected package libjavascriptcoregtk-4.1-0:arm64.
#9 12.16 Preparing to unpack .../091-libjavascriptcoregtk-4.1-0_2.50.6-1~deb12u2_arm64.deb ...
#9 12.16 Unpacking libjavascriptcoregtk-4.1-0:arm64 (2.50.6-1~deb12u2) ...
#9 12.41 Selecting previously unselected package gir1.2-javascriptcoregtk-4.1:arm64.
#9 12.41 Preparing to unpack .../092-gir1.2-javascriptcoregtk-4.1_2.50.6-1~deb12u2_arm64.deb ...
#9 12.41 Unpacking gir1.2-javascriptcoregtk-4.1:arm64 (2.50.6-1~deb12u2) ...
#9 12.42 Selecting previously unselected package libjson-glib-1.0-common.
#9 12.43 Preparing to unpack .../093-libjson-glib-1.0-common_1.6.6-1_all.deb ...
#9 12.43 Unpacking libjson-glib-1.0-common (1.6.6-1) ...
#9 12.45 Selecting previously unselected package libjson-glib-1.0-0:arm64.
#9 12.45 Preparing to unpack .../094-libjson-glib-1.0-0_1.6.6-1_arm64.deb ...
#9 12.46 Unpacking libjson-glib-1.0-0:arm64 (1.6.6-1) ...
#9 12.47 Selecting previously unselected package gir1.2-json-1.0:arm64.
#9 12.47 Preparing to unpack .../095-gir1.2-json-1.0_1.6.6-1_arm64.deb ...
#9 12.47 Unpacking gir1.2-json-1.0:arm64 (1.6.6-1) ...
#9 12.48 Selecting previously unselected package libpolkit-gobject-1-0:arm64.
#9 12.49 Preparing to unpack .../096-libpolkit-gobject-1-0_122-3_arm64.deb ...
#9 12.49 Unpacking libpolkit-gobject-1-0:arm64 (122-3) ...
#9 12.50 Selecting previously unselected package libpolkit-agent-1-0:arm64.
#9 12.50 Preparing to unpack .../097-libpolkit-agent-1-0_122-3_arm64.deb ...
#9 12.50 Unpacking libpolkit-agent-1-0:arm64 (122-3) ...
#9 12.51 Selecting previously unselected package gir1.2-polkit-1.0.
#9 12.51 Preparing to unpack .../098-gir1.2-polkit-1.0_122-3_arm64.deb ...
#9 12.52 Unpacking gir1.2-polkit-1.0 (122-3) ...
#9 12.53 Selecting previously unselected package libproxy1v5:arm64.
#9 12.53 Preparing to unpack .../099-libproxy1v5_0.4.18-1.2_arm64.deb ...
#9 12.53 Unpacking libproxy1v5:arm64 (0.4.18-1.2) ...
#9 12.54 Selecting previously unselected package glib-networking-common.
#9 12.54 Preparing to unpack .../100-glib-networking-common_2.74.0-4_all.deb ...
#9 12.54 Unpacking glib-networking-common (2.74.0-4) ...
#9 12.56 Selecting previously unselected package glib-networking-services.
#9 12.56 Preparing to unpack .../101-glib-networking-services_2.74.0-4_arm64.deb ...
#9 12.57 Unpacking glib-networking-services (2.74.0-4) ...
#9 12.58 Selecting previously unselected package glib-networking:arm64.
#9 12.58 Preparing to unpack .../102-glib-networking_2.74.0-4_arm64.deb ...
#9 12.58 Unpacking glib-networking:arm64 (2.74.0-4) ...
#9 12.60 Selecting previously unselected package libsoup-3.0-common.
#9 12.60 Preparing to unpack .../103-libsoup-3.0-common_3.2.3-0+deb12u2_all.deb ...
#9 12.60 Unpacking libsoup-3.0-common (3.2.3-0+deb12u2) ...
#9 12.62 Preparing to unpack .../104-libnghttp2-14_1.52.0-1+deb12u3_arm64.deb ...
#9 12.62 Unpacking libnghttp2-14:arm64 (1.52.0-1+deb12u3) over (1.52.0-1+deb12u2) ...
#9 12.64 Selecting previously unselected package libsoup-3.0-0:arm64.
#9 12.65 Preparing to unpack .../105-libsoup-3.0-0_3.2.3-0+deb12u2_arm64.deb ...
#9 12.65 Unpacking libsoup-3.0-0:arm64 (3.2.3-0+deb12u2) ...
#9 12.67 Selecting previously unselected package gir1.2-soup-3.0:arm64.
#9 12.67 Preparing to unpack .../106-gir1.2-soup-3.0_3.2.3-0+deb12u2_arm64.deb ...
#9 12.67 Unpacking gir1.2-soup-3.0:arm64 (3.2.3-0+deb12u2) ...
#9 12.68 Selecting previously unselected package libcdparanoia0:arm64.
#9 12.68 Preparing to unpack .../107-libcdparanoia0_3.10.2+debian-14_arm64.deb ...
#9 12.68 Unpacking libcdparanoia0:arm64 (3.10.2+debian-14) ...
#9 12.70 Selecting previously unselected package libdw1:arm64.
#9 12.70 Preparing to unpack .../108-libdw1_0.188-2.1_arm64.deb ...
#9 12.70 Unpacking libdw1:arm64 (0.188-2.1) ...
#9 12.72 Selecting previously unselected package libunwind8:arm64.
#9 12.72 Preparing to unpack .../109-libunwind8_1.6.2-3_arm64.deb ...
#9 12.72 Unpacking libunwind8:arm64 (1.6.2-3) ...
#9 12.74 Selecting previously unselected package libcap2-bin.
#9 12.74 Preparing to unpack .../110-libcap2-bin_1%3a2.66-4+deb12u3+b1_arm64.deb ...
#9 12.74 Unpacking libcap2-bin (1:2.66-4+deb12u3+b1) ...
#9 12.75 Selecting previously unselected package libgstreamer1.0-0:arm64.
#9 12.76 Preparing to unpack .../111-libgstreamer1.0-0_1.22.0-2+deb12u1_arm64.deb ...
#9 12.76 Unpacking libgstreamer1.0-0:arm64 (1.22.0-2+deb12u1) ...
#9 12.81 Selecting previously unselected package liborc-0.4-0:arm64.
#9 12.82 Preparing to unpack .../112-liborc-0.4-0_1%3a0.4.33-2_arm64.deb ...
#9 12.82 Unpacking liborc-0.4-0:arm64 (1:0.4.33-2) ...
#9 12.83 Selecting previously unselected package iso-codes.
#9 12.84 Preparing to unpack .../113-iso-codes_4.15.0-1_all.deb ...
#9 12.84 Unpacking iso-codes (4.15.0-1) ...
#9 13.01 Selecting previously unselected package libgstreamer-plugins-base1.0-0:arm64.
#9 13.01 Preparing to unpack .../114-libgstreamer-plugins-base1.0-0_1.22.0-3+deb12u7_arm64.deb ...
#9 13.01 Unpacking libgstreamer-plugins-base1.0-0:arm64 (1.22.0-3+deb12u7) ...
#9 13.06 Selecting previously unselected package libogg0:arm64.
#9 13.06 Preparing to unpack .../115-libogg0_1.3.5-3_arm64.deb ...
#9 13.07 Unpacking libogg0:arm64 (1.3.5-3) ...
#9 13.08 Selecting previously unselected package libopus0:arm64.
#9 13.08 Preparing to unpack .../116-libopus0_1.3.1-3_arm64.deb ...
#9 13.08 Unpacking libopus0:arm64 (1.3.1-3) ...
#9 13.10 Selecting previously unselected package libtheora0:arm64.
#9 13.10 Preparing to unpack .../117-libtheora0_1.1.1+dfsg.1-16.1+deb12u1_arm64.deb ...
#9 13.10 Unpacking libtheora0:arm64 (1.1.1+dfsg.1-16.1+deb12u1) ...
#9 13.12 Selecting previously unselected package libvisual-0.4-0:arm64.
#9 13.12 Preparing to unpack .../118-libvisual-0.4-0_0.4.0-19_arm64.deb ...
#9 13.12 Unpacking libvisual-0.4-0:arm64 (0.4.0-19) ...
#9 13.14 Selecting previously unselected package libvorbis0a:arm64.
#9 13.14 Preparing to unpack .../119-libvorbis0a_1.3.7-1_arm64.deb ...
#9 13.14 Unpacking libvorbis0a:arm64 (1.3.7-1) ...
#9 13.16 Selecting previously unselected package libvorbisenc2:arm64.
#9 13.16 Preparing to unpack .../120-libvorbisenc2_1.3.7-1_arm64.deb ...
#9 13.16 Unpacking libvorbisenc2:arm64 (1.3.7-1) ...
#9 13.18 Selecting previously unselected package gstreamer1.0-plugins-base:arm64.
#9 13.18 Preparing to unpack .../121-gstreamer1.0-plugins-base_1.22.0-3+deb12u7_arm64.deb ...
#9 13.18 Unpacking gstreamer1.0-plugins-base:arm64 (1.22.0-3+deb12u7) ...
#9 13.22 Selecting previously unselected package libgpm2:arm64.
#9 13.22 Preparing to unpack .../122-libgpm2_1.20.7-10+b1_arm64.deb ...
#9 13.23 Unpacking libgpm2:arm64 (1.20.7-10+b1) ...
#9 13.24 Selecting previously unselected package libslang2:arm64.
#9 13.24 Preparing to unpack .../123-libslang2_2.3.3-3_arm64.deb ...
#9 13.24 Unpacking libslang2:arm64 (2.3.3-3) ...
#9 13.27 Selecting previously unselected package libaa1:arm64.
#9 13.27 Preparing to unpack .../124-libaa1_1.4p5-50_arm64.deb ...
#9 13.28 Unpacking libaa1:arm64 (1.4p5-50) ...
#9 13.29 Selecting previously unselected package libraw1394-11:arm64.
#9 13.29 Preparing to unpack .../125-libraw1394-11_2.1.2-2_arm64.deb ...
#9 13.29 Unpacking libraw1394-11:arm64 (2.1.2-2) ...
#9 13.30 Selecting previously unselected package libavc1394-0:arm64.
#9 13.30 Preparing to unpack .../126-libavc1394-0_0.5.4-5_arm64.deb ...
#9 13.30 Unpacking libavc1394-0:arm64 (0.5.4-5) ...
#9 13.32 Selecting previously unselected package libcaca0:arm64.
#9 13.32 Preparing to unpack .../127-libcaca0_0.99.beta20-3+deb12u1_arm64.deb ...
#9 13.32 Unpacking libcaca0:arm64 (0.99.beta20-3+deb12u1) ...
#9 13.34 Selecting previously unselected package libdv4:arm64.
#9 13.34 Preparing to unpack .../128-libdv4_1.0.0-15_arm64.deb ...
#9 13.34 Unpacking libdv4:arm64 (1.0.0-15) ...
#9 13.36 Selecting previously unselected package libflac12:arm64.
#9 13.36 Preparing to unpack .../129-libflac12_1.4.2+ds-2_arm64.deb ...
#9 13.36 Unpacking libflac12:arm64 (1.4.2+ds-2) ...
#9 13.38 Selecting previously unselected package libgudev-1.0-0:arm64.
#9 13.38 Preparing to unpack .../130-libgudev-1.0-0_237-2_arm64.deb ...
#9 13.38 Unpacking libgudev-1.0-0:arm64 (237-2) ...
#9 13.40 Selecting previously unselected package libiec61883-0:arm64.
#9 13.40 Preparing to unpack .../131-libiec61883-0_1.2.0-6+b1_arm64.deb ...
#9 13.40 Unpacking libiec61883-0:arm64 (1.2.0-6+b1) ...
#9 13.42 Selecting previously unselected package libsamplerate0:arm64.
#9 13.42 Preparing to unpack .../132-libsamplerate0_0.2.2-3_arm64.deb ...
#9 13.42 Unpacking libsamplerate0:arm64 (0.2.2-3) ...
#9 13.47 Selecting previously unselected package libjack-jackd2-0:arm64.
#9 13.48 Preparing to unpack .../133-libjack-jackd2-0_1.9.21~dfsg-3_arm64.deb ...
#9 13.48 Unpacking libjack-jackd2-0:arm64 (1.9.21~dfsg-3) ...
#9 13.50 Selecting previously unselected package libmp3lame0:arm64.
#9 13.50 Preparing to unpack .../134-libmp3lame0_3.100-6_arm64.deb ...
#9 13.51 Unpacking libmp3lame0:arm64 (3.100-6) ...
#9 13.53 Selecting previously unselected package libmpg123-0:arm64.
#9 13.53 Preparing to unpack .../135-libmpg123-0_1.31.2-1+deb12u1_arm64.deb ...
#9 13.53 Unpacking libmpg123-0:arm64 (1.31.2-1+deb12u1) ...
#9 13.55 Selecting previously unselected package libasyncns0:arm64.
#9 13.55 Preparing to unpack .../136-libasyncns0_0.8-6+b3_arm64.deb ...
#9 13.55 Unpacking libasyncns0:arm64 (0.8-6+b3) ...
#9 13.56 Selecting previously unselected package libsndfile1:arm64.
#9 13.57 Preparing to unpack .../137-libsndfile1_1.2.0-1+deb12u1_arm64.deb ...
#9 13.57 Unpacking libsndfile1:arm64 (1.2.0-1+deb12u1) ...
#9 13.59 Selecting previously unselected package libpulse0:arm64.
#9 13.59 Preparing to unpack .../138-libpulse0_16.1+dfsg1-2+b1_arm64.deb ...
#9 13.59 Unpacking libpulse0:arm64 (16.1+dfsg1-2+b1) ...
#9 13.62 Selecting previously unselected package libspeex1:arm64.
#9 13.62 Preparing to unpack .../139-libspeex1_1.2.1-2_arm64.deb ...
#9 13.62 Unpacking libspeex1:arm64 (1.2.1-2) ...
#9 13.63 Selecting previously unselected package libshout3:arm64.
#9 13.63 Preparing to unpack .../140-libshout3_2.4.6-1+b1_arm64.deb ...
#9 13.64 Unpacking libshout3:arm64 (2.4.6-1+b1) ...
#9 13.65 Selecting previously unselected package libtag1v5-vanilla:arm64.
#9 13.65 Preparing to unpack .../141-libtag1v5-vanilla_1.13-2+deb12u1_arm64.deb ...
#9 13.65 Unpacking libtag1v5-vanilla:arm64 (1.13-2+deb12u1) ...
#9 13.68 Selecting previously unselected package libtag1v5:arm64.
#9 13.68 Preparing to unpack .../142-libtag1v5_1.13-2+deb12u1_arm64.deb ...
#9 13.68 Unpacking libtag1v5:arm64 (1.13-2+deb12u1) ...
#9 13.69 Selecting previously unselected package libtwolame0:arm64.
#9 13.69 Preparing to unpack .../143-libtwolame0_0.4.0-2_arm64.deb ...
#9 13.70 Unpacking libtwolame0:arm64 (0.4.0-2) ...
#9 13.71 Selecting previously unselected package libv4lconvert0:arm64.
#9 13.71 Preparing to unpack .../144-libv4lconvert0_1.22.1-5+b2_arm64.deb ...
#9 13.71 Unpacking libv4lconvert0:arm64 (1.22.1-5+b2) ...
#9 13.73 Selecting previously unselected package libv4l-0:arm64.
#9 13.73 Preparing to unpack .../145-libv4l-0_1.22.1-5+b2_arm64.deb ...
#9 13.74 Unpacking libv4l-0:arm64 (1.22.1-5+b2) ...
#9 13.75 Selecting previously unselected package libvpx7:arm64.
#9 13.75 Preparing to unpack .../146-libvpx7_1.12.0-1+deb12u5_arm64.deb ...
#9 13.75 Unpacking libvpx7:arm64 (1.12.0-1+deb12u5) ...
#9 13.80 Selecting previously unselected package libwavpack1:arm64.
#9 13.80 Preparing to unpack .../147-libwavpack1_5.6.0-1_arm64.deb ...
#9 13.81 Unpacking libwavpack1:arm64 (5.6.0-1) ...
#9 13.82 Preparing to unpack .../148-libxml2-dev_2.9.14+dfsg-1.3~deb12u6_arm64.deb ...
#9 13.83 Unpacking libxml2-dev:arm64 (2.9.14+dfsg-1.3~deb12u6) over (2.9.14+dfsg-1.3~deb12u5) ...
#9 13.90 Preparing to unpack .../149-libxml2_2.9.14+dfsg-1.3~deb12u6_arm64.deb ...
#9 13.91 Unpacking libxml2:arm64 (2.9.14+dfsg-1.3~deb12u6) over (2.9.14+dfsg-1.3~deb12u5) ...
#9 13.95 Selecting previously unselected package libsoup2.4-common.
#9 13.95 Preparing to unpack .../150-libsoup2.4-common_2.74.3-1+deb12u1_all.deb ...
#9 13.95 Unpacking libsoup2.4-common (2.74.3-1+deb12u1) ...
#9 13.97 Selecting previously unselected package libsoup2.4-1:arm64.
#9 13.97 Preparing to unpack .../151-libsoup2.4-1_2.74.3-1+deb12u1_arm64.deb ...
#9 13.97 Unpacking libsoup2.4-1:arm64 (2.74.3-1+deb12u1) ...
#9 13.99 Selecting previously unselected package gstreamer1.0-plugins-good:arm64.
#9 13.99 Preparing to unpack .../152-gstreamer1.0-plugins-good_1.22.0-5+deb12u3_arm64.deb ...
#9 14.00 Unpacking gstreamer1.0-plugins-good:arm64 (1.22.0-5+deb12u3) ...
#9 14.09 Selecting previously unselected package libglvnd0:arm64.
#9 14.09 Preparing to unpack .../153-libglvnd0_1.6.0-1_arm64.deb ...
#9 14.10 Unpacking libglvnd0:arm64 (1.6.0-1) ...
#9 14.11 Selecting previously unselected package libgles2:arm64.
#9 14.11 Preparing to unpack .../154-libgles2_1.6.0-1_arm64.deb ...
#9 14.11 Unpacking libgles2:arm64 (1.6.0-1) ...
#9 14.13 Selecting previously unselected package xdg-dbus-proxy.
#9 14.13 Preparing to unpack .../155-xdg-dbus-proxy_0.1.4-3+deb12u1_arm64.deb ...
#9 14.13 Unpacking xdg-dbus-proxy (0.1.4-3+deb12u1) ...
#9 14.14 Selecting previously unselected package libabsl20220623:arm64.
#9 14.14 Preparing to unpack .../156-libabsl20220623_20220623.1-1+deb12u2_arm64.deb ...
#9 14.14 Unpacking libabsl20220623:arm64 (20220623.1-1+deb12u2) ...
#9 14.18 Selecting previously unselected package libgav1-1:arm64.
#9 14.18 Preparing to unpack .../157-libgav1-1_0.18.0-1+b1_arm64.deb ...
#9 14.18 Unpacking libgav1-1:arm64 (0.18.0-1+b1) ...
#9 14.21 Selecting previously unselected package librav1e0:arm64.
#9 14.21 Preparing to unpack .../158-librav1e0_0.5.1-6_arm64.deb ...
#9 14.21 Unpacking librav1e0:arm64 (0.5.1-6) ...
#9 14.25 Selecting previously unselected package libsvtav1enc1:arm64.
#9 14.26 Preparing to unpack .../159-libsvtav1enc1_1.4.1+dfsg-1_arm64.deb ...
#9 14.26 Unpacking libsvtav1enc1:arm64 (1.4.1+dfsg-1) ...
#9 14.31 Selecting previously unselected package libyuv0:arm64.
#9 14.31 Preparing to unpack .../160-libyuv0_0.0~git20230123.b2528b0-1_arm64.deb ...
#9 14.31 Unpacking libyuv0:arm64 (0.0~git20230123.b2528b0-1) ...
#9 14.33 Selecting previously unselected package libavif15:arm64.
#9 14.34 Preparing to unpack .../161-libavif15_0.11.1-1+deb12u1_arm64.deb ...
#9 14.34 Unpacking libavif15:arm64 (0.11.1-1+deb12u1) ...
#9 14.35 Selecting previously unselected package libdrm-common.
#9 14.35 Preparing to unpack .../162-libdrm-common_2.4.114-1_all.deb ...
#9 14.35 Unpacking libdrm-common (2.4.114-1) ...
#9 14.36 Selecting previously unselected package libdrm2:arm64.
#9 14.37 Preparing to unpack .../163-libdrm2_2.4.114-1+b1_arm64.deb ...
#9 14.37 Unpacking libdrm2:arm64 (2.4.114-1+b1) ...
#9 14.38 Selecting previously unselected package hunspell-en-us.
#9 14.38 Preparing to unpack .../164-hunspell-en-us_1%3a2020.12.07-2_all.deb ...
#9 14.38 Unpacking hunspell-en-us (1:2020.12.07-2) ...
#9 14.40 Selecting previously unselected package libaspell15:arm64.
#9 14.40 Preparing to unpack .../165-libaspell15_0.60.8-4+b1_arm64.deb ...
#9 14.40 Unpacking libaspell15:arm64 (0.60.8-4+b1) ...
#9 14.43 Selecting previously unselected package libhunspell-1.7-0:arm64.
#9 14.44 Preparing to unpack .../166-libhunspell-1.7-0_1.7.1-1_arm64.deb ...
#9 14.44 Unpacking libhunspell-1.7-0:arm64 (1.7.1-1) ...
#9 14.46 Selecting previously unselected package libenchant-2-2:arm64.
#9 14.46 Preparing to unpack .../167-libenchant-2-2_2.3.3-2_arm64.deb ...
#9 14.46 Unpacking libenchant-2-2:arm64 (2.3.3-2) ...
#9 14.47 Selecting previously unselected package libasound2-data.
#9 14.47 Preparing to unpack .../168-libasound2-data_1.2.8-1_all.deb ...
#9 14.48 Unpacking libasound2-data (1.2.8-1) ...
#9 14.49 Selecting previously unselected package libasound2:arm64.
#9 14.49 Preparing to unpack .../169-libasound2_1.2.8-1+b1_arm64.deb ...
#9 14.50 Unpacking libasound2:arm64 (1.2.8-1+b1) ...
#9 14.52 Selecting previously unselected package libflite1:arm64.
#9 14.52 Preparing to unpack .../170-libflite1_2.2-5_arm64.deb ...
#9 14.53 Unpacking libflite1:arm64 (2.2-5) ...
#9 15.02 Selecting previously unselected package libwayland-server0:arm64.
#9 15.03 Preparing to unpack .../171-libwayland-server0_1.21.0-1_arm64.deb ...
#9 15.03 Unpacking libwayland-server0:arm64 (1.21.0-1) ...
#9 15.04 Selecting previously unselected package libgbm1:arm64.
#9 15.04 Preparing to unpack .../172-libgbm1_22.3.6-1+deb12u2_arm64.deb ...
#9 15.04 Unpacking libgbm1:arm64 (22.3.6-1+deb12u2) ...
#9 15.06 Selecting previously unselected package libglapi-mesa:arm64.
#9 15.06 Preparing to unpack .../173-libglapi-mesa_22.3.6-1+deb12u2_arm64.deb ...
#9 15.06 Unpacking libglapi-mesa:arm64 (22.3.6-1+deb12u2) ...
#9 15.07 Selecting previously unselected package libxcb-dri2-0:arm64.
#9 15.08 Preparing to unpack .../174-libxcb-dri2-0_1.15-1_arm64.deb ...
#9 15.08 Unpacking libxcb-dri2-0:arm64 (1.15-1) ...
#9 15.09 Selecting previously unselected package libxcb-dri3-0:arm64.
#9 15.09 Preparing to unpack .../175-libxcb-dri3-0_1.15-1_arm64.deb ...
#9 15.09 Unpacking libxcb-dri3-0:arm64 (1.15-1) ...
#9 15.11 Selecting previously unselected package libxcb-present0:arm64.
#9 15.11 Preparing to unpack .../176-libxcb-present0_1.15-1_arm64.deb ...
#9 15.11 Unpacking libxcb-present0:arm64 (1.15-1) ...
#9 15.13 Selecting previously unselected package libxcb-randr0:arm64.
#9 15.13 Preparing to unpack .../177-libxcb-randr0_1.15-1_arm64.deb ...
#9 15.13 Unpacking libxcb-randr0:arm64 (1.15-1) ...
#9 15.15 Selecting previously unselected package libxcb-sync1:arm64.
#9 15.15 Preparing to unpack .../178-libxcb-sync1_1.15-1_arm64.deb ...
#9 15.15 Unpacking libxcb-sync1:arm64 (1.15-1) ...
#9 15.16 Selecting previously unselected package libxcb-xfixes0:arm64.
#9 15.17 Preparing to unpack .../179-libxcb-xfixes0_1.15-1_arm64.deb ...
#9 15.17 Unpacking libxcb-xfixes0:arm64 (1.15-1) ...
#9 15.18 Selecting previously unselected package libxshmfence1:arm64.
#9 15.18 Preparing to unpack .../180-libxshmfence1_1.3-1_arm64.deb ...
#9 15.19 Unpacking libxshmfence1:arm64 (1.3-1) ...
#9 15.20 Selecting previously unselected package libegl-mesa0:arm64.
#9 15.20 Preparing to unpack .../181-libegl-mesa0_22.3.6-1+deb12u2_arm64.deb ...
#9 15.20 Unpacking libegl-mesa0:arm64 (22.3.6-1+deb12u2) ...
#9 15.22 Selecting previously unselected package libegl1:arm64.
#9 15.22 Preparing to unpack .../182-libegl1_1.6.0-1_arm64.deb ...
#9 15.22 Unpacking libegl1:arm64 (1.6.0-1) ...
#9 15.23 Selecting previously unselected package libxcb-glx0:arm64.
#9 15.24 Preparing to unpack .../183-libxcb-glx0_1.15-1_arm64.deb ...
#9 15.24 Unpacking libxcb-glx0:arm64 (1.15-1) ...
#9 15.25 Selecting previously unselected package libxxf86vm1:arm64.
#9 15.25 Preparing to unpack .../184-libxxf86vm1_1%3a1.1.4-1+b2_arm64.deb ...
#9 15.26 Unpacking libxxf86vm1:arm64 (1:1.1.4-1+b2) ...
#9 15.27 Selecting previously unselected package libdrm-amdgpu1:arm64.
#9 15.27 Preparing to unpack .../185-libdrm-amdgpu1_2.4.114-1+b1_arm64.deb ...
#9 15.27 Unpacking libdrm-amdgpu1:arm64 (2.4.114-1+b1) ...
#9 15.28 Selecting previously unselected package libdrm-nouveau2:arm64.
#9 15.28 Preparing to unpack .../186-libdrm-nouveau2_2.4.114-1+b1_arm64.deb ...
#9 15.29 Unpacking libdrm-nouveau2:arm64 (2.4.114-1+b1) ...
#9 15.30 Selecting previously unselected package libdrm-radeon1:arm64.
#9 15.30 Preparing to unpack .../187-libdrm-radeon1_2.4.114-1+b1_arm64.deb ...
#9 15.30 Unpacking libdrm-radeon1:arm64 (2.4.114-1+b1) ...
#9 15.31 Selecting previously unselected package libz3-4:arm64.
#9 15.31 Preparing to unpack .../188-libz3-4_4.8.12-3.1_arm64.deb ...
#9 15.31 Unpacking libz3-4:arm64 (4.8.12-3.1) ...
#9 15.57 Selecting previously unselected package libllvm15:arm64.
#9 15.58 Preparing to unpack .../189-libllvm15_1%3a15.0.6-4+b1_arm64.deb ...
#9 15.58 Unpacking libllvm15:arm64 (1:15.0.6-4+b1) ...
#9 15.99 Selecting previously unselected package libsensors-config.
#9 16.00 Preparing to unpack .../190-libsensors-config_1%3a3.6.0-7.1_all.deb ...
#9 16.00 Unpacking libsensors-config (1:3.6.0-7.1) ...
#9 16.01 Selecting previously unselected package libsensors5:arm64.
#9 16.01 Preparing to unpack .../191-libsensors5_1%3a3.6.0-7.1_arm64.deb ...
#9 16.02 Unpacking libsensors5:arm64 (1:3.6.0-7.1) ...
#9 16.04 Selecting previously unselected package libgl1-mesa-dri:arm64.
#9 16.04 Preparing to unpack .../192-libgl1-mesa-dri_22.3.6-1+deb12u2_arm64.deb ...
#9 16.04 Unpacking libgl1-mesa-dri:arm64 (22.3.6-1+deb12u2) ...
#9 16.31 Selecting previously unselected package libglx-mesa0:arm64.
#9 16.31 Preparing to unpack .../193-libglx-mesa0_22.3.6-1+deb12u2_arm64.deb ...
#9 16.31 Unpacking libglx-mesa0:arm64 (22.3.6-1+deb12u2) ...
#9 16.33 Selecting previously unselected package libglx0:arm64.
#9 16.33 Preparing to unpack .../194-libglx0_1.6.0-1_arm64.deb ...
#9 16.33 Unpacking libglx0:arm64 (1.6.0-1) ...
#9 16.34 Selecting previously unselected package libgl1:arm64.
#9 16.34 Preparing to unpack .../195-libgl1_1.6.0-1_arm64.deb ...
#9 16.35 Unpacking libgl1:arm64 (1.6.0-1) ...
#9 16.36 Selecting previously unselected package libgstreamer-gl1.0-0:arm64.
#9 16.37 Preparing to unpack .../196-libgstreamer-gl1.0-0_1.22.0-3+deb12u7_arm64.deb ...
#9 16.37 Unpacking libgstreamer-gl1.0-0:arm64 (1.22.0-3+deb12u7) ...
#9 16.39 Selecting previously unselected package libharfbuzz-icu0:arm64.
#9 16.39 Preparing to unpack .../197-libharfbuzz-icu0_6.0.0+dfsg-3_arm64.deb ...
#9 16.39 Unpacking libharfbuzz-icu0:arm64 (6.0.0+dfsg-3) ...
#9 16.41 Selecting previously unselected package libhyphen0:arm64.
#9 16.41 Preparing to unpack .../198-libhyphen0_2.8.8-7_arm64.deb ...
#9 16.41 Unpacking libhyphen0:arm64 (2.8.8-7) ...
#9 16.43 Selecting previously unselected package libevdev2:arm64.
#9 16.43 Preparing to unpack .../199-libevdev2_1.13.0+dfsg-1_arm64.deb ...
#9 16.43 Unpacking libevdev2:arm64 (1.13.0+dfsg-1) ...
#9 16.44 Selecting previously unselected package libmanette-0.2-0:arm64.
#9 16.45 Preparing to unpack .../200-libmanette-0.2-0_0.2.6-3+b1_arm64.deb ...
#9 16.45 Unpacking libmanette-0.2-0:arm64 (0.2.6-3+b1) ...
#9 16.46 Selecting previously unselected package libsecret-common.
#9 16.46 Preparing to unpack .../201-libsecret-common_0.20.5-3_all.deb ...
#9 16.46 Unpacking libsecret-common (0.20.5-3) ...
#9 16.47 Selecting previously unselected package libsecret-1-0:arm64.
#9 16.48 Preparing to unpack .../202-libsecret-1-0_0.20.5-3_arm64.deb ...
#9 16.48 Unpacking libsecret-1-0:arm64 (0.20.5-3) ...
#9 16.49 Selecting previously unselected package libwoff1:arm64.
#9 16.49 Preparing to unpack .../203-libwoff1_1.0.2-2_arm64.deb ...
#9 16.49 Unpacking libwoff1:arm64 (1.0.2-2) ...
#9 16.51 Selecting previously unselected package libwebkit2gtk-4.1-0:arm64.
#9 16.51 Preparing to unpack .../204-libwebkit2gtk-4.1-0_2.50.6-1~deb12u2_arm64.deb ...
#9 16.51 Unpacking libwebkit2gtk-4.1-0:arm64 (2.50.6-1~deb12u2) ...
#9 16.85 Selecting previously unselected package gir1.2-webkit2-4.1:arm64.
#9 16.85 Preparing to unpack .../205-gir1.2-webkit2-4.1_2.50.6-1~deb12u2_arm64.deb ...
#9 16.85 Unpacking gir1.2-webkit2-4.1:arm64 (2.50.6-1~deb12u2) ...
#9 16.87 Selecting previously unselected package python3-pkg-resources.
#9 16.87 Preparing to unpack .../206-python3-pkg-resources_66.1.1-1+deb12u2_all.deb ...
#9 16.87 Unpacking python3-pkg-resources (66.1.1-1+deb12u2) ...
#9 16.89 Selecting previously unselected package python3-markupsafe.
#9 16.90 Preparing to unpack .../207-python3-markupsafe_2.1.2-1+b1_arm64.deb ...
#9 16.90 Unpacking python3-markupsafe (2.1.2-1+b1) ...
#9 16.91 Selecting previously unselected package python3-mako.
#9 16.91 Preparing to unpack .../208-python3-mako_1.2.4+ds-1_all.deb ...
#9 16.91 Unpacking python3-mako (1.2.4+ds-1) ...
#9 16.92 Selecting previously unselected package python3-markdown.
#9 16.93 Preparing to unpack .../209-python3-markdown_3.4.1-2+deb12u1_all.deb ...
#9 16.93 Unpacking python3-markdown (3.4.1-2+deb12u1) ...
#9 16.94 Selecting previously unselected package gobject-introspection.
#9 16.94 Preparing to unpack .../210-gobject-introspection_1.74.0-3_arm64.deb ...
#9 16.94 Unpacking gobject-introspection (1.74.0-3) ...
#9 16.97 Selecting previously unselected package libglx-dev:arm64.
#9 16.97 Preparing to unpack .../211-libglx-dev_1.6.0-1_arm64.deb ...
#9 16.97 Unpacking libglx-dev:arm64 (1.6.0-1) ...
#9 16.98 Selecting previously unselected package libgl-dev:arm64.
#9 16.98 Preparing to unpack .../212-libgl-dev_1.6.0-1_arm64.deb ...
#9 16.99 Unpacking libgl-dev:arm64 (1.6.0-1) ...
#9 17.00 Selecting previously unselected package libegl-dev:arm64.
#9 17.00 Preparing to unpack .../213-libegl-dev_1.6.0-1_arm64.deb ...
#9 17.00 Unpacking libegl-dev:arm64 (1.6.0-1) ...
#9 17.01 Selecting previously unselected package libglvnd-core-dev:arm64.
#9 17.02 Preparing to unpack .../214-libglvnd-core-dev_1.6.0-1_arm64.deb ...
#9 17.02 Unpacking libglvnd-core-dev:arm64 (1.6.0-1) ...
#9 17.03 Selecting previously unselected package libgles1:arm64.
#9 17.03 Preparing to unpack .../215-libgles1_1.6.0-1_arm64.deb ...
#9 17.03 Unpacking libgles1:arm64 (1.6.0-1) ...
#9 17.05 Selecting previously unselected package libgles-dev:arm64.
#9 17.05 Preparing to unpack .../216-libgles-dev_1.6.0-1_arm64.deb ...
#9 17.05 Unpacking libgles-dev:arm64 (1.6.0-1) ...
#9 17.06 Selecting previously unselected package libopengl0:arm64.
#9 17.07 Preparing to unpack .../217-libopengl0_1.6.0-1_arm64.deb ...
#9 17.07 Unpacking libopengl0:arm64 (1.6.0-1) ...
#9 17.08 Selecting previously unselected package libopengl-dev:arm64.
#9 17.08 Preparing to unpack .../218-libopengl-dev_1.6.0-1_arm64.deb ...
#9 17.08 Unpacking libopengl-dev:arm64 (1.6.0-1) ...
#9 17.09 Selecting previously unselected package libglvnd-dev:arm64.
#9 17.09 Preparing to unpack .../219-libglvnd-dev_1.6.0-1_arm64.deb ...
#9 17.09 Unpacking libglvnd-dev:arm64 (1.6.0-1) ...
#9 17.10 Selecting previously unselected package libegl1-mesa-dev:arm64.
#9 17.11 Preparing to unpack .../220-libegl1-mesa-dev_22.3.6-1+deb12u2_arm64.deb ...
#9 17.11 Unpacking libegl1-mesa-dev:arm64 (22.3.6-1+deb12u2) ...
#9 17.12 Selecting previously unselected package libepoxy-dev:arm64.
#9 17.12 Preparing to unpack .../221-libepoxy-dev_1.5.10-1_arm64.deb ...
#9 17.12 Unpacking libepoxy-dev:arm64 (1.5.10-1) ...
#9 17.14 Selecting previously unselected package libgirepository1.0-dev.
#9 17.14 Preparing to unpack .../222-libgirepository1.0-dev_1.74.0-3_arm64.deb ...
#9 17.14 Unpacking libgirepository1.0-dev (1.74.0-3) ...
#9 17.19 Selecting previously unselected package libgraphene-1.0-dev.
#9 17.19 Preparing to unpack .../223-libgraphene-1.0-dev_1.10.8-1_arm64.deb ...
#9 17.19 Unpacking libgraphene-1.0-dev (1.10.8-1) ...
#9 17.21 Selecting previously unselected package libfribidi-dev:arm64.
#9 17.21 Preparing to unpack .../224-libfribidi-dev_1.0.8-2.1_arm64.deb ...
#9 17.21 Unpacking libfribidi-dev:arm64 (1.0.8-2.1) ...
#9 17.23 Selecting previously unselected package libharfbuzz-gobject0:arm64.
#9 17.23 Preparing to unpack .../225-libharfbuzz-gobject0_6.0.0+dfsg-3_arm64.deb ...
#9 17.23 Unpacking libharfbuzz-gobject0:arm64 (6.0.0+dfsg-3) ...
#9 17.25 Selecting previously unselected package libharfbuzz-subset0:arm64.
#9 17.25 Preparing to unpack .../226-libharfbuzz-subset0_6.0.0+dfsg-3_arm64.deb ...
#9 17.25 Unpacking libharfbuzz-subset0:arm64 (6.0.0+dfsg-3) ...
#9 17.29 Preparing to unpack .../227-libgraphite2-3_1.3.14-1+deb12u1_arm64.deb ...
#9 17.29 Unpacking libgraphite2-3:arm64 (1.3.14-1+deb12u1) over (1.3.14-1) ...
#9 17.31 Selecting previously unselected package libgraphite2-dev:arm64.
#9 17.31 Preparing to unpack .../228-libgraphite2-dev_1.3.14-1+deb12u1_arm64.deb ...
#9 17.31 Unpacking libgraphite2-dev:arm64 (1.3.14-1+deb12u1) ...
#9 17.32 Selecting previously unselected package libharfbuzz-dev:arm64.
#9 17.32 Preparing to unpack .../229-libharfbuzz-dev_6.0.0+dfsg-3_arm64.deb ...
#9 17.33 Unpacking libharfbuzz-dev:arm64 (6.0.0+dfsg-3) ...
#9 17.35 Selecting previously unselected package libdatrie-dev:arm64.
#9 17.35 Preparing to unpack .../230-libdatrie-dev_0.2.13-2+b1_arm64.deb ...
#9 17.35 Unpacking libdatrie-dev:arm64 (0.2.13-2+b1) ...
#9 17.36 Selecting previously unselected package libthai-dev:arm64.
#9 17.36 Preparing to unpack .../231-libthai-dev_0.1.29-1_arm64.deb ...
#9 17.37 Unpacking libthai-dev:arm64 (0.1.29-1) ...
#9 17.38 Selecting previously unselected package libxft-dev:arm64.
#9 17.38 Preparing to unpack .../232-libxft-dev_2.3.6-1_arm64.deb ...
#9 17.38 Unpacking libxft-dev:arm64 (2.3.6-1) ...
#9 17.39 Selecting previously unselected package pango1.0-tools.
#9 17.40 Preparing to unpack .../233-pango1.0-tools_1.50.12+ds-1_arm64.deb ...
#9 17.40 Unpacking pango1.0-tools (1.50.12+ds-1) ...
#9 17.41 Selecting previously unselected package libpango1.0-dev:arm64.
#9 17.41 Preparing to unpack .../234-libpango1.0-dev_1.50.12+ds-1_arm64.deb ...
#9 17.41 Unpacking libpango1.0-dev:arm64 (1.50.12+ds-1) ...
#9 17.43 Selecting previously unselected package libwayland-bin.
#9 17.43 Preparing to unpack .../235-libwayland-bin_1.21.0-1_arm64.deb ...
#9 17.43 Unpacking libwayland-bin (1.21.0-1) ...
#9 17.44 Selecting previously unselected package libwayland-dev:arm64.
#9 17.44 Preparing to unpack .../236-libwayland-dev_1.21.0-1_arm64.deb ...
#9 17.45 Unpacking libwayland-dev:arm64 (1.21.0-1) ...
#9 17.46 Selecting previously unselected package libxfixes-dev:arm64.
#9 17.46 Preparing to unpack .../237-libxfixes-dev_1%3a6.0.0-2_arm64.deb ...
#9 17.46 Unpacking libxfixes-dev:arm64 (1:6.0.0-2) ...
#9 17.47 Selecting previously unselected package libxcomposite-dev:arm64.
#9 17.47 Preparing to unpack .../238-libxcomposite-dev_1%3a0.4.5-1_arm64.deb ...
#9 17.47 Unpacking libxcomposite-dev:arm64 (1:0.4.5-1) ...
#9 17.48 Selecting previously unselected package libxcursor-dev:arm64.
#9 17.49 Preparing to unpack .../239-libxcursor-dev_1%3a1.2.1-1_arm64.deb ...
#9 17.49 Unpacking libxcursor-dev:arm64 (1:1.2.1-1) ...
#9 17.50 Selecting previously unselected package libxdamage-dev:arm64.
#9 17.50 Preparing to unpack .../240-libxdamage-dev_1%3a1.1.6-1_arm64.deb ...
#9 17.50 Unpacking libxdamage-dev:arm64 (1:1.1.6-1) ...
#9 17.51 Selecting previously unselected package libxi-dev:arm64.
#9 17.51 Preparing to unpack .../241-libxi-dev_2%3a1.8-1+b1_arm64.deb ...
#9 17.52 Unpacking libxi-dev:arm64 (2:1.8-1+b1) ...
#9 17.54 Selecting previously unselected package libxinerama-dev:arm64.
#9 17.54 Preparing to unpack .../242-libxinerama-dev_2%3a1.1.4-3_arm64.deb ...
#9 17.54 Unpacking libxinerama-dev:arm64 (2:1.1.4-3) ...
#9 17.55 Selecting previously unselected package libxkbcommon-dev:arm64.
#9 17.55 Preparing to unpack .../243-libxkbcommon-dev_1.5.0-1_arm64.deb ...
#9 17.56 Unpacking libxkbcommon-dev:arm64 (1.5.0-1) ...
#9 17.57 Selecting previously unselected package libxrandr-dev:arm64.
#9 17.57 Preparing to unpack .../244-libxrandr-dev_2%3a1.5.2-2+b1_arm64.deb ...
#9 17.57 Unpacking libxrandr-dev:arm64 (2:1.5.2-2+b1) ...
#9 17.58 Selecting previously unselected package libvulkan1:arm64.
#9 17.58 Preparing to unpack .../245-libvulkan1_1.3.239.0-1_arm64.deb ...
#9 17.58 Unpacking libvulkan1:arm64 (1.3.239.0-1) ...
#9 17.60 Selecting previously unselected package libvulkan-dev:arm64.
#9 17.60 Preparing to unpack .../246-libvulkan-dev_1.3.239.0-1_arm64.deb ...
#9 17.60 Unpacking libvulkan-dev:arm64 (1.3.239.0-1) ...
#9 17.71 Selecting previously unselected package wayland-protocols.
#9 17.71 Preparing to unpack .../247-wayland-protocols_1.31-1_all.deb ...
#9 17.72 Unpacking wayland-protocols (1.31-1) ...
#9 17.76 Selecting previously unselected package libgtk-4-dev:arm64.
#9 17.76 Preparing to unpack .../248-libgtk-4-dev_4.8.3+ds-2+deb12u1_arm64.deb ...
#9 17.76 Unpacking libgtk-4-dev:arm64 (4.8.3+ds-2+deb12u1) ...
#9 17.81 Selecting previously unselected package libadwaita-1-dev:arm64.
#9 17.81 Preparing to unpack .../249-libadwaita-1-dev_1.2.2-1_arm64.deb ...
#9 17.82 Unpacking libadwaita-1-dev:arm64 (1.2.2-1) ...
#9 17.83 Selecting previously unselected package libatk1.0-dev:arm64.
#9 17.84 Preparing to unpack .../250-libatk1.0-dev_2.46.0-5_arm64.deb ...
#9 17.84 Unpacking libatk1.0-dev:arm64 (2.46.0-5) ...
#9 17.85 Selecting previously unselected package xml-core.
#9 17.85 Preparing to unpack .../251-xml-core_0.18+nmu1_all.deb ...
#9 17.86 Unpacking xml-core (0.18+nmu1) ...
#9 17.87 Selecting previously unselected package libdbus-1-dev:arm64.
#9 17.87 Preparing to unpack .../252-libdbus-1-dev_1.14.10-1~deb12u1_arm64.deb ...
#9 17.87 Unpacking libdbus-1-dev:arm64 (1.14.10-1~deb12u1) ...
#9 17.89 Selecting previously unselected package libxtst-dev:arm64.
#9 17.90 Preparing to unpack .../253-libxtst-dev_2%3a1.2.3-1.1_arm64.deb ...
#9 17.90 Unpacking libxtst-dev:arm64 (2:1.2.3-1.1) ...
#9 17.91 Selecting previously unselected package libatspi2.0-dev:arm64.
#9 17.91 Preparing to unpack .../254-libatspi2.0-dev_2.46.0-5_arm64.deb ...
#9 17.91 Unpacking libatspi2.0-dev:arm64 (2.46.0-5) ...
#9 17.92 Selecting previously unselected package libatk-bridge2.0-dev:arm64.
#9 17.92 Preparing to unpack .../255-libatk-bridge2.0-dev_2.46.0-5_arm64.deb ...
#9 17.93 Unpacking libatk-bridge2.0-dev:arm64 (2.46.0-5) ...
#9 17.94 Selecting previously unselected package libgtk-3-dev:arm64.
#9 17.94 Preparing to unpack .../256-libgtk-3-dev_3.24.38-2~deb12u3_arm64.deb ...
#9 17.94 Unpacking libgtk-3-dev:arm64 (3.24.38-2~deb12u3) ...
#9 18.00 Selecting previously unselected package libayatana-ido3-dev.
#9 18.00 Preparing to unpack .../257-libayatana-ido3-dev_0.9.3-1_arm64.deb ...
#9 18.01 Unpacking libayatana-ido3-dev (0.9.3-1) ...
#9 18.02 Selecting previously unselected package libayatana-indicator3-dev.
#9 18.02 Preparing to unpack .../258-libayatana-indicator3-dev_0.9.3-1_arm64.deb ...
#9 18.02 Unpacking libayatana-indicator3-dev (0.9.3-1) ...
#9 18.03 Selecting previously unselected package libxml2-utils.
#9 18.03 Preparing to unpack .../259-libxml2-utils_2.9.14+dfsg-1.3~deb12u6_arm64.deb ...
#9 18.04 Unpacking libxml2-utils (2.9.14+dfsg-1.3~deb12u6) ...
#9 18.05 Selecting previously unselected package libgtk2.0-dev:arm64.
#9 18.05 Preparing to unpack .../260-libgtk2.0-dev_2.24.33-2+deb12u1_arm64.deb ...
#9 18.05 Unpacking libgtk2.0-dev:arm64 (2.24.33-2+deb12u1) ...
#9 18.10 Selecting previously unselected package libdbusmenu-glib-dev:arm64.
#9 18.10 Preparing to unpack .../261-libdbusmenu-glib-dev_18.10.20180917~bzr492+repack1-3_arm64.deb ...
#9 18.10 Unpacking libdbusmenu-glib-dev:arm64 (18.10.20180917~bzr492+repack1-3) ...
#9 18.11 Selecting previously unselected package libayatana-appindicator3-dev.
#9 18.12 Preparing to unpack .../262-libayatana-appindicator3-dev_0.5.92-1_arm64.deb ...
#9 18.12 Unpacking libayatana-appindicator3-dev (0.5.92-1) ...
#9 18.13 Selecting previously unselected package libgc1:arm64.
#9 18.13 Preparing to unpack .../263-libgc1_1%3a8.2.2-3_arm64.deb ...
#9 18.13 Unpacking libgc1:arm64 (1:8.2.2-3) ...
#9 18.15 Selecting previously unselected package libobjc4:arm64.
#9 18.15 Preparing to unpack .../264-libobjc4_12.2.0-14+deb12u1_arm64.deb ...
#9 18.15 Unpacking libobjc4:arm64 (12.2.0-14+deb12u1) ...
#9 18.17 Selecting previously unselected package libobjc-12-dev:arm64.
#9 18.17 Preparing to unpack .../265-libobjc-12-dev_12.2.0-14+deb12u1_arm64.deb ...
#9 18.17 Unpacking libobjc-12-dev:arm64 (12.2.0-14+deb12u1) ...
#9 18.19 Selecting previously unselected package libllvm14:arm64.
#9 18.19 Preparing to unpack .../266-libllvm14_1%3a14.0.6-12_arm64.deb ...
#9 18.19 Unpacking libllvm14:arm64 (1:14.0.6-12) ...
#9 18.66 Selecting previously unselected package libclang1-14.
#9 18.66 Preparing to unpack .../267-libclang1-14_1%3a14.0.6-12_arm64.deb ...
#9 18.66 Unpacking libclang1-14 (1:14.0.6-12) ...
#9 18.90 Selecting previously unselected package libclang-common-14-dev.
#9 18.90 Preparing to unpack .../268-libclang-common-14-dev_1%3a14.0.6-12_all.deb ...
#9 18.90 Unpacking libclang-common-14-dev (1:14.0.6-12) ...
#9 19.02 Selecting previously unselected package libclang-14-dev.
#9 19.02 Preparing to unpack .../269-libclang-14-dev_1%3a14.0.6-12_arm64.deb ...
#9 19.03 Unpacking libclang-14-dev (1:14.0.6-12) ...
#9 19.83 Selecting previously unselected package libclang-dev.
#9 19.83 Preparing to unpack .../270-libclang-dev_1%3a14.0-55.7~deb12u1_arm64.deb ...
#9 19.84 Unpacking libclang-dev (1:14.0-55.7~deb12u1) ...
#9 19.87 Selecting previously unselected package libgarcon-common.
#9 19.87 Preparing to unpack .../271-libgarcon-common_4.18.0-1_all.deb ...
#9 19.88 Unpacking libgarcon-common (4.18.0-1) ...
#9 19.90 Selecting previously unselected package libgarcon-1-0:arm64.
#9 19.90 Preparing to unpack .../272-libgarcon-1-0_4.18.0-1_arm64.deb ...
#9 19.90 Unpacking libgarcon-1-0:arm64 (4.18.0-1) ...
#9 19.92 Selecting previously unselected package libgarcon-gtk3-1-0:arm64.
#9 19.92 Preparing to unpack .../273-libgarcon-gtk3-1-0_4.18.0-1_arm64.deb ...
#9 19.92 Unpacking libgarcon-gtk3-1-0:arm64 (4.18.0-1) ...
#9 19.93 Selecting previously unselected package libgbm-dev:arm64.
#9 19.93 Preparing to unpack .../274-libgbm-dev_22.3.6-1+deb12u2_arm64.deb ...
#9 19.94 Unpacking libgbm-dev:arm64 (22.3.6-1+deb12u2) ...
#9 19.95 Selecting previously unselected package libgif7:arm64.
#9 19.95 Preparing to unpack .../275-libgif7_5.2.1-2.5+deb12u1_arm64.deb ...
#9 19.95 Unpacking libgif7:arm64 (5.2.1-2.5+deb12u1) ...
#9 19.96 Selecting previously unselected package libgs-common.
#9 19.96 Preparing to unpack .../276-libgs-common_10.0.0~dfsg-11+deb12u8_all.deb ...
#9 19.97 Unpacking libgs-common (10.0.0~dfsg-11+deb12u8) ...
#9 19.98 Selecting previously unselected package libgs10-common.
#9 19.98 Preparing to unpack .../277-libgs10-common_10.0.0~dfsg-11+deb12u8_all.deb ...
#9 19.98 Unpacking libgs10-common (10.0.0~dfsg-11+deb12u8) ...
#9 20.03 Selecting previously unselected package libidn12:arm64.
#9 20.03 Preparing to unpack .../278-libidn12_1.41-1_arm64.deb ...
#9 20.03 Unpacking libidn12:arm64 (1.41-1) ...
#9 20.05 Selecting previously unselected package libijs-0.35:arm64.
#9 20.05 Preparing to unpack .../279-libijs-0.35_0.35-15_arm64.deb ...
#9 20.06 Unpacking libijs-0.35:arm64 (0.35-15) ...
#9 20.08 Selecting previously unselected package libjbig2dec0:arm64.
#9 20.09 Preparing to unpack .../280-libjbig2dec0_0.19-3+deb12u1_arm64.deb ...
#9 20.09 Unpacking libjbig2dec0:arm64 (0.19-3+deb12u1) ...
#9 20.12 Selecting previously unselected package libpaper1:arm64.
#9 20.13 Preparing to unpack .../281-libpaper1_1.1.29_arm64.deb ...
#9 20.13 Unpacking libpaper1:arm64 (1.1.29) ...
#9 20.14 Selecting previously unselected package libgs10:arm64.
#9 20.14 Preparing to unpack .../282-libgs10_10.0.0~dfsg-11+deb12u8_arm64.deb ...
#9 20.14 Unpacking libgs10:arm64 (10.0.0~dfsg-11+deb12u8) ...
#9 20.28 Selecting previously unselected package libhwy1:arm64.
#9 20.28 Preparing to unpack .../283-libhwy1_1.0.3-3+deb12u1_arm64.deb ...
#9 20.28 Unpacking libhwy1:arm64 (1.0.3-3+deb12u1) ...
#9 20.31 Selecting previously unselected package libid3tag0:arm64.
#9 20.31 Preparing to unpack .../284-libid3tag0_0.15.1b-14_arm64.deb ...
#9 20.31 Unpacking libid3tag0:arm64 (0.15.1b-14) ...
#9 20.32 Selecting previously unselected package libimagequant0:arm64.
#9 20.33 Preparing to unpack .../285-libimagequant0_2.17.0-1_arm64.deb ...
#9 20.33 Unpacking libimagequant0:arm64 (2.17.0-1) ...
#9 20.35 Selecting previously unselected package libjxl0.7:arm64.
#9 20.35 Preparing to unpack .../286-libjxl0.7_0.7.0-10+deb12u1_arm64.deb ...
#9 20.35 Unpacking libjxl0.7:arm64 (0.7.0-10+deb12u1) ...
#9 20.39 Selecting previously unselected package libspectre1:arm64.
#9 20.39 Preparing to unpack .../287-libspectre1_0.2.12-1_arm64.deb ...
#9 20.40 Unpacking libspectre1:arm64 (0.2.12-1) ...
#9 20.41 Selecting previously unselected package libimlib2:arm64.
#9 20.41 Preparing to unpack .../288-libimlib2_1.10.0-4+deb12u1_arm64.deb ...
#9 20.41 Unpacking libimlib2:arm64 (1.10.0-4+deb12u1) ...
#9 20.44 Selecting previously unselected package libjavascriptcoregtk-4.1-dev:arm64.
#9 20.44 Preparing to unpack .../289-libjavascriptcoregtk-4.1-dev_2.50.6-1~deb12u2_arm64.deb ...
#9 20.44 Unpacking libjavascriptcoregtk-4.1-dev:arm64 (2.50.6-1~deb12u2) ...
#9 20.45 Selecting previously unselected package libjson-glib-dev:arm64.
#9 20.45 Preparing to unpack .../290-libjson-glib-dev_1.6.6-1_arm64.deb ...
#9 20.46 Unpacking libjson-glib-dev:arm64 (1.6.6-1) ...
#9 20.47 Selecting previously unselected package libnghttp2-dev:arm64.
#9 20.47 Preparing to unpack .../291-libnghttp2-dev_1.52.0-1+deb12u3_arm64.deb ...
#9 20.47 Unpacking libnghttp2-dev:arm64 (1.52.0-1+deb12u3) ...
#9 20.49 Selecting previously unselected package libobt2v5.
#9 20.49 Preparing to unpack .../292-libobt2v5_3.6.1-10_arm64.deb ...
#9 20.49 Unpacking libobt2v5 (3.6.1-10) ...
#9 20.51 Selecting previously unselected package libobrender32v5.
#9 20.51 Preparing to unpack .../293-libobrender32v5_3.6.1-10_arm64.deb ...
#9 20.51 Unpacking libobrender32v5 (3.6.1-10) ...
#9 20.53 Selecting previously unselected package libwebrtc-audio-processing1:arm64.
#9 20.53 Preparing to unpack .../294-libwebrtc-audio-processing1_0.3-1+b1_arm64.deb ...
#9 20.53 Unpacking libwebrtc-audio-processing1:arm64 (0.3-1+b1) ...
#9 20.55 Selecting previously unselected package libspa-0.2-modules:arm64.
#9 20.55 Preparing to unpack .../295-libspa-0.2-modules_0.3.65-3+deb12u1_arm64.deb ...
#9 20.55 Unpacking libspa-0.2-modules:arm64 (0.3.65-3+deb12u1) ...
#9 20.59 Selecting previously unselected package libpipewire-0.3-0:arm64.
#9 20.60 Preparing to unpack .../296-libpipewire-0.3-0_0.3.65-3+deb12u1_arm64.deb ...
#9 20.60 Unpacking libpipewire-0.3-0:arm64 (0.3.65-3+deb12u1) ...
#9 20.62 Selecting previously unselected package libspa-0.2-dev:arm64.
#9 20.62 Preparing to unpack .../297-libspa-0.2-dev_0.3.65-3+deb12u1_arm64.deb ...
#9 20.62 Unpacking libspa-0.2-dev:arm64 (0.3.65-3+deb12u1) ...
#9 20.64 Selecting previously unselected package libpipewire-0.3-dev:arm64.
#9 20.64 Preparing to unpack .../298-libpipewire-0.3-dev_0.3.65-3+deb12u1_arm64.deb ...
#9 20.64 Unpacking libpipewire-0.3-dev:arm64 (0.3.65-3+deb12u1) ...
#9 20.66 Selecting previously unselected package libpolkit-gobject-1-dev.
#9 20.66 Preparing to unpack .../299-libpolkit-gobject-1-dev_122-3_arm64.deb ...
#9 20.66 Unpacking libpolkit-gobject-1-dev (122-3) ...
#9 20.67 Selecting previously unselected package libpsl-dev:arm64.
#9 20.67 Preparing to unpack .../300-libpsl-dev_0.21.2-1_arm64.deb ...
#9 20.67 Unpacking libpsl-dev:arm64 (0.21.2-1) ...
#9 20.69 Selecting previously unselected package libraqm0:arm64.
#9 20.69 Preparing to unpack .../301-libraqm0_0.7.0-4.1_arm64.deb ...
#9 20.69 Unpacking libraqm0:arm64 (0.7.0-4.1) ...
#9 20.71 Selecting previously unselected package libsysprof-4:arm64.
#9 20.71 Preparing to unpack .../302-libsysprof-4_3.46.0-4_arm64.deb ...
#9 20.71 Unpacking libsysprof-4:arm64 (3.46.0-4) ...
#9 20.73 Selecting previously unselected package libsysprof-ui-5:arm64.
#9 20.73 Preparing to unpack .../303-libsysprof-ui-5_3.46.0-4_arm64.deb ...
#9 20.73 Unpacking libsysprof-ui-5:arm64 (3.46.0-4) ...
#9 20.75 Selecting previously unselected package libsysprof-4-dev:arm64.
#9 20.75 Preparing to unpack .../304-libsysprof-4-dev_3.46.0-4_arm64.deb ...
#9 20.75 Unpacking libsysprof-4-dev:arm64 (3.46.0-4) ...
#9 20.76 Selecting previously unselected package libsoup-3.0-dev:arm64.
#9 20.76 Preparing to unpack .../305-libsoup-3.0-dev_3.2.3-0+deb12u2_arm64.deb ...
#9 20.77 Unpacking libsoup-3.0-dev:arm64 (3.2.3-0+deb12u2) ...
#9 20.78 Selecting previously unselected package libwebkit2gtk-4.1-dev.
#9 20.78 Preparing to unpack .../306-libwebkit2gtk-4.1-dev_2.50.6-1~deb12u2_arm64.deb ...
#9 20.79 Unpacking libwebkit2gtk-4.1-dev (2.50.6-1~deb12u2) ...
#9 20.82 Selecting previously unselected package libxres1:arm64.
#9 20.82 Preparing to unpack .../307-libxres1_2%3a1.2.1-1_arm64.deb ...
#9 20.82 Unpacking libxres1:arm64 (2:1.2.1-1) ...
#9 20.84 Selecting previously unselected package libwnck-3-common.
#9 20.84 Preparing to unpack .../308-libwnck-3-common_43.0-3_all.deb ...
#9 20.84 Unpacking libwnck-3-common (43.0-3) ...
#9 20.87 Selecting previously unselected package libwnck-3-0:arm64.
#9 20.87 Preparing to unpack .../309-libwnck-3-0_43.0-3_arm64.deb ...
#9 20.87 Unpacking libwnck-3-0:arm64 (43.0-3) ...
#9 20.89 Selecting previously unselected package libxmu6:arm64.
#9 20.89 Preparing to unpack .../310-libxmu6_2%3a1.1.3-3_arm64.deb ...
#9 20.89 Unpacking libxmu6:arm64 (2:1.1.3-3) ...
#9 20.90 Selecting previously unselected package libxpm4:arm64.
#9 20.90 Preparing to unpack .../311-libxpm4_1%3a3.5.12-1.1+deb12u1_arm64.deb ...
#9 20.90 Unpacking libxpm4:arm64 (1:3.5.12-1.1+deb12u1) ...
#9 20.92 Selecting previously unselected package libxaw7:arm64.
#9 20.92 Preparing to unpack .../312-libxaw7_2%3a1.0.14-1_arm64.deb ...
#9 20.92 Unpacking libxaw7:arm64 (2:1.0.14-1) ...
#9 20.94 Selecting previously unselected package libxcb-shape0:arm64.
#9 20.94 Preparing to unpack .../313-libxcb-shape0_1.15-1_arm64.deb ...
#9 20.94 Unpacking libxcb-shape0:arm64 (1.15-1) ...
#9 20.96 Selecting previously unselected package libxdo3:arm64.
#9 20.96 Preparing to unpack .../314-libxdo3_1%3a3.20160805.1-5_arm64.deb ...
#9 20.96 Unpacking libxdo3:arm64 (1:3.20160805.1-5) ...
#9 20.97 Selecting previously unselected package libxdo-dev.
#9 20.97 Preparing to unpack .../315-libxdo-dev_1%3a3.20160805.1-5_arm64.deb ...
#9 20.98 Unpacking libxdo-dev (1:3.20160805.1-5) ...
#9 21.00 Selecting previously unselected package libxfce4panel-2.0-4.
#9 21.00 Preparing to unpack .../316-libxfce4panel-2.0-4_4.18.2-1_arm64.deb ...
#9 21.00 Unpacking libxfce4panel-2.0-4 (4.18.2-1) ...
#9 21.02 Selecting previously unselected package libxfont2:arm64.
#9 21.02 Preparing to unpack .../317-libxfont2_1%3a2.0.6-1+deb12u1_arm64.deb ...
#9 21.02 Unpacking libxfont2:arm64 (1:2.0.6-1+deb12u1) ...
#9 21.04 Selecting previously unselected package libxkbfile1:arm64.
#9 21.04 Preparing to unpack .../318-libxkbfile1_1%3a1.1.0-1_arm64.deb ...
#9 21.04 Unpacking libxkbfile1:arm64 (1:1.1.0-1) ...
#9 21.06 Selecting previously unselected package libxmuu1:arm64.
#9 21.06 Preparing to unpack .../319-libxmuu1_2%3a1.1.3-3_arm64.deb ...
#9 21.06 Unpacking libxmuu1:arm64 (2:1.1.3-3) ...
#9 21.08 Selecting previously unselected package libxv1:arm64.
#9 21.08 Preparing to unpack .../320-libxv1_2%3a1.0.11-1.1_arm64.deb ...
#9 21.08 Unpacking libxv1:arm64 (2:1.0.11-1.1) ...
#9 21.09 Selecting previously unselected package libxxf86dga1:arm64.
#9 21.09 Preparing to unpack .../321-libxxf86dga1_2%3a1.1.5-1_arm64.deb ...
#9 21.09 Unpacking libxxf86dga1:arm64 (2:1.1.5-1) ...
#9 21.11 Selecting previously unselected package openbox.
#9 21.11 Preparing to unpack .../322-openbox_3.6.1-10_arm64.deb ...
#9 21.11 Unpacking openbox (3.6.1-10) ...
#9 21.15 Selecting previously unselected package patchelf.
#9 21.15 Preparing to unpack .../323-patchelf_0.14.3-1+b1_arm64.deb ...
#9 21.16 Unpacking patchelf (0.14.3-1+b1) ...
#9 21.17 Selecting previously unselected package python3-cairo:arm64.
#9 21.17 Preparing to unpack .../324-python3-cairo_1.20.1-5+b1_arm64.deb ...
#9 21.17 Unpacking python3-cairo:arm64 (1.20.1-5+b1) ...
#9 21.19 Selecting previously unselected package python3-gi.
#9 21.19 Preparing to unpack .../325-python3-gi_3.42.2-3+b1_arm64.deb ...
#9 21.20 Unpacking python3-gi (3.42.2-3+b1) ...
#9 21.21 Selecting previously unselected package python3-gi-cairo.
#9 21.22 Preparing to unpack .../326-python3-gi-cairo_3.42.2-3+b1_arm64.deb ...
#9 21.22 Unpacking python3-gi-cairo (3.42.2-3+b1) ...
#9 21.23 Selecting previously unselected package python3-pil:arm64.
#9 21.23 Preparing to unpack .../327-python3-pil_9.4.0-1.1+deb12u1_arm64.deb ...
#9 21.23 Unpacking python3-pil:arm64 (9.4.0-1.1+deb12u1) ...
#9 21.26 Selecting previously unselected package scrot.
#9 21.27 Preparing to unpack .../328-scrot_1.8.1-1_arm64.deb ...
#9 21.27 Unpacking scrot (1.8.1-1) ...
#9 21.28 Selecting previously unselected package wmctrl.
#9 21.28 Preparing to unpack .../329-wmctrl_1.07-7+b1_arm64.deb ...
#9 21.29 Unpacking wmctrl (1.07-7+b1) ...
#9 21.30 Selecting previously unselected package x11-utils.
#9 21.30 Preparing to unpack .../330-x11-utils_7.7+5_arm64.deb ...
#9 21.30 Unpacking x11-utils (7.7+5) ...
#9 21.32 Selecting previously unselected package x11-xkb-utils.
#9 21.32 Preparing to unpack .../331-x11-xkb-utils_7.7+7_arm64.deb ...
#9 21.33 Unpacking x11-xkb-utils (7.7+7) ...
#9 21.35 Selecting previously unselected package x11-xserver-utils.
#9 21.35 Preparing to unpack .../332-x11-xserver-utils_7.7+9+b1_arm64.deb ...
#9 21.35 Unpacking x11-xserver-utils (7.7+9+b1) ...
#9 21.37 Selecting previously unselected package xauth.
#9 21.37 Preparing to unpack .../333-xauth_1%3a1.1.2-1_arm64.deb ...
#9 21.37 Unpacking xauth (1:1.1.2-1) ...
#9 21.38 Selecting previously unselected package xclip.
#9 21.38 Preparing to unpack .../334-xclip_0.13-2_arm64.deb ...
#9 21.39 Unpacking xclip (0.13-2) ...
#9 21.40 Selecting previously unselected package xcompmgr.
#9 21.40 Preparing to unpack .../335-xcompmgr_1.1.8-1_arm64.deb ...
#9 21.40 Unpacking xcompmgr (1.1.8-1) ...
#9 21.41 Selecting previously unselected package xdotool.
#9 21.41 Preparing to unpack .../336-xdotool_1%3a3.20160805.1-5_arm64.deb ...
#9 21.42 Unpacking xdotool (1:3.20160805.1-5) ...
#9 21.43 Selecting previously unselected package xfce4-panel.
#9 21.43 Preparing to unpack .../337-xfce4-panel_4.18.2-1_arm64.deb ...
#9 21.43 Unpacking xfce4-panel (4.18.2-1) ...
#9 21.48 Selecting previously unselected package xserver-common.
#9 21.48 Preparing to unpack .../338-xserver-common_2%3a21.1.7-3+deb12u13_all.deb ...
#9 21.48 Unpacking xserver-common (2:21.1.7-3+deb12u13) ...
#9 21.50 Selecting previously unselected package xvfb.
#9 21.50 Preparing to unpack .../339-xvfb_2%3a21.1.7-3+deb12u13_arm64.deb ...
#9 21.50 Unpacking xvfb (2:21.1.7-3+deb12u13) ...
#9 21.56 Setting up python3-pkg-resources (66.1.1-1+deb12u2) ...
#9 21.67 Setting up bubblewrap (0.8.0-2+deb12u1) ...
#9 21.68 Setting up libtext-iconv-perl:arm64 (1.7-8) ...
#9 21.68 Setting up libgraphite2-3:arm64 (1.3.14-1+deb12u1) ...
#9 21.69 Setting up libxcb-dri3-0:arm64 (1.15-1) ...
#9 21.69 Setting up libcdparanoia0:arm64 (3.10.2+debian-14) ...
#9 21.70 Setting up libwayland-server0:arm64 (1.21.0-1) ...
#9 21.70 Setting up libpaper1:arm64 (1.1.29) ...
#9 21.73 debconf: unable to initialize frontend: Dialog
#9 21.73 debconf: (TERM is not set, so the dialog frontend is not usable.)
#9 21.73 debconf: falling back to frontend: Readline
#9 21.74 debconf: unable to initialize frontend: Readline
#9 21.74 debconf: (This frontend requires a controlling tty.)
#9 21.74 debconf: falling back to frontend: Teletype
#9 21.76 
#9 21.76 Creating config file /etc/papersize with new version
#9 21.77 Setting up gtk-update-icon-cache (3.24.38-2~deb12u3) ...
#9 21.78 Setting up libx11-xcb1:arm64 (2:1.8.4-2+deb12u2) ...
#9 21.78 Setting up libabsl20220623:arm64 (20220623.1-1+deb12u2) ...
#9 21.79 Setting up libdw1:arm64 (0.188-2.1) ...
#9 21.79 Setting up libraw1394-11:arm64 (2.1.2-2) ...
#9 21.80 Setting up libxft2:arm64 (2.3.6-1) ...
#9 21.80 Setting up libapparmor1:arm64 (3.0.8-3) ...
#9 21.80 Setting up libproxy1v5:arm64 (0.4.18-1.2) ...
#9 21.81 Setting up libxmu6:arm64 (2:1.1.3-3) ...
#9 21.81 Setting up libtag1v5-vanilla:arm64 (1.13-2+deb12u1) ...
#9 21.82 Setting up libharfbuzz-icu0:arm64 (6.0.0+dfsg-3) ...
#9 21.82 Setting up libgpm2:arm64 (1.20.7-10+b1) ...
#9 21.82 Setting up libxdamage1:arm64 (1:1.1.6-1) ...
#9 21.83 Setting up libmpg123-0:arm64 (1.31.2-1+deb12u1) ...
#9 21.83 Setting up libxcb-xfixes0:arm64 (1.15-1) ...
#9 21.84 Setting up libogg0:arm64 (1.3.5-3) ...
#9 21.84 Setting up python3-cairo:arm64 (1.20.1-5+b1) ...
#9 21.89 Setting up libspeex1:arm64 (1.2.1-2) ...
#9 21.90 Setting up libxpm4:arm64 (1:3.5.12-1.1+deb12u1) ...
#9 21.92 Setting up libpangoxft-1.0-0:arm64 (1.50.12+ds-1) ...
#9 21.93 Setting up libglvnd-core-dev:arm64 (1.6.0-1) ...
#9 21.94 Setting up libxi6:arm64 (2:1.8-1+b1) ...
#9 21.95 Setting up libtwolame0:arm64 (0.4.0-2) ...
#9 21.96 Setting up libwoff1:arm64 (1.0.2-2) ...
#9 21.98 Setting up libhyphen0:arm64 (2.8.8-7) ...
#9 21.99 Setting up libexo-common (4.18.0-1) ...
#9 22.00 Setting up libvisual-0.4-0:arm64 (0.4.0-19) ...
#9 22.01 Setting up libaspell15:arm64 (0.60.8-4+b1) ...
#9 22.02 Setting up libglvnd0:arm64 (1.6.0-1) ...
#9 22.03 Setting up libwnck-3-common (43.0-3) ...
#9 22.05 Setting up libxtst6:arm64 (2:1.2.3-1.1) ...
#9 22.06 Setting up libijs-0.35:arm64 (0.35-15) ...
#9 22.07 Setting up libfribidi-dev:arm64 (1.0.8-2.1) ...
#9 22.09 Setting up libxcb-glx0:arm64 (1.15-1) ...
#9 22.10 Setting up libdbusmenu-glib4:arm64 (18.10.20180917~bzr492+repack1-3) ...
#9 22.11 Setting up libgs-common (10.0.0~dfsg-11+deb12u8) ...
#9 22.13 Setting up libxfce4util-common (4.18.1-2) ...
#9 22.14 Setting up pango1.0-tools (1.50.12+ds-1) ...
#9 22.15 Setting up libxcb-shape0:arm64 (1.15-1) ...
#9 22.16 Setting up libssl3:arm64 (3.0.22-1~deb12u1) ...
#9 22.17 Setting up libsensors-config (1:3.6.0-7.1) ...
#9 22.19 Setting up libnghttp2-14:arm64 (1.52.0-1+deb12u3) ...
#9 22.20 Setting up libxxf86dga1:arm64 (2:1.1.5-1) ...
#9 22.21 Setting up libcloudproviders0:arm64 (0.3.1-2) ...
#9 22.22 Setting up libwebrtc-audio-processing1:arm64 (0.3-1+b1) ...
#9 22.24 Setting up xkb-data (2.35.1-1) ...
#9 22.25 Setting up libhwy1:arm64 (1.0.3-3+deb12u1) ...
#9 22.26 Setting up libharfbuzz-gobject0:arm64 (6.0.0+dfsg-3) ...
#9 22.27 Setting up libxaw7:arm64 (2:1.0.14-1) ...
#9 22.28 Setting up libsvtav1enc1:arm64 (1.4.1+dfsg-1) ...
#9 22.29 Setting up libsoup-3.0-common (3.2.3-0+deb12u2) ...
#9 22.31 Setting up libunwind8:arm64 (1.6.2-3) ...
#9 22.32 Setting up python3-markupsafe (2.1.2-1+b1) ...
#9 22.38 Setting up wmctrl (1.07-7+b1) ...
#9 22.39 Setting up gir1.2-harfbuzz-0.0:arm64 (6.0.0+dfsg-3) ...
#9 22.40 Setting up librav1e0:arm64 (0.5.1-6) ...
#9 22.41 Setting up libcolord2:arm64 (1.4.6-2.2) ...
#9 22.42 Setting up libopengl0:arm64 (1.6.0-1) ...
#9 22.43 Setting up libxcb-util1:arm64 (0.4.0-1+b1) ...
#9 22.44 Setting up libpsl-dev:arm64 (0.21.2-1) ...
#9 22.45 Setting up libxxf86vm1:arm64 (1:1.1.4-1+b2) ...
#9 22.46 Setting up poppler-data (0.4.12-1) ...
#9 22.49 Setting up libgarcon-common (4.18.0-1) ...
#9 22.51 Setting up libcap2-bin (1:2.66-4+deb12u3+b1) ...
#9 22.52 Setting up libxcb-present0:arm64 (1.15-1) ...
#9 22.53 Setting up libdconf1:arm64 (0.40.0-4) ...
#9 22.54 Setting up libasound2-data (1.2.8-1) ...
#9 22.55 Setting up libid3tag0:arm64 (0.15.1b-14) ...
#9 22.56 Setting up libgraphite2-dev:arm64 (1.3.14-1+deb12u1) ...
#9 22.57 Setting up libfontenc1:arm64 (1:1.1.4-1) ...
#9 22.59 Setting up gir1.2-pango-1.0:arm64 (1.50.12+ds-1) ...
#9 22.60 Setting up libz3-4:arm64 (4.8.12-3.1) ...
#9 22.61 Setting up libjavascriptcoregtk-4.1-0:arm64 (2.50.6-1~deb12u2) ...
#9 22.63 Setting up libflac12:arm64 (1.4.2+ds-2) ...
#9 22.64 Setting up libgles2:arm64 (1.6.0-1) ...
#9 22.65 Setting up emacsen-common (3.0.5) ...
#9 22.68 Setting up libslang2:arm64 (2.3.3-3) ...
#9 22.69 Setting up adwaita-icon-theme (43-1) ...
#9 22.72 update-alternatives: using /usr/share/icons/Adwaita/cursor.theme to provide /usr/share/icons/default/index.theme (x-cursor-theme) in auto mode
#9 22.73 Setting up libepoxy0:arm64 (1.5.10-1) ...
#9 22.74 Setting up libxfixes3:arm64 (1:6.0.0-2) ...
#9 22.75 Setting up libxcb-sync1:arm64 (1.15-1) ...
#9 22.76 Setting up libjbig2dec0:arm64 (0.19-3+deb12u1) ...
#9 22.77 Setting up libavahi-common-data:arm64 (0.8-10+deb12u1) ...
#9 22.79 Setting up libgles1:arm64 (1.6.0-1) ...
#9 22.80 Setting up libraqm0:arm64 (0.7.0-4.1) ...
#9 22.81 Setting up libdbus-1-3:arm64 (1.14.10-1~deb12u1) ...
#9 22.82 Setting up xfonts-encodings (1:1.0.4-2.2) ...
#9 22.83 Setting up python3-gi (3.42.2-3+b1) ...
#9 22.91 Setting up libopus0:arm64 (1.3.1-3) ...
#9 22.92 Setting up libxinerama1:arm64 (2:1.1.4-3) ...
#9 22.93 Setting up libimagequant0:arm64 (2.17.0-1) ...
#9 22.94 Setting up libxv1:arm64 (2:1.0.11-1.1) ...
#9 22.95 Setting up libssl-dev:arm64 (3.0.22-1~deb12u1) ...
#9 22.96 Setting up libvorbis0a:arm64 (1.3.7-1) ...
#9 22.98 Setting up libidn12:arm64 (1.41-1) ...
#9 22.99 Setting up python3-markdown (3.4.1-2+deb12u1) ...
#9 23.06 Setting up xclip (0.13-2) ...
#9 23.07 Setting up libxrandr2:arm64 (2:1.5.2-2+b1) ...
#9 23.08 Setting up liborc-0.4-0:arm64 (1:0.4.33-2) ...
#9 23.10 Setting up libgav1-1:arm64 (0.18.0-1+b1) ...
#9 23.11 Setting up libxinerama-dev:arm64 (2:1.1.4-3) ...
#9 23.12 Setting up libsensors5:arm64 (1:3.6.0-7.1) ...
#9 23.13 Setting up libjxl0.7:arm64 (0.7.0-10+deb12u1) ...
#9 23.14 Setting up libgc1:arm64 (1:8.2.2-3) ...
#9 23.15 Setting up libglapi-mesa:arm64 (22.3.6-1+deb12u2) ...
#9 23.16 Setting up libvulkan1:arm64 (1.3.239.0-1) ...
#9 23.17 Setting up libsoup2.4-common (2.74.3-1+deb12u1) ...
#9 23.18 Setting up libxcb-dri2-0:arm64 (1.15-1) ...
#9 23.19 Setting up libgif7:arm64 (5.2.1-2.5+deb12u1) ...
#9 23.20 Setting up xdg-dbus-proxy (0.1.4-3+deb12u1) ...
#9 23.22 Setting up wayland-protocols (1.31-1) ...
#9 23.23 Setting up libtag1v5:arm64 (1.13-2+deb12u1) ...
#9 23.24 Setting up libdatrie-dev:arm64 (0.2.13-2+b1) ...
#9 23.25 Setting up libdv4:arm64 (1.0.0-15) ...
#9 23.37 Setting up libasyncns0:arm64 (0.8-6+b3) ...
#9 23.38 Setting up libxshmfence1:arm64 (1.3-1) ...
#9 23.39 Setting up at-spi2-common (2.46.0-5) ...
#9 23.41 Setting up libwavpack1:arm64 (5.6.0-1) ...
#9 23.42 Setting up libxcb-randr0:arm64 (1.15-1) ...
#9 23.43 Setting up dbus-session-bus-common (1.14.10-1~deb12u1) ...
#9 23.44 Setting up libtheora0:arm64 (1.1.1+dfsg.1-16.1+deb12u1) ...
#9 23.45 Setting up libasound2:arm64 (1.2.8-1+b1) ...
#9 23.46 Setting up libv4lconvert0:arm64 (1.22.1-5+b2) ...
#9 23.47 Setting up libharfbuzz-subset0:arm64 (6.0.0+dfsg-3) ...
#9 23.48 Setting up build-essential (12.9) ...
#9 23.49 Setting up libjson-glib-1.0-common (1.6.6-1) ...
#9 23.50 Setting up libvpx7:arm64 (1.12.0-1+deb12u5) ...
#9 23.52 Setting up sgml-base (1.31) ...
#9 23.54 Setting up libgtk2.0-common (2.24.33-2+deb12u1) ...
#9 23.56 Setting up libatk1.0-0:arm64 (2.46.0-5) ...
#9 23.57 Setting up libxfce4util7:arm64 (4.18.1-2) ...
#9 23.58 Setting up libwayland-egl1:arm64 (1.21.0-1) ...
#9 23.59 Setting up libxkbfile1:arm64 (1:1.1.0-1) ...
#9 23.60 Setting up libopengl-dev:arm64 (1.6.0-1) ...
#9 23.61 Setting up libxfce4ui-common (4.18.2-2) ...
#9 23.63 Setting up libhunspell-1.7-0:arm64 (1.7.1-1) ...
#9 23.64 Setting up glib-networking-common (2.74.0-4) ...
#9 23.65 Setting up patchelf (0.14.3-1+b1) ...
#9 23.66 Setting up libspa-0.2-dev:arm64 (0.3.65-3+deb12u1) ...
#9 23.67 Setting up libsamplerate0:arm64 (0.2.2-3) ...
#9 23.68 Setting up python3-gi-cairo (3.42.2-3+b1) ...
#9 23.69 Setting up openssl (3.0.22-1~deb12u1) ...
#9 23.71 Setting up libdrm-common (2.4.114-1) ...
#9 23.72 Setting up libyuv0:arm64 (0.0~git20230123.b2528b0-1) ...
#9 23.73 Setting up mailcap (3.70+nmu1) ...
#9 23.74 Setting up libxcomposite1:arm64 (1:0.4.5-1) ...
#9 23.75 Setting up libxfont2:arm64 (1:2.0.6-1+deb12u1) ...
#9 23.75 Setting up libevdev2:arm64 (1.13.0+dfsg-1) ...
#9 23.75 Setting up libxml2:arm64 (2.9.14+dfsg-1.3~deb12u6) ...
#9 23.76 Setting up iso-codes (4.15.0-1) ...
#9 23.76 Setting up libxmuu1:arm64 (2:1.1.3-3) ...
#9 23.76 Setting up dbus-bin (1.14.10-1~deb12u1) ...
#9 23.76 Setting up libgudev-1.0-0:arm64 (237-2) ...
#9 23.77 Setting up libpolkit-gobject-1-0:arm64 (122-3) ...
#9 23.77 Setting up libsecret-common (0.20.5-3) ...
#9 23.78 Setting up libgstreamer1.0-0:arm64 (1.22.0-2+deb12u1) ...
#9 23.79 Setcap worked! gst-ptp-helper is not suid!
#9 23.79 Setting up libmp3lame0:arm64 (3.100-6) ...
#9 23.79 Setting up libgraphene-1.0-0:arm64 (1.10.8-1) ...
#9 23.79 Setting up python3-mako (1.2.4+ds-1) ...
#9 23.87 Setting up libvorbisenc2:arm64 (1.3.7-1) ...
#9 23.88 Setting up libxres1:arm64 (2:1.2.1-1) ...
#9 23.88 Setting up libaa1:arm64 (1.4p5-50) ...
#9 23.89 Setting up libiec61883-0:arm64 (1.2.0-6+b1) ...
#9 23.89 Setting up libxft-dev:arm64 (2.3.6-1) ...
#9 23.89 Setting up libstartup-notification0:arm64 (0.12-6+b1) ...
#9 23.90 Setting up libxkbcommon0:arm64 (1.5.0-1) ...
#9 23.90 Setting up libwayland-client0:arm64 (1.21.0-1) ...
#9 23.90 Setting up gir1.2-graphene-1.0:arm64 (1.10.8-1) ...
#9 23.91 Setting up libavc1394-0:arm64 (0.5.4-5) ...
#9 23.91 Setting up glib-networking-services (2.74.0-4) ...
#9 23.91 Setting up libnghttp2-dev:arm64 (1.52.0-1+deb12u3) ...
#9 23.92 Setting up libharfbuzz-dev:arm64 (6.0.0+dfsg-3) ...
#9 23.92 Setting up libdbusmenu-gtk3-4:arm64 (18.10.20180917~bzr492+repack1-3) ...
#9 23.92 Setting up libvulkan-dev:arm64 (1.3.239.0-1) ...
#9 23.93 Setting up mime-support (3.66) ...
#9 23.93 Setting up libcaca0:arm64 (0.99.beta20-3+deb12u1) ...
#9 23.93 Setting up gir1.2-dbusmenu-glib-0.4:arm64 (18.10.20180917~bzr492+repack1-3) ...
#9 23.94 Setting up libavif15:arm64 (0.11.1-1+deb12u1) ...
#9 23.94 Setting up dictionaries-common (1.29.5) ...
#9 23.97 debconf: unable to initialize frontend: Dialog
#9 23.97 debconf: (TERM is not set, so the dialog frontend is not usable.)
#9 23.97 debconf: falling back to frontend: Readline
#9 23.97 debconf: unable to initialize frontend: Readline
#9 23.97 debconf: (This frontend requires a controlling tty.)
#9 23.97 debconf: falling back to frontend: Teletype
#9 24.05 Setting up gir1.2-atk-1.0:arm64 (2.46.0-5) ...
#9 24.06 Setting up x11-xkb-utils (7.7+7) ...
#9 24.06 Setting up libmanette-0.2-0:arm64 (0.2.6-3+b1) ...
#9 24.06 Setting up libxkbcommon-dev:arm64 (1.5.0-1) ...
#9 24.07 Setting up libxcursor1:arm64 (1:1.2.1-1) ...
#9 24.07 Setting up libavahi-common3:arm64 (0.8-10+deb12u1) ...
#9 24.08 Setting up xcompmgr (1.1.8-1) ...
#9 24.08 Setting up gobject-introspection (1.74.0-3) ...
#9 24.16 Setting up libgstreamer-plugins-base1.0-0:arm64 (1.22.0-3+deb12u7) ...
#9 24.17 Setting up libobjc4:arm64 (12.2.0-14+deb12u1) ...
#9 24.17 Setting up dbus-daemon (1.14.10-1~deb12u1) ...
#9 24.18 Setting up libatspi2.0-0:arm64 (2.46.0-5) ...
#9 24.18 Setting up xfonts-utils (1:7.7+6) ...
#9 24.18 Setting up x11-xserver-utils (7.7+9+b1) ...
#9 24.19 Setting up gir1.2-javascriptcoregtk-4.1:arm64 (2.50.6-1~deb12u2) ...
#9 24.20 Setting up libjson-glib-1.0-0:arm64 (1.6.6-1) ...
#9 24.20 Setting up libxfixes-dev:arm64 (1:6.0.0-2) ...
#9 24.20 Setting up libv4l-0:arm64 (1.22.1-5+b2) ...
#9 24.21 Setting up libxdo3:arm64 (1:3.20160805.1-5) ...
#9 24.21 Setting up libatk-bridge2.0-0:arm64 (2.46.0-5) ...
#9 24.21 Setting up python3-pil:arm64 (9.4.0-1.1+deb12u1) ...
#9 24.33 Setting up ca-certificates (20250419~deb12u1) ...
#9 24.37 debconf: unable to initialize frontend: Dialog
#9 24.37 debconf: (TERM is not set, so the dialog frontend is not usable.)
#9 24.37 debconf: falling back to frontend: Readline
#9 24.37 debconf: unable to initialize frontend: Readline
#9 24.37 debconf: (This frontend requires a controlling tty.)
#9 24.37 debconf: falling back to frontend: Teletype
#9 24.83 Updating certificates in /etc/ssl/certs...
#9 25.09 rehash: warning: skipping ca-certificates.crt,it does not contain exactly one certificate or CRL
#9 25.09 21 added, 13 removed; done.
#9 25.10 Setting up libwayland-bin (1.21.0-1) ...
#9 25.11 Setting up libxrandr-dev:arm64 (2:1.5.2-2+b1) ...
#9 25.11 Setting up libxml2-dev:arm64 (2.9.14+dfsg-1.3~deb12u6) ...
#9 25.11 Setting up libsecret-1-0:arm64 (0.20.5-3) ...
#9 25.12 Setting up gstreamer1.0-plugins-base:arm64 (1.22.0-3+deb12u7) ...
#9 25.12 Setting up libgirepository1.0-dev (1.74.0-3) ...
#9 25.13 Setting up libspa-0.2-modules:arm64 (0.3.65-3+deb12u1) ...
#9 25.13 Setting up libpipewire-0.3-0:arm64 (0.3.65-3+deb12u1) ...
#9 25.13 Setting up libshout3:arm64 (2.4.6-1+b1) ...
#9 25.14 Setting up libobt2v5 (3.6.1-10) ...
#9 25.14 Setting up libgarcon-1-0:arm64 (4.18.0-1) ...
#9 25.14 Setting up libthai-dev:arm64 (0.1.29-1) ...
#9 25.15 Setting up libllvm14:arm64 (1:14.0.6-12) ...
#9 25.15 Setting up libobjc-12-dev:arm64 (12.2.0-14+deb12u1) ...
#9 25.15 Setting up libjack-jackd2-0:arm64 (1.9.21~dfsg-3) ...
#9 25.15 Setting up libpipewire-0.3-dev:arm64 (0.3.65-3+deb12u1) ...
#9 25.16 Setting up libdrm2:arm64 (2.4.114-1+b1) ...
#9 25.16 Setting up libflite1:arm64 (2.2-5) ...
#9 25.17 Setting up xauth (1:1.1.2-1) ...
#9 25.17 Setting up dbus-x11 (1.14.10-1~deb12u1) ...
#9 25.17 Setting up libwayland-cursor0:arm64 (1.21.0-1) ...
#9 25.18 Setting up xml-core (0.18+nmu1) ...
#9 25.26 Setting up libgraphene-1.0-dev (1.10.8-1) ...
#9 25.26 Setting up libllvm15:arm64 (1:15.0.6-4+b1) ...
#9 25.27 Setting up hunspell-en-us (1:2020.12.07-2) ...
#9 25.27 Setting up libpolkit-agent-1-0:arm64 (122-3) ...
#9 25.28 Setting up gir1.2-json-1.0:arm64 (1.6.6-1) ...
#9 25.28 Setting up libsndfile1:arm64 (1.2.0-1+deb12u1) ...
#9 25.29 Setting up xserver-common (2:21.1.7-3+deb12u13) ...
#9 25.29 Setting up xfconf (4.18.0-2) ...
#9 25.29 Setting up libsysprof-4:arm64 (3.46.0-4) ...
#9 25.30 Setting up libxi-dev:arm64 (2:1.8-1+b1) ...
#9 25.30 Setting up libxml2-utils (2.9.14+dfsg-1.3~deb12u6) ...
#9 25.30 Setting up libavahi-client3:arm64 (0.8-10+deb12u1) ...
#9 25.31 Setting up libjavascriptcoregtk-4.1-dev:arm64 (2.50.6-1~deb12u2) ...
#9 25.32 Setting up libatk1.0-dev:arm64 (2.46.0-5) ...
#9 25.32 Setting up libdrm-amdgpu1:arm64 (2.4.114-1+b1) ...
#9 25.32 Setting up libxtst-dev:arm64 (2:1.2.3-1.1) ...
#9 25.33 Setting up libxdamage-dev:arm64 (1:1.1.6-1) ...
#9 25.33 Setting up libxfconf-0-3:arm64 (4.18.0-2) ...
#9 25.34 Setting up libdrm-nouveau2:arm64 (2.4.114-1+b1) ...
#9 25.34 Setting up xdotool (1:3.20160805.1-5) ...
#9 25.34 Setting up libxdo-dev (1:3.20160805.1-5) ...
#9 25.35 Setting up libgbm1:arm64 (22.3.6-1+deb12u2) ...
#9 25.35 Setting up libpulse0:arm64 (16.1+dfsg1-2+b1) ...
#9 25.35 Setting up libenchant-2-2:arm64 (2.3.3-2) ...
#9 25.36 Setting up libdrm-radeon1:arm64 (2.4.114-1+b1) ...
#9 25.36 Setting up libxcomposite-dev:arm64 (1:0.4.5-1) ...
#9 25.36 Setting up libxcursor-dev:arm64 (1:1.2.1-1) ...
#9 25.37 Setting up libjson-glib-dev:arm64 (1.6.6-1) ...
#9 25.37 Setting up libgl1-mesa-dri:arm64 (22.3.6-1+deb12u2) ...
#9 25.38 Setting up libclang1-14 (1:14.0.6-12) ...
#9 25.38 Setting up dconf-service (0.40.0-4) ...
#9 25.38 Setting up gir1.2-atspi-2.0:arm64 (2.46.0-5) ...
#9 25.39 Setting up fonts-urw-base35 (20200910-7) ...
#9 25.45 Setting up libwayland-dev:arm64 (1.21.0-1) ...
#9 25.45 Setting up libgbm-dev:arm64 (22.3.6-1+deb12u2) ...
#9 25.46 Setting up libegl-mesa0:arm64 (22.3.6-1+deb12u2) ...
#9 25.46 Setting up libpango1.0-dev:arm64 (1.50.12+ds-1) ...
#9 25.46 Setting up libclang-common-14-dev (1:14.0.6-12) ...
#9 25.46 Setting up libcups2:arm64 (2.4.2-3+deb12u9) ...
#9 25.47 Setting up gir1.2-polkit-1.0 (122-3) ...
#9 25.47 Setting up libegl1:arm64 (1.6.0-1) ...
#9 25.47 Setting up libclang-14-dev (1:14.0.6-12) ...
#9 25.48 Setting up libgs10-common (10.0.0~dfsg-11+deb12u8) ...
#9 25.48 Setting up libglx-mesa0:arm64 (22.3.6-1+deb12u2) ...
#9 25.48 Setting up libclang-dev (1:14.0-55.7~deb12u1) ...
#9 25.49 Setting up libglx0:arm64 (1.6.0-1) ...
#9 25.49 Setting up dconf-gsettings-backend:arm64 (0.40.0-4) ...
#9 25.49 Setting up libgtk2.0-0:arm64 (2.24.33-2+deb12u1) ...
#9 25.50 Setting up libgl1:arm64 (1.6.0-1) ...
#9 25.50 Setting up gir1.2-gtk-2.0:arm64 (2.24.33-2+deb12u1) ...
#9 25.50 Setting up libpolkit-gobject-1-dev (122-3) ...
#9 25.51 Setting up x11-utils (7.7+5) ...
#9 25.52 Setting up libglx-dev:arm64 (1.6.0-1) ...
#9 25.52 Setting up libgtk2.0-dev:arm64 (2.24.33-2+deb12u1) ...
#9 25.52 Setting up libgtk-4-common (4.8.3+ds-2+deb12u1) ...
#9 25.53 Setting up libgl-dev:arm64 (1.6.0-1) ...
#9 25.53 Setting up libgtk-3-common (3.24.38-2~deb12u3) ...
#9 25.54 Setting up libgs10:arm64 (10.0.0~dfsg-11+deb12u8) ...
#9 25.54 Setting up gsettings-desktop-schemas (43.0-1) ...
#9 25.54 Setting up libegl-dev:arm64 (1.6.0-1) ...
#9 25.55 Setting up xvfb (2:21.1.7-3+deb12u13) ...
#9 25.55 Setting up libepoxy-dev:arm64 (1.5.10-1) ...
#9 25.55 Setting up libspectre1:arm64 (0.2.12-1) ...
#9 25.56 Setting up libgstreamer-gl1.0-0:arm64 (1.22.0-3+deb12u7) ...
#9 25.56 Setting up libimlib2:arm64 (1.10.0-4+deb12u1) ...
#9 25.56 Setting up libdbusmenu-glib-dev:arm64 (18.10.20180917~bzr492+repack1-3) ...
#9 25.56 Setting up libobrender32v5 (3.6.1-10) ...
#9 25.57 Setting up libgles-dev:arm64 (1.6.0-1) ...
#9 25.57 Setting up scrot (1.8.1-1) ...
#9 25.58 Setting up libglvnd-dev:arm64 (1.6.0-1) ...
#9 25.58 Setting up openbox (3.6.1-10) ...
#9 25.59 update-alternatives: using /usr/bin/openbox to provide /usr/bin/x-window-manager (x-window-manager) in auto mode
#9 25.59 update-alternatives: using /usr/bin/openbox-session to provide /usr/bin/x-session-manager (x-session-manager) in auto mode
#9 25.59 Setting up libegl1-mesa-dev:arm64 (22.3.6-1+deb12u2) ...
#9 25.61 Processing triggers for fontconfig (2.14.1-4) ...
#9 25.71 Processing triggers for hicolor-icon-theme (0.17-2) ...
#9 25.72 Processing triggers for libglib2.0-0:arm64 (2.74.6-2+deb12u8) ...
#9 25.73 Setting up libgtk-3-0:arm64 (3.24.38-2~deb12u3) ...
#9 25.74 Setting up libxfce4ui-2-0:arm64 (4.18.2-2) ...
#9 25.75 Processing triggers for libc-bin (2.36-9+deb12u13) ...
#9 25.78 Setting up gir1.2-gtk-3.0:arm64 (3.24.38-2~deb12u3) ...
#9 25.79 Setting up libayatana-ido3-0.4-0:arm64 (0.9.3-1) ...
#9 25.79 Setting up libgarcon-gtk3-1-0:arm64 (4.18.0-1) ...
#9 25.80 Setting up gir1.2-ayatanaido3-0.4:arm64 (0.9.3-1) ...
#9 25.80 Setting up at-spi2-core (2.46.0-5) ...
#9 25.81 Setting up libwnck-3-0:arm64 (43.0-3) ...
#9 25.81 Setting up libgtk-4-1:arm64 (4.8.3+ds-2+deb12u1) ...
#9 25.83 Setting up glib-networking:arm64 (2.74.0-4) ...
#9 25.84 Setting up libayatana-indicator3-7:arm64 (0.9.3-1) ...
#9 25.84 Setting up gir1.2-gtk-4.0:arm64 (4.8.3+ds-2+deb12u1) ...
#9 25.85 Setting up libsoup2.4-1:arm64 (2.74.3-1+deb12u1) ...
#9 25.85 Setting up libxfce4panel-2.0-4 (4.18.2-1) ...
#9 25.86 Setting up libexo-2-0:arm64 (4.18.0-1) ...
#9 25.86 Setting up gstreamer1.0-plugins-good:arm64 (1.22.0-5+deb12u3) ...
#9 25.87 Setting up libgtk-4-dev:arm64 (4.8.3+ds-2+deb12u1) ...
#9 25.87 Setting up libsoup-3.0-0:arm64 (3.2.3-0+deb12u2) ...
#9 25.87 Setting up libadwaita-1-0:arm64 (1.2.2-1) ...
#9 25.88 Setting up libayatana-appindicator3-1 (0.5.92-1) ...
#9 25.88 Setting up gir1.2-soup-3.0:arm64 (3.2.3-0+deb12u2) ...
#9 25.88 Setting up exo-utils (4.18.0-1) ...
#9 25.89 Setting up xfce4-panel (4.18.2-1) ...
#9 25.89 Setting up libsysprof-ui-5:arm64 (3.46.0-4) ...
#9 25.90 Setting up gir1.2-ayatanaappindicator3-0.1 (0.5.92-1) ...
#9 25.90 Setting up libwebkit2gtk-4.1-0:arm64 (2.50.6-1~deb12u2) ...
#9 25.90 Setting up gir1.2-webkit2-4.1:arm64 (2.50.6-1~deb12u2) ...
#9 25.91 Setting up gir1.2-adw-1:arm64 (1.2.2-1) ...
#9 25.91 Setting up libadwaita-1-dev:arm64 (1.2.2-1) ...
#9 25.92 Setting up libsysprof-4-dev:arm64 (3.46.0-4) ...
#9 25.92 Setting up libsoup-3.0-dev:arm64 (3.2.3-0+deb12u2) ...
#9 25.93 Processing triggers for sgml-base (1.31) ...
#9 25.94 Setting up libdbus-1-dev:arm64 (1.14.10-1~deb12u1) ...
#9 26.00 Setting up libatspi2.0-dev:arm64 (2.46.0-5) ...
#9 26.01 Setting up libatk-bridge2.0-dev:arm64 (2.46.0-5) ...
#9 26.01 Setting up libgtk-3-dev:arm64 (3.24.38-2~deb12u3) ...
#9 26.02 Setting up libayatana-ido3-dev (0.9.3-1) ...
#9 26.02 Setting up libayatana-indicator3-dev (0.9.3-1) ...
#9 26.02 Setting up libwebkit2gtk-4.1-dev (2.50.6-1~deb12u2) ...
#9 26.02 Setting up libayatana-appindicator3-dev (0.5.92-1) ...
#9 26.03 Processing triggers for dictionaries-common (1.29.5) ...
#9 26.06 debconf: unable to initialize frontend: Dialog
#9 26.06 debconf: (TERM is not set, so the dialog frontend is not usable.)
#9 26.06 debconf: falling back to frontend: Readline
#9 26.06 debconf: unable to initialize frontend: Readline
#9 26.06 debconf: (This frontend requires a controlling tty.)
#9 26.06 debconf: falling back to frontend: Teletype
#9 26.11 Processing triggers for ca-certificates (20250419~deb12u1) ...
#9 26.12 Updating certificates in /etc/ssl/certs...
#9 26.28 0 added, 0 removed; done.
#9 26.28 Running hooks in /etc/ca-certificates/update.d...
#9 26.28 done.
#9 26.28 Processing triggers for libc-bin (2.36-9+deb12u13) ...
#9 DONE 26.7s

#10 [stage-1 5/6] WORKDIR /workspace
#10 DONE 0.1s

#11 [stage-1 6/6] RUN rustup component add clippy rustfmt
#11 0.152 info: downloading component 'clippy'
#11 0.307 info: installing component 'clippy'
#11 0.744 info: downloading component 'rustfmt'
#11 0.845 info: installing component 'rustfmt'
#11 DONE 1.2s

#12 exporting to image
#12 exporting layers
#12 exporting layers 19.8s done
#12 exporting manifest sha256:0c79abb11963cde41f52da523d216fedc1f8d5cbadfd955f831296299d03422b done
#12 exporting config sha256:72a2a4daf232dd8cadc06ee9350b65d993a81f31e8af3f8a8f4419e7b4fdc283 done
#12 exporting attestation manifest sha256:66f6231386d7b1b6eeb4964e2ee0133f9196dc9c79e038fd8327e9e3a1bacbe2 done
#12 exporting manifest list sha256:bd5ae66a6df1a3986ed94145e972fd626d6258b75d6c2d87df461a82189af0c7 0.0s done
#12 naming to docker.io/library/glassboard-linux-test:local done
#12 unpacking to docker.io/library/glassboard-linux-test:local
#12 unpacking to docker.io/library/glassboard-linux-test:local 3.8s done
#12 DONE 23.7s

View build details: docker-desktop://dashboard/build/desktop-linux/desktop-linux/78unojt447hr2dwdd18hucatt
