#0 building with "desktop-linux" instance using docker driver

#1 [internal] load build definition from Dockerfile.ci
#1 transferring dockerfile: 855B done
#1 DONE 0.0s

#2 [internal] load metadata for docker.io/library/glassboard-linux-test:local
#2 DONE 0.0s

#3 [internal] load metadata for docker.io/library/glassboard-ubuntu24-ci-repro:local
#3 DONE 0.0s

#4 [internal] load .dockerignore
#4 transferring context: 2B done
#4 DONE 0.0s

#5 FROM docker.io/library/glassboard-linux-test:local@sha256:1b3d96129c9fe2ecd079a1199762e47c3cf2959332d2de4c779cb89af176f230
#5 resolve docker.io/library/glassboard-linux-test:local@sha256:1b3d96129c9fe2ecd079a1199762e47c3cf2959332d2de4c779cb89af176f230 done
#5 CACHED

#6 [stage-0 1/5] FROM docker.io/library/glassboard-ubuntu24-ci-repro:local@sha256:ed7896b7d7cdcf528fcd2bc4028363a46daf79c02095bc3bd2d487f2665260fd
#6 resolve docker.io/library/glassboard-ubuntu24-ci-repro:local@sha256:ed7896b7d7cdcf528fcd2bc4028363a46daf79c02095bc3bd2d487f2665260fd done
#6 DONE 0.0s

#7 [stage-0 2/5] COPY --from=glassboard-linux-test:local /usr/local/bin/node /usr/local/bin/node
#7 DONE 0.1s

#8 [stage-0 3/5] COPY --from=glassboard-linux-test:local /usr/local/lib/node_modules /usr/local/lib/node_modules
#8 DONE 0.2s

#9 [stage-0 4/5] RUN ln -s ../lib/node_modules/npm/bin/npm-cli.js /usr/local/bin/npm     && ln -s ../lib/node_modules/npm/bin/npx-cli.js /usr/local/bin/npx     && apt-get update     && apt-get install -y --no-install-recommends     libwebkit2gtk-4.1-dev libayatana-appindicator3-dev librsvg2-dev patchelf     pkg-config libclang-dev libxcb1-dev libxrandr-dev libdbus-1-dev     libpipewire-0.3-dev libwayland-dev libegl-dev libgbm-dev libssl-dev     && rm -rf /var/lib/apt/lists/*
#9 0.282 Get:1 http://ports.ubuntu.com/ubuntu-ports noble InRelease [256 kB]
#9 0.803 Get:2 http://ports.ubuntu.com/ubuntu-ports noble-updates InRelease [126 kB]
#9 0.933 Get:3 http://ports.ubuntu.com/ubuntu-ports noble-backports InRelease [126 kB]
#9 1.060 Get:4 http://ports.ubuntu.com/ubuntu-ports noble-security InRelease [126 kB]
#9 1.193 Get:5 http://ports.ubuntu.com/ubuntu-ports noble/multiverse arm64 Packages [274 kB]
#9 1.269 Get:6 http://ports.ubuntu.com/ubuntu-ports noble/universe arm64 Packages [19.0 MB]
#9 2.011 Get:7 http://ports.ubuntu.com/ubuntu-ports noble/restricted arm64 Packages [113 kB]
#9 2.012 Get:8 http://ports.ubuntu.com/ubuntu-ports noble/main arm64 Packages [1776 kB]
#9 2.064 Get:9 http://ports.ubuntu.com/ubuntu-ports noble-updates/universe arm64 Packages [2212 kB]
#9 2.108 Get:10 http://ports.ubuntu.com/ubuntu-ports noble-updates/multiverse arm64 Packages [110 kB]
#9 2.109 Get:11 http://ports.ubuntu.com/ubuntu-ports noble-updates/restricted arm64 Packages [3185 kB]
#9 2.202 Get:12 http://ports.ubuntu.com/ubuntu-ports noble-updates/main arm64 Packages [1762 kB]
#9 2.242 Get:13 http://ports.ubuntu.com/ubuntu-ports noble-backports/multiverse arm64 Packages [671 B]
#9 2.242 Get:14 http://ports.ubuntu.com/ubuntu-ports noble-backports/main arm64 Packages [49.0 kB]
#9 2.243 Get:15 http://ports.ubuntu.com/ubuntu-ports noble-backports/universe arm64 Packages [36.3 kB]
#9 2.244 Get:16 http://ports.ubuntu.com/ubuntu-ports noble-security/restricted arm64 Packages [3005 kB]
#9 2.326 Get:17 http://ports.ubuntu.com/ubuntu-ports noble-security/main arm64 Packages [1447 kB]
#9 2.836 Get:18 http://ports.ubuntu.com/ubuntu-ports noble-security/multiverse arm64 Packages [91.7 kB]
#9 2.837 Get:19 http://ports.ubuntu.com/ubuntu-ports noble-security/universe arm64 Packages [1636 kB]
#9 2.987 Fetched 35.4 MB in 3s (12.2 MB/s)
#9 2.987 Reading package lists...
#9 3.418 Reading package lists...
#9 3.846 Building dependency tree...
#9 3.950 Reading state information...
#9 4.077 pkg-config is already the newest version (1.8.1-2build1).
#9 4.077 libclang-dev is already the newest version (1:18.0-59~exp2).
#9 4.077 libpipewire-0.3-dev is already the newest version (1.0.5-1ubuntu3.3).
#9 4.077 The following additional packages will be installed:
#9 4.077   adduser adwaita-icon-theme at-spi2-common bubblewrap dbus dbus-bin
#9 4.077   dbus-daemon dbus-session-bus-common dbus-system-bus-common dbus-user-session
#9 4.077   dconf-gsettings-backend dconf-service dictionaries-common emacsen-common
#9 4.077   fontconfig fontconfig-config fonts-dejavu-core fonts-dejavu-mono
#9 4.077   gir1.2-atk-1.0 gir1.2-atspi-2.0 gir1.2-ayatanaappindicator3-0.1
#9 4.077   gir1.2-ayatanaido3-0.4 gir1.2-dbusmenu-glib-0.4 gir1.2-freedesktop
#9 4.077   gir1.2-freedesktop-dev gir1.2-gdkpixbuf-2.0 gir1.2-glib-2.0
#9 4.077   gir1.2-glib-2.0-dev gir1.2-gtk-3.0 gir1.2-harfbuzz-0.0
#9 4.077   gir1.2-javascriptcoregtk-4.1 gir1.2-pango-1.0 gir1.2-rsvg-2.0
#9 4.077   gir1.2-soup-3.0 gir1.2-webkit2-4.1 glib-networking glib-networking-common
#9 4.077   glib-networking-services gsettings-desktop-schemas gstreamer1.0-plugins-base
#9 4.077   gstreamer1.0-plugins-good gtk-update-icon-cache hicolor-icon-theme
#9 4.077   humanity-icon-theme hunspell-en-us icu-devtools iso-codes libaa1
#9 4.077   libapparmor1 libargon2-1 libaspell15 libasyncns0 libatk-bridge2.0-0t64
#9 4.077   libatk-bridge2.0-dev libatk1.0-0t64 libatk1.0-dev libatspi2.0-0t64
#9 4.077   libatspi2.0-dev libavahi-client3 libavahi-common-data libavahi-common3
#9 4.077   libavc1394-0 libayatana-appindicator3-1 libayatana-ido3-0.4-0
#9 4.077   libayatana-ido3-dev libayatana-indicator3-7 libayatana-indicator3-dev
#9 4.077   libblkid-dev libbrotli-dev libbrotli1 libbz2-dev libcaca0 libcairo-gobject2
#9 4.077   libcairo-script-interpreter2 libcairo2 libcairo2-dev libcap2-bin
#9 4.077   libcdparanoia0 libcolord2 libcryptsetup12 libcups2t64 libcurl3t64-gnutls
#9 4.077   libdatrie-dev libdatrie1 libdbusmenu-glib-dev libdbusmenu-glib4
#9 4.077   libdbusmenu-gtk3-4 libdconf1 libdeflate-dev libdeflate0 libdevmapper1.02.1
#9 4.077   libdrm-amdgpu1 libdrm-common libdrm2 libduktape207 libdv4t64 libdw1t64
#9 4.077   libegl-mesa0 libegl1 libegl1-mesa-dev libelf1t64 libenchant-2-2 libepoxy-dev
#9 4.077   libepoxy0 libevdev2 libexpat1 libexpat1-dev libfdisk1 libffi-dev
#9 4.077   libflac12t64 libfontconfig-dev libfontconfig1 libfreetype-dev libfreetype6
#9 4.077   libfribidi-dev libfribidi0 libgbm1 libgdk-pixbuf-2.0-0 libgdk-pixbuf-2.0-dev
#9 4.077   libgdk-pixbuf2.0-bin libgdk-pixbuf2.0-common libgirepository-2.0-0 libgl-dev
#9 4.077   libgl1 libgl1-mesa-dri libgles-dev libgles1 libgles2 libglib2.0-0t64
#9 4.077   libglib2.0-bin libglib2.0-data libglib2.0-dev libglib2.0-dev-bin
#9 4.077   libglvnd-core-dev libglvnd-dev libglvnd0 libglx-dev libglx-mesa0 libglx0
#9 4.077   libgpm2 libgraphite2-3 libgraphite2-dev libgssapi-krb5-2
#9 4.077   libgstreamer-gl1.0-0 libgstreamer-plugins-base1.0-0
#9 4.077   libgstreamer-plugins-good1.0-0 libgstreamer1.0-0 libgtk-3-0t64
#9 4.077   libgtk-3-common libgtk-3-dev libgudev-1.0-0 libharfbuzz-cairo0
#9 4.077   libharfbuzz-dev libharfbuzz-gobject0 libharfbuzz-icu0 libharfbuzz-subset0
#9 4.077   libharfbuzz0b libhunspell-1.7-0 libhyphen0 libice-dev libice6 libicu-dev
#9 4.077   libiec61883-0 libjavascriptcoregtk-4.1-0 libjavascriptcoregtk-4.1-dev
#9 4.077   libjbig-dev libjbig0 libjpeg-dev libjpeg-turbo8 libjpeg-turbo8-dev libjpeg8
#9 4.077   libjpeg8-dev libjson-c5 libk5crypto3 libkeyutils1 libkmod2 libkrb5-3
#9 4.077   libkrb5support0 liblcms2-2 libldap2 liblerc-dev liblerc4 libllvm20
#9 4.077   liblzma-dev liblzo2-2 libmanette-0.2-0 libmount-dev libmp3lame0
#9 4.077   libmpg123-0t64 libncurses6 libnghttp2-14 libnghttp2-dev libogg0
#9 4.077   libopengl-dev libopengl0 libopus0 liborc-0.4-0t64 libpam-systemd
#9 4.077   libpango-1.0-0 libpango1.0-dev libpangocairo-1.0-0 libpangoft2-1.0-0
#9 4.077   libpangoxft-1.0-0 libpcre2-16-0 libpcre2-32-0 libpcre2-dev libpcre2-posix3
#9 4.077   libpixman-1-0 libpixman-1-dev libpng-dev libpng16-16t64 libproxy1v5
#9 4.077   libpsl-dev libpsl5t64 libpthread-stubs0-dev libpulse0 libpython3-stdlib
#9 4.077   libpython3.12-minimal libpython3.12-stdlib libraw1394-11 libreadline8t64
#9 4.078   librsvg2-2 librsvg2-common librtmp1 libsasl2-2 libsasl2-modules-db
#9 4.078   libsecret-1-0 libsecret-common libselinux1-dev libsensors-config libsensors5
#9 4.078   libsepol-dev libsharpyuv-dev libsharpyuv0 libshout3 libslang2 libsm-dev
#9 4.078   libsm6 libsndfile1 libsoup-3.0-0 libsoup-3.0-common libsoup-3.0-dev
#9 4.078   libspeex1 libsqlite3-0 libsqlite3-dev libssh-4 libsysprof-capture-4-dev
#9 4.078   libsystemd-shared libtag1v5 libtag1v5-vanilla libtext-iconv-perl
#9 4.078   libthai-data libthai-dev libthai0 libtheora0 libtiff-dev libtiff6 libtiffxx6
#9 4.078   libtwolame0 libunwind8 libv4l-0t64 libv4lconvert0t64 libvisual-0.4-0
#9 4.078   libvorbis0a libvorbisenc2 libvpx9 libvulkan1 libwavpack1 libwayland-bin
#9 4.078   libwayland-client0 libwayland-cursor0 libwayland-egl1 libwayland-server0
#9 4.078   libwebkit2gtk-4.1-0 libwebp-dev libwebp7 libwebpdecoder3 libwebpdemux2
#9 4.078   libwebpmux3 libx11-6 libx11-data libx11-dev libx11-xcb1 libxau-dev libxau6
#9 4.078   libxcb-dri3-0 libxcb-glx0 libxcb-present0 libxcb-randr0 libxcb-render0
#9 4.078   libxcb-render0-dev libxcb-shm0 libxcb-shm0-dev libxcb-sync1 libxcb-xfixes0
#9 4.078   libxcb1 libxcomposite-dev libxcomposite1 libxcursor-dev libxcursor1
#9 4.078   libxdamage-dev libxdamage1 libxdmcp-dev libxdmcp6 libxext-dev libxext6
#9 4.078   libxfixes-dev libxfixes3 libxft-dev libxft2 libxi-dev libxi6 libxinerama-dev
#9 4.078   libxinerama1 libxkbcommon-dev libxkbcommon0 libxrandr2 libxrender-dev
#9 4.078   libxrender1 libxshmfence1 libxslt1.1 libxtst-dev libxtst6 libxxf86vm1
#9 4.078   libzstd-dev media-types mesa-libgallium netbase pango1.0-tools python3
#9 4.078   python3-minimal python3-packaging python3.12 python3.12-minimal
#9 4.078   readline-common session-migration sgml-base shared-mime-info systemd
#9 4.078   systemd-dev systemd-sysv tzdata ubuntu-mono uuid-dev wayland-protocols
#9 4.078   x11-common x11proto-dev xdg-dbus-proxy xkb-data xml-core xorg-sgml-doctools
#9 4.078   xtrans-dev zlib1g-dev
#9 4.078 Suggested packages:
#9 4.078   liblocale-gettext-perl cron quota ecryptfs-utils ispell | aspell | hunspell
#9 4.078   wordlist gvfs hunspell openoffice.org-hunspell | openoffice.org-core
#9 4.078   isoquery aspell libcairo2-doc colord cups-common libdatrie-doc libdv-bin
#9 4.078   oss-compat libenchant-2-voikko freetype2-doc low-memory-monitor
#9 4.078   libglib2.0-doc libxml2-utils gpm libgraphite2-utils krb5-doc krb5-user
#9 4.078   libvisual-0.4-plugins gstreamer1.0-tools libgtk-3-doc libice-doc icu-doc
#9 4.078   liblcms2-utils liblzma-doc libnghttp2-doc opus-tools libpango1.0-doc
#9 4.078   pulseaudio libraw1394-doc librsvg2-bin librsvg2-doc lm-sensors libsm-doc
#9 4.078   libsoup-3.0-doc speex sqlite3-doc libssl-doc libthai-doc libwayland-doc
#9 4.078   gstreamer1.0-libav gstreamer1.0-plugins-bad gstreamer1.0-alsa libx11-doc
#9 4.078   libxcb-doc libxext-doc graphicsmagick python3-doc python3-tk python3-venv
#9 4.078   python3.12-venv python3.12-doc binfmt-support readline-doc sgml-base-doc
#9 4.078   systemd-container systemd-homed systemd-userdbd systemd-boot libfido2-1
#9 4.078   libip4tc2 libqrencode4 libtss2-esys-3.0.2-0 libtss2-mu-4.0.1-0 libtss2-rc0
#9 4.078   libtss2-tcti-device0 polkitd debhelper
#9 4.078 Recommended packages:
#9 4.078   gstreamer1.0-x aspell-en | aspell-dictionary | aspell6a-dictionary
#9 4.078   at-spi2-core bzip2-doc libpam-cap dmsetup enchant-2 xdg-user-dirs
#9 4.078   gstreamer1.0-gl libgtk-3-bin krb5-locales libldap-common libpng-tools
#9 4.078   publicsuffix libsasl2-modules mesa-vulkan-drivers | vulkan-icd
#9 4.078   xdg-desktop-portal-gtk networkd-dispatcher systemd-timesyncd | time-daemon
#9 4.078   systemd-resolved libnss-systemd
#9 4.244 The following NEW packages will be installed:
#9 4.244   adduser adwaita-icon-theme at-spi2-common bubblewrap dbus dbus-bin
#9 4.244   dbus-daemon dbus-session-bus-common dbus-system-bus-common dbus-user-session
#9 4.244   dconf-gsettings-backend dconf-service dictionaries-common emacsen-common
#9 4.244   fontconfig fontconfig-config fonts-dejavu-core fonts-dejavu-mono
#9 4.244   gir1.2-atk-1.0 gir1.2-atspi-2.0 gir1.2-ayatanaappindicator3-0.1
#9 4.244   gir1.2-ayatanaido3-0.4 gir1.2-dbusmenu-glib-0.4 gir1.2-freedesktop
#9 4.244   gir1.2-freedesktop-dev gir1.2-gdkpixbuf-2.0 gir1.2-glib-2.0
#9 4.244   gir1.2-glib-2.0-dev gir1.2-gtk-3.0 gir1.2-harfbuzz-0.0
#9 4.244   gir1.2-javascriptcoregtk-4.1 gir1.2-pango-1.0 gir1.2-rsvg-2.0
#9 4.244   gir1.2-soup-3.0 gir1.2-webkit2-4.1 glib-networking glib-networking-common
#9 4.244   glib-networking-services gsettings-desktop-schemas gstreamer1.0-plugins-base
#9 4.244   gstreamer1.0-plugins-good gtk-update-icon-cache hicolor-icon-theme
#9 4.244   humanity-icon-theme hunspell-en-us icu-devtools iso-codes libaa1
#9 4.244   libapparmor1 libargon2-1 libaspell15 libasyncns0 libatk-bridge2.0-0t64
#9 4.244   libatk-bridge2.0-dev libatk1.0-0t64 libatk1.0-dev libatspi2.0-0t64
#9 4.244   libatspi2.0-dev libavahi-client3 libavahi-common-data libavahi-common3
#9 4.244   libavc1394-0 libayatana-appindicator3-1 libayatana-appindicator3-dev
#9 4.244   libayatana-ido3-0.4-0 libayatana-ido3-dev libayatana-indicator3-7
#9 4.244   libayatana-indicator3-dev libblkid-dev libbrotli-dev libbrotli1 libbz2-dev
#9 4.244   libcaca0 libcairo-gobject2 libcairo-script-interpreter2 libcairo2
#9 4.244   libcairo2-dev libcap2-bin libcdparanoia0 libcolord2 libcryptsetup12
#9 4.244   libcups2t64 libcurl3t64-gnutls libdatrie-dev libdatrie1 libdbus-1-dev
#9 4.244   libdbusmenu-glib-dev libdbusmenu-glib4 libdbusmenu-gtk3-4 libdconf1
#9 4.244   libdeflate-dev libdeflate0 libdevmapper1.02.1 libdrm-amdgpu1 libdrm-common
#9 4.244   libdrm2 libduktape207 libdv4t64 libdw1t64 libegl-dev libegl-mesa0 libegl1
#9 4.244   libegl1-mesa-dev libelf1t64 libenchant-2-2 libepoxy-dev libepoxy0 libevdev2
#9 4.244   libexpat1 libexpat1-dev libfdisk1 libffi-dev libflac12t64 libfontconfig-dev
#9 4.244   libfontconfig1 libfreetype-dev libfreetype6 libfribidi-dev libfribidi0
#9 4.244   libgbm-dev libgbm1 libgdk-pixbuf-2.0-0 libgdk-pixbuf-2.0-dev
#9 4.244   libgdk-pixbuf2.0-bin libgdk-pixbuf2.0-common libgirepository-2.0-0 libgl-dev
#9 4.244   libgl1 libgl1-mesa-dri libgles-dev libgles1 libgles2 libglib2.0-0t64
#9 4.244   libglib2.0-bin libglib2.0-data libglib2.0-dev libglib2.0-dev-bin
#9 4.244   libglvnd-core-dev libglvnd-dev libglvnd0 libglx-dev libglx-mesa0 libglx0
#9 4.244   libgpm2 libgraphite2-3 libgraphite2-dev libgssapi-krb5-2
#9 4.244   libgstreamer-gl1.0-0 libgstreamer-plugins-base1.0-0
#9 4.244   libgstreamer-plugins-good1.0-0 libgstreamer1.0-0 libgtk-3-0t64
#9 4.244   libgtk-3-common libgtk-3-dev libgudev-1.0-0 libharfbuzz-cairo0
#9 4.244   libharfbuzz-dev libharfbuzz-gobject0 libharfbuzz-icu0 libharfbuzz-subset0
#9 4.244   libharfbuzz0b libhunspell-1.7-0 libhyphen0 libice-dev libice6 libicu-dev
#9 4.244   libiec61883-0 libjavascriptcoregtk-4.1-0 libjavascriptcoregtk-4.1-dev
#9 4.244   libjbig-dev libjbig0 libjpeg-dev libjpeg-turbo8 libjpeg-turbo8-dev libjpeg8
#9 4.244   libjpeg8-dev libjson-c5 libk5crypto3 libkeyutils1 libkmod2 libkrb5-3
#9 4.244   libkrb5support0 liblcms2-2 libldap2 liblerc-dev liblerc4 libllvm20
#9 4.244   liblzma-dev liblzo2-2 libmanette-0.2-0 libmount-dev libmp3lame0
#9 4.244   libmpg123-0t64 libncurses6 libnghttp2-14 libnghttp2-dev libogg0
#9 4.244   libopengl-dev libopengl0 libopus0 liborc-0.4-0t64 libpam-systemd
#9 4.244   libpango-1.0-0 libpango1.0-dev libpangocairo-1.0-0 libpangoft2-1.0-0
#9 4.244   libpangoxft-1.0-0 libpcre2-16-0 libpcre2-32-0 libpcre2-dev libpcre2-posix3
#9 4.244   libpixman-1-0 libpixman-1-dev libpng-dev libpng16-16t64 libproxy1v5
#9 4.244   libpsl-dev libpsl5t64 libpthread-stubs0-dev libpulse0 libpython3-stdlib
#9 4.244   libpython3.12-minimal libpython3.12-stdlib libraw1394-11 libreadline8t64
#9 4.244   librsvg2-2 librsvg2-common librsvg2-dev librtmp1 libsasl2-2
#9 4.244   libsasl2-modules-db libsecret-1-0 libsecret-common libselinux1-dev
#9 4.244   libsensors-config libsensors5 libsepol-dev libsharpyuv-dev libsharpyuv0
#9 4.244   libshout3 libslang2 libsm-dev libsm6 libsndfile1 libsoup-3.0-0
#9 4.244   libsoup-3.0-common libsoup-3.0-dev libspeex1 libsqlite3-0 libsqlite3-dev
#9 4.244   libssh-4 libssl-dev libsysprof-capture-4-dev libsystemd-shared libtag1v5
#9 4.244   libtag1v5-vanilla libtext-iconv-perl libthai-data libthai-dev libthai0
#9 4.244   libtheora0 libtiff-dev libtiff6 libtiffxx6 libtwolame0 libunwind8
#9 4.244   libv4l-0t64 libv4lconvert0t64 libvisual-0.4-0 libvorbis0a libvorbisenc2
#9 4.244   libvpx9 libvulkan1 libwavpack1 libwayland-bin libwayland-client0
#9 4.244   libwayland-cursor0 libwayland-dev libwayland-egl1 libwayland-server0
#9 4.244   libwebkit2gtk-4.1-0 libwebkit2gtk-4.1-dev libwebp-dev libwebp7
#9 4.244   libwebpdecoder3 libwebpdemux2 libwebpmux3 libx11-6 libx11-data libx11-dev
#9 4.244   libx11-xcb1 libxau-dev libxau6 libxcb-dri3-0 libxcb-glx0 libxcb-present0
#9 4.244   libxcb-randr0 libxcb-render0 libxcb-render0-dev libxcb-shm0 libxcb-shm0-dev
#9 4.244   libxcb-sync1 libxcb-xfixes0 libxcb1 libxcb1-dev libxcomposite-dev
#9 4.244   libxcomposite1 libxcursor-dev libxcursor1 libxdamage-dev libxdamage1
#9 4.244   libxdmcp-dev libxdmcp6 libxext-dev libxext6 libxfixes-dev libxfixes3
#9 4.244   libxft-dev libxft2 libxi-dev libxi6 libxinerama-dev libxinerama1
#9 4.244   libxkbcommon-dev libxkbcommon0 libxrandr-dev libxrandr2 libxrender-dev
#9 4.244   libxrender1 libxshmfence1 libxslt1.1 libxtst-dev libxtst6 libxxf86vm1
#9 4.244   libzstd-dev media-types mesa-libgallium netbase pango1.0-tools patchelf
#9 4.244   python3 python3-minimal python3-packaging python3.12 python3.12-minimal
#9 4.244   readline-common session-migration sgml-base shared-mime-info systemd
#9 4.244   systemd-dev systemd-sysv tzdata ubuntu-mono uuid-dev wayland-protocols
#9 4.244   x11-common x11proto-dev xdg-dbus-proxy xkb-data xml-core xorg-sgml-doctools
#9 4.244   xtrans-dev zlib1g-dev
#9 4.457 0 upgraded, 364 newly installed, 0 to remove and 2 not upgraded.
#9 4.457 Need to get 158 MB of archives.
#9 4.457 After this operation, 729 MB of additional disk space will be used.
#9 4.457 Get:1 http://ports.ubuntu.com/ubuntu-ports noble-updates/main arm64 libpython3.12-minimal arm64 3.12.3-1ubuntu0.17 [835 kB]
#9 5.164 Get:2 http://ports.ubuntu.com/ubuntu-ports noble-updates/main arm64 libexpat1 arm64 2.6.1-2ubuntu0.6 [89.8 kB]
#9 5.172 Get:3 http://ports.ubuntu.com/ubuntu-ports noble-updates/main arm64 python3.12-minimal arm64 3.12.3-1ubuntu0.17 [2253 kB]
#9 5.366 Get:4 http://ports.ubuntu.com/ubuntu-ports noble-updates/main arm64 python3-minimal arm64 3.12.3-0ubuntu2.1 [27.4 kB]
#9 5.368 Get:5 http://ports.ubuntu.com/ubuntu-ports noble/main arm64 media-types all 10.1.0 [27.5 kB]
#9 5.368 Get:6 http://ports.ubuntu.com/ubuntu-ports noble/main arm64 netbase all 6.4 [13.1 kB]
#9 5.368 Get:7 http://ports.ubuntu.com/ubuntu-ports noble-updates/main arm64 tzdata all 2026c-0ubuntu0.24.04.1 [280 kB]
#9 5.377 Get:8 http://ports.ubuntu.com/ubuntu-ports noble/main arm64 readline-common all 8.2-4build1 [56.5 kB]
#9 5.378 Get:9 http://ports.ubuntu.com/ubuntu-ports noble/main arm64 libreadline8t64 arm64 8.2-4build1 [153 kB]
#9 5.384 Get:10 http://ports.ubuntu.com/ubuntu-ports noble-updates/main arm64 libsqlite3-0 arm64 3.45.1-1ubuntu2.8 [691 kB]
#9 5.411 Get:11 http://ports.ubuntu.com/ubuntu-ports noble-updates/main arm64 libpython3.12-stdlib arm64 3.12.3-1ubuntu0.17 [2039 kB]
#9 5.485 Get:12 http://ports.ubuntu.com/ubuntu-ports noble-updates/main arm64 python3.12 arm64 3.12.3-1ubuntu0.17 [651 kB]
#9 5.514 Get:13 http://ports.ubuntu.com/ubuntu-ports noble-updates/main arm64 libpython3-stdlib arm64 3.12.3-0ubuntu2.1 [10.1 kB]
#9 5.514 Get:14 http://ports.ubuntu.com/ubuntu-ports noble-updates/main arm64 python3 arm64 3.12.3-0ubuntu2.1 [23.0 kB]
#9 5.514 Get:15 http://ports.ubuntu.com/ubuntu-ports noble-updates/main arm64 libapparmor1 arm64 4.0.1really4.0.1-0ubuntu0.24.04.8 [51.9 kB]
#9 5.519 Get:16 http://ports.ubuntu.com/ubuntu-ports noble/main arm64 libargon2-1 arm64 0~20190702+dfsg-4build1 [20.5 kB]
#9 5.519 Get:17 http://ports.ubuntu.com/ubuntu-ports noble-updates/main arm64 libdevmapper1.02.1 arm64 2:1.02.185-3ubuntu3.2 [128 kB]
#9 5.839 Get:18 http://ports.ubuntu.com/ubuntu-ports noble/main arm64 libjson-c5 arm64 0.17-1build1 [36.4 kB]
#9 5.839 Get:19 http://ports.ubuntu.com/ubuntu-ports noble-updates/main arm64 libcryptsetup12 arm64 2:2.7.0-1ubuntu4.2 [261 kB]
#9 5.852 Get:20 http://ports.ubuntu.com/ubuntu-ports noble-updates/main arm64 libfdisk1 arm64 2.39.3-9ubuntu6.6 [142 kB]
#9 5.854 Get:21 http://ports.ubuntu.com/ubuntu-ports noble-security/main arm64 libkmod2 arm64 31+20240202-2ubuntu7.2 [52.0 kB]
#9 5.855 Get:22 http://ports.ubuntu.com/ubuntu-ports noble-updates/main arm64 libsystemd-shared arm64 255.4-1ubuntu8.17 [2021 kB]
#9 5.872 Get:23 http://ports.ubuntu.com/ubuntu-ports noble-updates/main arm64 systemd-dev all 255.4-1ubuntu8.17 [107 kB]
#9 5.873 Get:24 http://ports.ubuntu.com/ubuntu-ports noble-updates/main arm64 systemd arm64 255.4-1ubuntu8.17 [3407 kB]
#9 6.144 Get:25 http://ports.ubuntu.com/ubuntu-ports noble-updates/main arm64 systemd-sysv arm64 255.4-1ubuntu8.17 [11.9 kB]
#9 6.144 Get:26 http://ports.ubuntu.com/ubuntu-ports noble/main arm64 sgml-base all 1.31 [11.4 kB]
#9 6.144 Get:27 http://ports.ubuntu.com/ubuntu-ports noble/main arm64 adduser all 3.137ubuntu1 [101 kB]
#9 6.146 Get:28 http://ports.ubuntu.com/ubuntu-ports noble-updates/main arm64 dbus-bin arm64 1.14.10-4ubuntu4.1 [38.8 kB]
#9 6.146 Get:29 http://ports.ubuntu.com/ubuntu-ports noble-updates/main arm64 dbus-session-bus-common all 1.14.10-4ubuntu4.1 [80.5 kB]
#9 6.147 Get:30 http://ports.ubuntu.com/ubuntu-ports noble-updates/main arm64 dbus-daemon arm64 1.14.10-4ubuntu4.1 [115 kB]
#9 6.149 Get:31 http://ports.ubuntu.com/ubuntu-ports noble-updates/main arm64 dbus-system-bus-common all 1.14.10-4ubuntu4.1 [81.6 kB]
#9 6.150 Get:32 http://ports.ubuntu.com/ubuntu-ports noble-updates/main arm64 dbus arm64 1.14.10-4ubuntu4.1 [23.9 kB]
#9 6.151 Get:33 http://ports.ubuntu.com/ubuntu-ports noble-updates/main arm64 libpam-systemd arm64 255.4-1ubuntu8.17 [232 kB]
#9 6.241 Get:34 http://ports.ubuntu.com/ubuntu-ports noble-updates/main arm64 dbus-user-session arm64 1.14.10-4ubuntu4.1 [9968 B]
#9 6.242 Get:35 http://ports.ubuntu.com/ubuntu-ports noble-updates/main arm64 libglib2.0-0t64 arm64 2.80.0-6ubuntu3.9 [1533 kB]
#9 6.277 Get:36 http://ports.ubuntu.com/ubuntu-ports noble-updates/main arm64 gir1.2-glib-2.0 arm64 2.80.0-6ubuntu3.9 [182 kB]
#9 6.278 Get:37 http://ports.ubuntu.com/ubuntu-ports noble/main arm64 iso-codes all 4.16.0-1 [3492 kB]
#9 6.375 Get:38 http://ports.ubuntu.com/ubuntu-ports noble-updates/main arm64 libcap2-bin arm64 1:2.66-5ubuntu2.4 [33.5 kB]
#9 6.375 Get:39 http://ports.ubuntu.com/ubuntu-ports noble-updates/main arm64 libelf1t64 arm64 0.190-1.1ubuntu0.1 [58.4 kB]
#9 6.375 Get:40 http://ports.ubuntu.com/ubuntu-ports noble/main arm64 libfribidi0 arm64 1.0.13-3build1 [26.5 kB]
#9 6.376 Get:41 http://ports.ubuntu.com/ubuntu-ports noble-updates/main arm64 libglib2.0-data all 2.80.0-6ubuntu3.9 [50.1 kB]
#9 6.376 Get:42 http://ports.ubuntu.com/ubuntu-ports noble-updates/main arm64 libkrb5support0 arm64 1.20.1-6ubuntu2.10 [35.4 kB]
#9 6.376 Get:43 http://ports.ubuntu.com/ubuntu-ports noble-updates/main arm64 libk5crypto3 arm64 1.20.1-6ubuntu2.10 [85.8 kB]
#9 6.379 Get:44 http://ports.ubuntu.com/ubuntu-ports noble/main arm64 libkeyutils1 arm64 1.6.3-3build1 [9654 B]
#9 6.379 Get:45 http://ports.ubuntu.com/ubuntu-ports noble-updates/main arm64 libkrb5-3 arm64 1.20.1-6ubuntu2.10 [350 kB]
#9 6.387 Get:46 http://ports.ubuntu.com/ubuntu-ports noble-updates/main arm64 libgssapi-krb5-2 arm64 1.20.1-6ubuntu2.10 [142 kB]
#9 6.591 Get:47 http://ports.ubuntu.com/ubuntu-ports noble/main arm64 libslang2 arm64 2.3.3-3build2 [476 kB]
#9 6.596 Get:48 http://ports.ubuntu.com/ubuntu-ports noble/main arm64 libtext-iconv-perl arm64 1.7-8build3 [13.1 kB]
#9 6.596 Get:49 http://ports.ubuntu.com/ubuntu-ports noble/main arm64 shared-mime-info arm64 2.4-4 [472 kB]
#9 6.601 Get:50 http://ports.ubuntu.com/ubuntu-ports noble-updates/main arm64 xkb-data all 2.41-2ubuntu1.1 [397 kB]
#9 6.604 Get:51 http://ports.ubuntu.com/ubuntu-ports noble-updates/main arm64 libdrm-common all 2.4.125-1ubuntu0.1~24.04.2 [9250 B]
#9 6.604 Get:52 http://ports.ubuntu.com/ubuntu-ports noble-updates/main arm64 libdrm2 arm64 2.4.125-1ubuntu0.1~24.04.2 [42.9 kB]
#9 6.605 Get:53 http://ports.ubuntu.com/ubuntu-ports noble/main arm64 libevdev2 arm64 1.13.1+dfsg-1build1 [35.8 kB]
#9 6.605 Get:54 http://ports.ubuntu.com/ubuntu-ports noble/main arm64 libgpm2 arm64 1.20.7-11 [14.7 kB]
#9 6.606 Get:55 http://ports.ubuntu.com/ubuntu-ports noble-updates/main arm64 libncurses6 arm64 6.4+20240113-1ubuntu2.2 [110 kB]
#9 6.721 Get:56 http://ports.ubuntu.com/ubuntu-ports noble-updates/main arm64 libnghttp2-14 arm64 1.59.0-1ubuntu0.4 [74.8 kB]
#9 6.723 Get:57 http://ports.ubuntu.com/ubuntu-ports noble-updates/main arm64 libpng16-16t64 arm64 1.6.43-5ubuntu0.7 [187 kB]
#9 6.727 Get:58 http://ports.ubuntu.com/ubuntu-ports noble/main arm64 libpsl5t64 arm64 0.21.2-1.1build1 [57.4 kB]
#9 6.741 Get:59 http://ports.ubuntu.com/ubuntu-ports noble/main arm64 libsensors-config all 1:3.6.0-9build1 [5546 B]
#9 6.741 Get:60 http://ports.ubuntu.com/ubuntu-ports noble/main arm64 libsensors5 arm64 1:3.6.0-9build1 [27.0 kB]
#9 6.741 Get:61 http://ports.ubuntu.com/ubuntu-ports noble/main arm64 libxau6 arm64 1:1.0.9-1build6 [7264 B]
#9 6.742 Get:62 http://ports.ubuntu.com/ubuntu-ports noble/main arm64 libxdmcp6 arm64 1:1.1.3-0ubuntu6 [10.4 kB]
#9 6.742 Get:63 http://ports.ubuntu.com/ubuntu-ports noble/main arm64 libxcb1 arm64 1.15-1ubuntu2 [49.4 kB]
#9 6.742 Get:64 http://ports.ubuntu.com/ubuntu-ports noble/main arm64 libx11-data all 2:1.8.7-1build1 [115 kB]
#9 6.748 Get:65 http://ports.ubuntu.com/ubuntu-ports noble/main arm64 libx11-6 arm64 2:1.8.7-1build1 [649 kB]
#9 6.829 Get:66 http://ports.ubuntu.com/ubuntu-ports noble/main arm64 libxext6 arm64 2:1.3.4-1build2 [30.4 kB]
#9 6.831 Get:67 http://ports.ubuntu.com/ubuntu-ports noble/main arm64 libxkbcommon0 arm64 1.6.0-1build1 [122 kB]
#9 6.856 Get:68 http://ports.ubuntu.com/ubuntu-ports noble-updates/main arm64 libgdk-pixbuf2.0-common all 2.42.10+dfsg-3ubuntu3.3 [8302 B]
#9 6.856 Get:69 http://ports.ubuntu.com/ubuntu-ports noble/main arm64 libjpeg-turbo8 arm64 2.1.5-2ubuntu2 [163 kB]
#9 6.863 Get:70 http://ports.ubuntu.com/ubuntu-ports noble/main arm64 libjpeg8 arm64 8c-2ubuntu11 [2148 B]
#9 6.863 Get:71 http://ports.ubuntu.com/ubuntu-ports noble-updates/main arm64 libdeflate0 arm64 1.19-1build1.1 [43.5 kB]
#9 6.863 Get:72 http://ports.ubuntu.com/ubuntu-ports noble/main arm64 libjbig0 arm64 2.1-6.1ubuntu2 [29.3 kB]
#9 6.864 Get:73 http://ports.ubuntu.com/ubuntu-ports noble/main arm64 liblerc4 arm64 4.0.0+ds-4ubuntu2 [154 kB]
#9 6.869 Get:74 http://ports.ubuntu.com/ubuntu-ports noble/main arm64 libsharpyuv0 arm64 1.3.2-0.4build3 [14.5 kB]
#9 6.883 Get:75 http://ports.ubuntu.com/ubuntu-ports noble/main arm64 libwebp7 arm64 1.3.2-0.4build3 [191 kB]
#9 6.949 Get:76 http://ports.ubuntu.com/ubuntu-ports noble-updates/main arm64 libtiff6 arm64 4.5.1+git230720-4ubuntu2.5 [192 kB]
#9 6.959 Get:77 http://ports.ubuntu.com/ubuntu-ports noble-updates/main arm64 libgdk-pixbuf-2.0-0 arm64 2.42.10+dfsg-3ubuntu3.3 [146 kB]
#9 6.966 Get:78 http://ports.ubuntu.com/ubuntu-ports noble-updates/main arm64 gtk-update-icon-cache arm64 3.24.41-4ubuntu1.3 [52.2 kB]
#9 6.967 Get:79 http://ports.ubuntu.com/ubuntu-ports noble/main arm64 hicolor-icon-theme all 0.17-2 [9976 B]
#9 6.968 Get:80 http://ports.ubuntu.com/ubuntu-ports noble/main arm64 humanity-icon-theme all 0.6.16 [1282 kB]
#9 7.068 Get:81 http://ports.ubuntu.com/ubuntu-ports noble/main arm64 ubuntu-mono all 24.04-0ubuntu1 [151 kB]
#9 7.070 Get:82 http://ports.ubuntu.com/ubuntu-ports noble/main arm64 adwaita-icon-theme all 46.0-1 [723 kB]
#9 7.095 Get:83 http://ports.ubuntu.com/ubuntu-ports noble/main arm64 at-spi2-common all 2.52.0-1build1 [8674 B]
#9 7.096 Get:84 http://ports.ubuntu.com/ubuntu-ports noble-security/main arm64 bubblewrap arm64 0.9.0-1ubuntu0.3 [50.0 kB]
#9 7.096 Get:85 http://ports.ubuntu.com/ubuntu-ports noble-updates/main arm64 libdconf1 arm64 0.40.0-4ubuntu0.1 [39.9 kB]
#9 7.120 Get:86 http://ports.ubuntu.com/ubuntu-ports noble-updates/main arm64 dconf-service arm64 0.40.0-4ubuntu0.1 [27.0 kB]
#9 7.121 Get:87 http://ports.ubuntu.com/ubuntu-ports noble-updates/main arm64 dconf-gsettings-backend arm64 0.40.0-4ubuntu0.1 [22.0 kB]
#9 7.123 Get:88 http://ports.ubuntu.com/ubuntu-ports noble/main arm64 emacsen-common all 3.0.5 [12.1 kB]
#9 7.126 Get:89 http://ports.ubuntu.com/ubuntu-ports noble/main arm64 dictionaries-common all 1.29.7 [188 kB]
#9 7.173 Get:90 http://ports.ubuntu.com/ubuntu-ports noble/main arm64 libbrotli1 arm64 1.1.0-2build2 [339 kB]
#9 7.183 Get:91 http://ports.ubuntu.com/ubuntu-ports noble-updates/main arm64 libfreetype6 arm64 2.13.2+dfsg-1ubuntu0.2 [393 kB]
#9 7.216 Get:92 http://ports.ubuntu.com/ubuntu-ports noble/main arm64 fonts-dejavu-mono all 2.37-8 [502 kB]
#9 7.229 Get:93 http://ports.ubuntu.com/ubuntu-ports noble/main arm64 fonts-dejavu-core all 2.37-8 [835 kB]
#9 7.269 Get:94 http://ports.ubuntu.com/ubuntu-ports noble/main arm64 fontconfig-config arm64 2.15.0-1.1ubuntu2 [37.4 kB]
#9 7.269 Get:95 http://ports.ubuntu.com/ubuntu-ports noble/main arm64 libfontconfig1 arm64 2.15.0-1.1ubuntu2 [142 kB]
#9 7.283 Get:96 http://ports.ubuntu.com/ubuntu-ports noble/main arm64 fontconfig arm64 2.15.0-1.1ubuntu2 [190 kB]
#9 7.290 Get:97 http://ports.ubuntu.com/ubuntu-ports noble/main arm64 libatk1.0-0t64 arm64 2.52.0-1build1 [55.1 kB]
#9 7.290 Get:98 http://ports.ubuntu.com/ubuntu-ports noble/main arm64 gir1.2-atk-1.0 arm64 2.52.0-1build1 [23.1 kB]
#9 7.291 Get:99 http://ports.ubuntu.com/ubuntu-ports noble/main arm64 libpixman-1-0 arm64 0.42.2-1build1 [204 kB]
#9 7.320 Get:100 http://ports.ubuntu.com/ubuntu-ports noble/main arm64 libxcb-render0 arm64 1.15-1ubuntu2 [16.6 kB]
#9 7.326 Get:101 http://ports.ubuntu.com/ubuntu-ports noble/main arm64 libxcb-shm0 arm64 1.15-1ubuntu2 [5876 B]
#9 7.528 Get:102 http://ports.ubuntu.com/ubuntu-ports noble/main arm64 libxrender1 arm64 1:0.9.10-1.1build1 [18.8 kB]
#9 7.726 Get:103 http://ports.ubuntu.com/ubuntu-ports noble/main arm64 libcairo2 arm64 1.18.0-3build1 [555 kB]
#9 8.797 Get:104 http://ports.ubuntu.com/ubuntu-ports noble/main arm64 libcairo-gobject2 arm64 1.18.0-3build1 [127 kB]
#9 8.849 Get:105 http://ports.ubuntu.com/ubuntu-ports noble/main arm64 gir1.2-freedesktop arm64 1.80.1-1 [49.7 kB]
#9 8.860 Get:106 http://ports.ubuntu.com/ubuntu-ports noble/main arm64 libxi6 arm64 2:1.8.1-1build1 [31.9 kB]
#9 8.866 Get:107 http://ports.ubuntu.com/ubuntu-ports noble/main arm64 libatspi2.0-0t64 arm64 2.52.0-1build1 [80.9 kB]
#9 8.881 Get:108 http://ports.ubuntu.com/ubuntu-ports noble/main arm64 gir1.2-atspi-2.0 arm64 2.52.0-1build1 [19.8 kB]
#9 8.887 Get:109 http://ports.ubuntu.com/ubuntu-ports noble-updates/main arm64 gir1.2-gdkpixbuf-2.0 arm64 2.42.10+dfsg-3ubuntu3.3 [9486 B]
#9 8.888 Get:110 http://ports.ubuntu.com/ubuntu-ports noble-updates/main arm64 libgraphite2-3 arm64 1.3.14-2ubuntu0.24.04.1 [71.1 kB]
#9 8.937 Get:111 http://ports.ubuntu.com/ubuntu-ports noble/main arm64 libharfbuzz0b arm64 8.3.0-2build2 [463 kB]
#9 8.995 Get:112 http://ports.ubuntu.com/ubuntu-ports noble/main arm64 libharfbuzz-gobject0 arm64 8.3.0-2build2 [32.8 kB]
#9 8.995 Get:113 http://ports.ubuntu.com/ubuntu-ports noble/main arm64 gir1.2-harfbuzz-0.0 arm64 8.3.0-2build2 [44.5 kB]
#9 9.153 Get:114 http://ports.ubuntu.com/ubuntu-ports noble/main arm64 libthai-data all 0.1.29-2build1 [158 kB]
#9 9.154 Get:115 http://ports.ubuntu.com/ubuntu-ports noble/main arm64 libdatrie1 arm64 0.2.13-3build1 [19.2 kB]
#9 9.154 Get:116 http://ports.ubuntu.com/ubuntu-ports noble/main arm64 libthai0 arm64 0.1.29-2build1 [18.2 kB]
#9 9.154 Get:117 http://ports.ubuntu.com/ubuntu-ports noble/main arm64 libpango-1.0-0 arm64 1.52.1+ds-1build1 [228 kB]
#9 9.155 Get:118 http://ports.ubuntu.com/ubuntu-ports noble/main arm64 libpangoft2-1.0-0 arm64 1.52.1+ds-1build1 [42.0 kB]
#9 9.156 Get:119 http://ports.ubuntu.com/ubuntu-ports noble/main arm64 libpangocairo-1.0-0 arm64 1.52.1+ds-1build1 [27.4 kB]
#9 9.156 Get:120 http://ports.ubuntu.com/ubuntu-ports noble/main arm64 libxft2 arm64 2.3.6-1build1 [44.1 kB]
#9 9.156 Get:121 http://ports.ubuntu.com/ubuntu-ports noble/main arm64 libpangoxft-1.0-0 arm64 1.52.1+ds-1build1 [20.1 kB]
#9 9.157 Get:122 http://ports.ubuntu.com/ubuntu-ports noble/main arm64 gir1.2-pango-1.0 arm64 1.52.1+ds-1build1 [34.8 kB]
#9 9.250 Get:123 http://ports.ubuntu.com/ubuntu-ports noble/main arm64 libatk-bridge2.0-0t64 arm64 2.52.0-1build1 [66.3 kB]
#9 9.252 Get:124 http://ports.ubuntu.com/ubuntu-ports noble-updates/main arm64 liblcms2-2 arm64 2.14-2ubuntu0.1 [161 kB]
#9 9.272 Get:125 http://ports.ubuntu.com/ubuntu-ports noble/main arm64 libcolord2 arm64 1.4.7-1build2 [149 kB]
#9 9.275 Get:126 http://ports.ubuntu.com/ubuntu-ports noble-updates/main arm64 libavahi-common-data arm64 0.8-13ubuntu6.2 [30.0 kB]
#9 9.275 Get:127 http://ports.ubuntu.com/ubuntu-ports noble-updates/main arm64 libavahi-common3 arm64 0.8-13ubuntu6.2 [23.3 kB]
#9 9.275 Get:128 http://ports.ubuntu.com/ubuntu-ports noble-updates/main arm64 libavahi-client3 arm64 0.8-13ubuntu6.2 [27.3 kB]
#9 9.276 Get:129 http://ports.ubuntu.com/ubuntu-ports noble-updates/main arm64 libcups2t64 arm64 2.4.7-1.2ubuntu7.14 [277 kB]
#9 9.355 Get:130 http://ports.ubuntu.com/ubuntu-ports noble/main arm64 libepoxy0 arm64 1.5.10-1build1 [240 kB]
#9 9.358 Get:131 http://ports.ubuntu.com/ubuntu-ports noble/main arm64 libwayland-client0 arm64 1.22.0-2.1build1 [25.9 kB]
#9 9.359 Get:132 http://ports.ubuntu.com/ubuntu-ports noble/main arm64 libwayland-cursor0 arm64 1.22.0-2.1build1 [10.3 kB]
#9 9.368 Get:133 http://ports.ubuntu.com/ubuntu-ports noble/main arm64 libwayland-egl1 arm64 1.22.0-2.1build1 [5622 B]
#9 9.380 Get:134 http://ports.ubuntu.com/ubuntu-ports noble/main arm64 libxcomposite1 arm64 1:0.4.5-1build3 [6336 B]
#9 9.380 Get:135 http://ports.ubuntu.com/ubuntu-ports noble/main arm64 libxfixes3 arm64 1:6.0.0-2build1 [11.2 kB]
#9 9.381 Get:136 http://ports.ubuntu.com/ubuntu-ports noble/main arm64 libxcursor1 arm64 1:1.2.1-1build1 [21.1 kB]
#9 9.381 Get:137 http://ports.ubuntu.com/ubuntu-ports noble/main arm64 libxdamage1 arm64 1:1.1.6-1build1 [6236 B]
#9 9.381 Get:138 http://ports.ubuntu.com/ubuntu-ports noble/main arm64 libxinerama1 arm64 2:1.1.4-3build1 [6394 B]
#9 9.450 Get:139 http://ports.ubuntu.com/ubuntu-ports noble/main arm64 libxrandr2 arm64 2:1.5.2-2build1 [19.6 kB]
#9 9.453 Get:140 http://ports.ubuntu.com/ubuntu-ports noble-updates/main arm64 libgtk-3-common all 3.24.41-4ubuntu1.3 [1426 kB]
#9 9.691 Get:141 http://ports.ubuntu.com/ubuntu-ports noble-updates/main arm64 libgtk-3-0t64 arm64 3.24.41-4ubuntu1.3 [2881 kB]
#9 9.860 Get:142 http://ports.ubuntu.com/ubuntu-ports noble-updates/main arm64 gir1.2-gtk-3.0 arm64 3.24.41-4ubuntu1.3 [245 kB]
#9 9.861 Get:143 http://ports.ubuntu.com/ubuntu-ports noble/main arm64 libayatana-ido3-0.4-0 arm64 0.10.1-1build2 [54.0 kB]
#9 9.915 Get:144 http://ports.ubuntu.com/ubuntu-ports noble/main arm64 libayatana-indicator3-7 arm64 0.9.4-1build1 [31.2 kB]
#9 9.919 Get:145 http://ports.ubuntu.com/ubuntu-ports noble/main arm64 libdbusmenu-glib4 arm64 18.10.20180917~bzr492+repack1-3.1ubuntu5 [42.7 kB]
#9 9.919 Get:146 http://ports.ubuntu.com/ubuntu-ports noble/main arm64 libdbusmenu-gtk3-4 arm64 18.10.20180917~bzr492+repack1-3.1ubuntu5 [26.7 kB]
#9 9.920 Get:147 http://ports.ubuntu.com/ubuntu-ports noble/main arm64 libayatana-appindicator3-1 arm64 0.5.93-1build3 [24.4 kB]
#9 9.920 Get:148 http://ports.ubuntu.com/ubuntu-ports noble/main arm64 gir1.2-ayatanaappindicator3-0.1 arm64 0.5.93-1build3 [5832 B]
#9 9.920 Get:149 http://ports.ubuntu.com/ubuntu-ports noble/main arm64 gir1.2-ayatanaido3-0.4 arm64 0.10.1-1build2 [6406 B]
#9 9.920 Get:150 http://ports.ubuntu.com/ubuntu-ports noble/main arm64 gir1.2-dbusmenu-glib-0.4 arm64 18.10.20180917~bzr492+repack1-3.1ubuntu5 [7080 B]
#9 9.954 Get:151 http://ports.ubuntu.com/ubuntu-ports noble-updates/main arm64 gir1.2-glib-2.0-dev arm64 2.80.0-6ubuntu3.9 [848 kB]
#9 10.21 Get:152 http://ports.ubuntu.com/ubuntu-ports noble/main arm64 gir1.2-freedesktop-dev arm64 1.80.1-1 [28.8 kB]
#9 10.21 Get:153 http://ports.ubuntu.com/ubuntu-ports noble-updates/main arm64 libjavascriptcoregtk-4.1-0 arm64 2.52.6-0ubuntu0.24.04.1 [7543 kB]
#9 10.59 Get:154 http://ports.ubuntu.com/ubuntu-ports noble-updates/main arm64 gir1.2-javascriptcoregtk-4.1 arm64 2.52.6-0ubuntu0.24.04.1 [38.7 kB]
#9 10.59 Get:155 http://ports.ubuntu.com/ubuntu-ports noble-updates/main arm64 librsvg2-2 arm64 2.58.0+dfsg-1ubuntu0.1 [2037 kB]
#9 10.86 Get:156 http://ports.ubuntu.com/ubuntu-ports noble-updates/main arm64 gir1.2-rsvg-2.0 arm64 2.58.0+dfsg-1ubuntu0.1 [11.1 kB]
#9 10.86 Get:157 http://ports.ubuntu.com/ubuntu-ports noble-updates/main arm64 libsasl2-modules-db arm64 2.1.28+dfsg1-5ubuntu3.1 [21.6 kB]
#9 10.86 Get:158 http://ports.ubuntu.com/ubuntu-ports noble-updates/main arm64 libsasl2-2 arm64 2.1.28+dfsg1-5ubuntu3.1 [54.7 kB]
#9 10.86 Get:159 http://ports.ubuntu.com/ubuntu-ports noble-updates/main arm64 libldap2 arm64 2.6.10+dfsg-0ubuntu0.24.04.1 [196 kB]
#9 10.87 Get:160 http://ports.ubuntu.com/ubuntu-ports noble/main arm64 librtmp1 arm64 2.4+20151223.gitfa8646d.1-2build7 [57.8 kB]
#9 10.87 Get:161 http://ports.ubuntu.com/ubuntu-ports noble-updates/main arm64 libssh-4 arm64 0.10.6-2ubuntu0.5 [192 kB]
#9 10.87 Get:162 http://ports.ubuntu.com/ubuntu-ports noble-updates/main arm64 libcurl3t64-gnutls arm64 8.5.0-2ubuntu10.15 [330 kB]
#9 10.87 Get:163 http://ports.ubuntu.com/ubuntu-ports noble/main arm64 libduktape207 arm64 2.7.0+tests-0ubuntu3 [144 kB]
#9 10.87 Get:164 http://ports.ubuntu.com/ubuntu-ports noble/main arm64 libproxy1v5 arm64 0.5.4-4build1 [26.1 kB]
#9 10.96 Get:165 http://ports.ubuntu.com/ubuntu-ports noble/main arm64 glib-networking-common all 2.80.0-1build1 [6702 B]
#9 10.96 Get:166 http://ports.ubuntu.com/ubuntu-ports noble/main arm64 glib-networking-services arm64 2.80.0-1build1 [12.7 kB]
#9 10.96 Get:167 http://ports.ubuntu.com/ubuntu-ports noble/main arm64 session-migration arm64 0.3.9build1 [8958 B]
#9 10.96 Get:168 http://ports.ubuntu.com/ubuntu-ports noble-updates/main arm64 gsettings-desktop-schemas all 46.1-0ubuntu1 [35.6 kB]
#9 10.96 Get:169 http://ports.ubuntu.com/ubuntu-ports noble/main arm64 glib-networking arm64 2.80.0-1build1 [63.9 kB]
#9 10.97 Get:170 http://ports.ubuntu.com/ubuntu-ports noble-updates/main arm64 libsoup-3.0-common all 3.4.4-5ubuntu0.9 [12.3 kB]
#9 10.98 Get:171 http://ports.ubuntu.com/ubuntu-ports noble-updates/main arm64 libsoup-3.0-0 arm64 3.4.4-5ubuntu0.9 [291 kB]
#9 11.00 Get:172 http://ports.ubuntu.com/ubuntu-ports noble-updates/main arm64 gir1.2-soup-3.0 arm64 3.4.4-5ubuntu0.9 [22.5 kB]
#9 11.00 Get:173 http://ports.ubuntu.com/ubuntu-ports noble/main arm64 libcdparanoia0 arm64 3.10.2+debian-14build3 [46.9 kB]
#9 11.00 Get:174 http://ports.ubuntu.com/ubuntu-ports noble-updates/main arm64 libdw1t64 arm64 0.190-1.1ubuntu0.1 [258 kB]
#9 11.25 Get:175 http://ports.ubuntu.com/ubuntu-ports noble-updates/main arm64 libunwind8 arm64 1.6.2-3build1.1 [53.6 kB]
#9 11.25 Get:176 http://ports.ubuntu.com/ubuntu-ports noble-updates/main arm64 libgstreamer1.0-0 arm64 1.24.2-1ubuntu0.1 [1147 kB]
#9 11.44 Get:177 http://ports.ubuntu.com/ubuntu-ports noble-updates/main arm64 liborc-0.4-0t64 arm64 1:0.4.38-1ubuntu0.1 [205 kB]
#9 11.45 Get:178 http://ports.ubuntu.com/ubuntu-ports noble-updates/main arm64 libgstreamer-plugins-base1.0-0 arm64 1.24.2-1ubuntu0.5 [830 kB]
#9 11.45 Get:179 http://ports.ubuntu.com/ubuntu-ports noble/main arm64 libogg0 arm64 1.3.5-3build1 [22.6 kB]
#9 11.45 Get:180 http://ports.ubuntu.com/ubuntu-ports noble/main arm64 libopus0 arm64 1.4-1build1 [198 kB]
#9 11.45 Get:181 http://ports.ubuntu.com/ubuntu-ports noble/main arm64 libtheora0 arm64 1.1.1+dfsg.1-16.1build3 [224 kB]
#9 11.45 Get:182 http://ports.ubuntu.com/ubuntu-ports noble/main arm64 libvisual-0.4-0 arm64 0.4.2-2build1 [110 kB]
#9 11.45 Get:183 http://ports.ubuntu.com/ubuntu-ports noble/main arm64 libvorbis0a arm64 1.3.7-1build3 [94.0 kB]
#9 11.45 Get:184 http://ports.ubuntu.com/ubuntu-ports noble/main arm64 libvorbisenc2 arm64 1.3.7-1build3 [80.0 kB]
#9 11.46 Get:185 http://ports.ubuntu.com/ubuntu-ports noble-updates/main arm64 gstreamer1.0-plugins-base arm64 1.24.2-1ubuntu0.5 [691 kB]
#9 11.54 Get:186 http://ports.ubuntu.com/ubuntu-ports noble/main arm64 libaa1 arm64 1.4p5-51.1 [49.7 kB]
#9 11.54 Get:187 http://ports.ubuntu.com/ubuntu-ports noble/main arm64 libraw1394-11 arm64 2.1.2-2build3 [26.9 kB]
#9 11.54 Get:188 http://ports.ubuntu.com/ubuntu-ports noble/main arm64 libavc1394-0 arm64 0.5.4-5build3 [15.8 kB]
#9 11.55 Get:189 http://ports.ubuntu.com/ubuntu-ports noble-updates/main arm64 libcaca0 arm64 0.99.beta20-4ubuntu0.2 [206 kB]
#9 11.56 Get:190 http://ports.ubuntu.com/ubuntu-ports noble/main arm64 libdv4t64 arm64 1.0.0-17.1build1 [60.2 kB]
#9 11.56 Get:191 http://ports.ubuntu.com/ubuntu-ports noble/main arm64 libflac12t64 arm64 1.4.3+ds-2.1ubuntu2 [170 kB]
#9 11.57 Get:192 http://ports.ubuntu.com/ubuntu-ports noble-updates/main arm64 libgstreamer-plugins-good1.0-0 arm64 1.24.2-1ubuntu1.8 [34.0 kB]
#9 11.57 Get:193 http://ports.ubuntu.com/ubuntu-ports noble/main arm64 libgudev-1.0-0 arm64 1:238-5ubuntu1 [15.1 kB]
#9 11.57 Get:194 http://ports.ubuntu.com/ubuntu-ports noble/main arm64 libiec61883-0 arm64 1.2.0-6build1 [24.3 kB]
#9 11.57 Get:195 http://ports.ubuntu.com/ubuntu-ports noble/main arm64 libmp3lame0 arm64 3.100-6build1 [141 kB]
#9 11.64 Get:196 http://ports.ubuntu.com/ubuntu-ports noble-updates/main arm64 libmpg123-0t64 arm64 1.32.5-1ubuntu1.1 [172 kB]
#9 11.65 Get:197 http://ports.ubuntu.com/ubuntu-ports noble/main arm64 libasyncns0 arm64 0.8-6build4 [11.2 kB]
#9 11.65 Get:198 http://ports.ubuntu.com/ubuntu-ports noble-updates/main arm64 libsndfile1 arm64 1.2.2-1ubuntu5.24.04.1 [208 kB]
#9 11.66 Get:199 http://ports.ubuntu.com/ubuntu-ports noble/main arm64 libx11-xcb1 arm64 2:1.8.7-1build1 [7870 B]
#9 11.66 Get:200 http://ports.ubuntu.com/ubuntu-ports noble-updates/main arm64 libpulse0 arm64 1:16.1+dfsg1-2ubuntu10.1 [271 kB]
#9 11.67 Get:201 http://ports.ubuntu.com/ubuntu-ports noble-updates/main arm64 libspeex1 arm64 1.2.1-2ubuntu2.24.04.1 [56.2 kB]
#9 11.67 Get:202 http://ports.ubuntu.com/ubuntu-ports noble/main arm64 libshout3 arm64 2.4.6-1build2 [51.0 kB]
#9 11.87 Get:203 http://ports.ubuntu.com/ubuntu-ports noble/main arm64 libtag1v5-vanilla arm64 1.13.1-1build1 [303 kB]
#9 12.44 Get:204 http://ports.ubuntu.com/ubuntu-ports noble/main arm64 libtag1v5 arm64 1.13.1-1build1 [11.7 kB]
#9 12.45 Get:205 http://ports.ubuntu.com/ubuntu-ports noble/main arm64 libtwolame0 arm64 0.4.0-2build3 [51.7 kB]
#9 12.45 Get:206 http://ports.ubuntu.com/ubuntu-ports noble/main arm64 libv4lconvert0t64 arm64 1.26.1-4build3 [88.6 kB]
#9 12.49 Get:207 http://ports.ubuntu.com/ubuntu-ports noble/main arm64 libv4l-0t64 arm64 1.26.1-4build3 [46.4 kB]
#9 12.51 Get:208 http://ports.ubuntu.com/ubuntu-ports noble-updates/main arm64 libvpx9 arm64 1.14.0-1ubuntu2.3 [1233 kB]
#9 12.82 Get:209 http://ports.ubuntu.com/ubuntu-ports noble/main arm64 libwavpack1 arm64 5.6.0-1build1 [79.2 kB]
#9 12.82 Get:210 http://ports.ubuntu.com/ubuntu-ports noble/main arm64 x11-common all 1:7.7+23ubuntu3 [21.7 kB]
#9 12.82 Get:211 http://ports.ubuntu.com/ubuntu-ports noble/main arm64 libxtst6 arm64 2:1.2.3-1.1build1 [13.0 kB]
#9 12.82 Get:212 http://ports.ubuntu.com/ubuntu-ports noble-updates/main arm64 gstreamer1.0-plugins-good arm64 1.24.2-1ubuntu1.8 [2155 kB]
#9 12.96 Get:213 http://ports.ubuntu.com/ubuntu-ports noble/main arm64 libglvnd0 arm64 1.7.0-1build1 [60.6 kB]
#9 12.96 Get:214 http://ports.ubuntu.com/ubuntu-ports noble/main arm64 libgles2 arm64 1.7.0-1build1 [17.6 kB]
#9 12.96 Get:215 http://ports.ubuntu.com/ubuntu-ports noble-updates/main arm64 xdg-dbus-proxy arm64 0.1.5-1ubuntu0.2 [25.8 kB]
#9 12.96 Get:216 http://ports.ubuntu.com/ubuntu-ports noble/main arm64 hunspell-en-us all 1:2020.12.07-2 [280 kB]
#9 12.97 Get:217 http://ports.ubuntu.com/ubuntu-ports noble/main arm64 libaspell15 arm64 0.60.8.1-1build1 [316 kB]
#9 12.98 Get:218 http://ports.ubuntu.com/ubuntu-ports noble/main arm64 libhunspell-1.7-0 arm64 1.7.2+really1.7.2-10build3 [274 kB]
#9 12.99 Get:219 http://ports.ubuntu.com/ubuntu-ports noble/main arm64 libenchant-2-2 arm64 2.3.3-2build2 [50.3 kB]
#9 12.99 Get:220 http://ports.ubuntu.com/ubuntu-ports noble-updates/main arm64 libdrm-amdgpu1 arm64 2.4.125-1ubuntu0.1~24.04.2 [21.9 kB]
#9 12.99 Get:221 http://ports.ubuntu.com/ubuntu-ports noble-updates/main arm64 libllvm20 arm64 1:20.1.2-0ubuntu1~24.04.3 [29.3 MB]
#9 14.33 Get:222 http://ports.ubuntu.com/ubuntu-ports noble/main arm64 libxcb-dri3-0 arm64 1.15-1ubuntu2 [7196 B]
#9 14.33 Get:223 http://ports.ubuntu.com/ubuntu-ports noble/main arm64 libxcb-present0 arm64 1.15-1ubuntu2 [5866 B]
#9 14.33 Get:224 http://ports.ubuntu.com/ubuntu-ports noble/main arm64 libxcb-randr0 arm64 1.15-1ubuntu2 [18.4 kB]
#9 14.33 Get:225 http://ports.ubuntu.com/ubuntu-ports noble/main arm64 libxcb-sync1 arm64 1.15-1ubuntu2 [9682 B]
#9 14.33 Get:226 http://ports.ubuntu.com/ubuntu-ports noble/main arm64 libxcb-xfixes0 arm64 1.15-1ubuntu2 [10.6 kB]
#9 14.33 Get:227 http://ports.ubuntu.com/ubuntu-ports noble/main arm64 libxshmfence1 arm64 1.3-1build5 [4938 B]
#9 14.33 Get:228 http://ports.ubuntu.com/ubuntu-ports noble-updates/main arm64 mesa-libgallium arm64 25.2.8-0ubuntu0.24.04.4 [12.1 MB]
#9 14.70 Get:229 http://ports.ubuntu.com/ubuntu-ports noble-updates/main arm64 libgbm1 arm64 25.2.8-0ubuntu0.24.04.4 [35.0 kB]
#9 14.70 Get:230 http://ports.ubuntu.com/ubuntu-ports noble-updates/main arm64 libegl-mesa0 arm64 25.2.8-0ubuntu0.24.04.4 [117 kB]
#9 14.70 Get:231 http://ports.ubuntu.com/ubuntu-ports noble/main arm64 libegl1 arm64 1.7.0-1build1 [29.5 kB]
#9 14.70 Get:232 http://ports.ubuntu.com/ubuntu-ports noble/main arm64 libxcb-glx0 arm64 1.15-1ubuntu2 [25.5 kB]
#9 14.70 Get:233 http://ports.ubuntu.com/ubuntu-ports noble/main arm64 libxxf86vm1 arm64 1:1.1.4-1build4 [9130 B]
#9 14.70 Get:234 http://ports.ubuntu.com/ubuntu-ports noble/main arm64 libvulkan1 arm64 1.3.275.0-1build1 [150 kB]
#9 14.70 Get:235 http://ports.ubuntu.com/ubuntu-ports noble-updates/main arm64 libgl1-mesa-dri arm64 25.2.8-0ubuntu0.24.04.4 [37.0 kB]
#9 14.70 Get:236 http://ports.ubuntu.com/ubuntu-ports noble-updates/main arm64 libglx-mesa0 arm64 25.2.8-0ubuntu0.24.04.4 [111 kB]
#9 14.71 Get:237 http://ports.ubuntu.com/ubuntu-ports noble/main arm64 libglx0 arm64 1.7.0-1build1 [33.2 kB]
#9 14.80 Get:238 http://ports.ubuntu.com/ubuntu-ports noble/main arm64 libgl1 arm64 1.7.0-1build1 [106 kB]
#9 14.80 Get:239 http://ports.ubuntu.com/ubuntu-ports noble-updates/main arm64 libgstreamer-gl1.0-0 arm64 1.24.2-1ubuntu0.5 [209 kB]
#9 14.81 Get:240 http://ports.ubuntu.com/ubuntu-ports noble/main arm64 libharfbuzz-icu0 arm64 8.3.0-2build2 [13.2 kB]
#9 14.81 Get:241 http://ports.ubuntu.com/ubuntu-ports noble/main arm64 libhyphen0 arm64 2.8.8-7build3 [26.4 kB]
#9 14.81 Get:242 http://ports.ubuntu.com/ubuntu-ports noble/main arm64 libmanette-0.2-0 arm64 0.2.7-1build2 [30.4 kB]
#9 14.81 Get:243 http://ports.ubuntu.com/ubuntu-ports noble/main arm64 libsecret-common all 0.21.4-1build3 [4962 B]
#9 14.81 Get:244 http://ports.ubuntu.com/ubuntu-ports noble/main arm64 libsecret-1-0 arm64 0.21.4-1build3 [116 kB]
#9 14.81 Get:245 http://ports.ubuntu.com/ubuntu-ports noble/main arm64 libwayland-server0 arm64 1.22.0-2.1build1 [34.6 kB]
#9 14.81 Get:246 http://ports.ubuntu.com/ubuntu-ports noble/main arm64 libwebpdemux2 arm64 1.3.2-0.4build3 [12.3 kB]
#9 14.81 Get:247 http://ports.ubuntu.com/ubuntu-ports noble/main arm64 libwebpmux3 arm64 1.3.2-0.4build3 [25.0 kB]
#9 14.91 Get:248 http://ports.ubuntu.com/ubuntu-ports noble-updates/main arm64 libxslt1.1 arm64 1.1.39-0exp1ubuntu0.24.04.3 [167 kB]
#9 14.91 Get:249 http://ports.ubuntu.com/ubuntu-ports noble-updates/main arm64 libwebkit2gtk-4.1-0 arm64 2.52.6-0ubuntu0.24.04.1 [24.9 MB]
#9 15.68 Get:250 http://ports.ubuntu.com/ubuntu-ports noble-updates/main arm64 gir1.2-webkit2-4.1 arm64 2.52.6-0ubuntu0.24.04.1 [105 kB]
#9 15.68 Get:251 http://ports.ubuntu.com/ubuntu-ports noble-updates/main arm64 icu-devtools arm64 74.2-1ubuntu3.1 [209 kB]
#9 15.70 Get:252 http://ports.ubuntu.com/ubuntu-ports noble/main arm64 libffi-dev arm64 3.4.6-1build1 [59.5 kB]
#9 15.70 Get:253 http://ports.ubuntu.com/ubuntu-ports noble-updates/main arm64 libglib2.0-bin arm64 2.80.0-6ubuntu3.9 [97.1 kB]
#9 15.70 Get:254 http://ports.ubuntu.com/ubuntu-ports noble/main arm64 python3-packaging all 24.0-1 [41.1 kB]
#9 15.70 Get:255 http://ports.ubuntu.com/ubuntu-ports noble-updates/main arm64 libglib2.0-dev-bin arm64 2.80.0-6ubuntu3.9 [138 kB]
#9 15.70 Get:256 http://ports.ubuntu.com/ubuntu-ports noble-updates/main arm64 uuid-dev arm64 2.39.3-9ubuntu6.6 [34.8 kB]
#9 15.70 Get:257 http://ports.ubuntu.com/ubuntu-ports noble-updates/main arm64 libblkid-dev arm64 2.39.3-9ubuntu6.6 [219 kB]
#9 15.71 Get:258 http://ports.ubuntu.com/ubuntu-ports noble/main arm64 libsepol-dev arm64 3.5-2build1 [395 kB]
#9 15.81 Get:259 http://ports.ubuntu.com/ubuntu-ports noble-updates/main arm64 libpcre2-16-0 arm64 10.42-4ubuntu2.1 [196 kB]
#9 15.81 Get:260 http://ports.ubuntu.com/ubuntu-ports noble-updates/main arm64 libpcre2-32-0 arm64 10.42-4ubuntu2.1 [184 kB]
#9 15.82 Get:261 http://ports.ubuntu.com/ubuntu-ports noble-updates/main arm64 libpcre2-posix3 arm64 10.42-4ubuntu2.1 [6604 B]
#9 15.83 Get:262 http://ports.ubuntu.com/ubuntu-ports noble-updates/main arm64 libpcre2-dev arm64 10.42-4ubuntu2.1 [680 kB]
#9 15.84 Get:263 http://ports.ubuntu.com/ubuntu-ports noble-updates/main arm64 libselinux1-dev arm64 3.5-2ubuntu2.1 [172 kB]
#9 15.85 Get:264 http://ports.ubuntu.com/ubuntu-ports noble-updates/main arm64 libmount-dev arm64 2.39.3-9ubuntu6.6 [14.9 kB]
#9 15.85 Get:265 http://ports.ubuntu.com/ubuntu-ports noble-updates/main arm64 zlib1g-dev arm64 1:1.3.dfsg-3.1ubuntu2.2 [894 kB]
#9 15.88 Get:266 http://ports.ubuntu.com/ubuntu-ports noble-updates/main arm64 libgirepository-2.0-0 arm64 2.80.0-6ubuntu3.9 [71.5 kB]
#9 15.88 Get:267 http://ports.ubuntu.com/ubuntu-ports noble-updates/main arm64 libglib2.0-dev arm64 2.80.0-6ubuntu3.9 [1964 kB]
#9 15.96 Get:268 http://ports.ubuntu.com/ubuntu-ports noble/main arm64 libatk1.0-dev arm64 2.52.0-1build1 [100 kB]
#9 15.99 Get:269 http://ports.ubuntu.com/ubuntu-ports noble/main arm64 xml-core all 0.19 [20.3 kB]
#9 15.99 Get:270 http://ports.ubuntu.com/ubuntu-ports noble-updates/main arm64 libdbus-1-dev arm64 1.14.10-4ubuntu4.1 [200 kB]
#9 16.00 Get:271 http://ports.ubuntu.com/ubuntu-ports noble/main arm64 xorg-sgml-doctools all 1:1.11-1.1 [10.9 kB]
#9 16.01 Get:272 http://ports.ubuntu.com/ubuntu-ports noble/main arm64 x11proto-dev all 2023.2-1 [602 kB]
#9 16.02 Get:273 http://ports.ubuntu.com/ubuntu-ports noble/main arm64 libxau-dev arm64 1:1.0.9-1build6 [10.0 kB]
#9 16.02 Get:274 http://ports.ubuntu.com/ubuntu-ports noble/main arm64 libxdmcp-dev arm64 1:1.1.3-0ubuntu6 [26.3 kB]
#9 16.03 Get:275 http://ports.ubuntu.com/ubuntu-ports noble/main arm64 xtrans-dev all 1.4.0-1 [68.9 kB]
#9 16.03 Get:276 http://ports.ubuntu.com/ubuntu-ports noble/main arm64 libpthread-stubs0-dev arm64 0.4-1build3 [4734 B]
#9 16.07 Get:277 http://ports.ubuntu.com/ubuntu-ports noble/main arm64 libxcb1-dev arm64 1.15-1ubuntu2 [91.2 kB]
#9 16.09 Get:278 http://ports.ubuntu.com/ubuntu-ports noble/main arm64 libx11-dev arm64 2:1.8.7-1build1 [742 kB]
#9 16.12 Get:279 http://ports.ubuntu.com/ubuntu-ports noble/main arm64 libxext-dev arm64 2:1.3.4-1build2 [84.9 kB]
#9 16.13 Get:280 http://ports.ubuntu.com/ubuntu-ports noble/main arm64 libxfixes-dev arm64 1:6.0.0-2build1 [13.0 kB]
#9 16.13 Get:281 http://ports.ubuntu.com/ubuntu-ports noble/main arm64 libxi-dev arm64 2:1.8.1-1build1 [193 kB]
#9 16.13 Get:282 http://ports.ubuntu.com/ubuntu-ports noble/main arm64 libxtst-dev arm64 2:1.2.3-1.1build1 [16.6 kB]
#9 16.13 Get:283 http://ports.ubuntu.com/ubuntu-ports noble/main arm64 libatspi2.0-dev arm64 2.52.0-1build1 [76.2 kB]
#9 16.14 Get:284 http://ports.ubuntu.com/ubuntu-ports noble/main arm64 libatk-bridge2.0-dev arm64 2.52.0-1build1 [4278 B]
#9 16.14 Get:285 http://ports.ubuntu.com/ubuntu-ports noble/main arm64 liblzo2-2 arm64 2.10-2build4 [50.6 kB]
#9 16.15 Get:286 http://ports.ubuntu.com/ubuntu-ports noble/main arm64 libcairo-script-interpreter2 arm64 1.18.0-3build1 [60.9 kB]
#9 16.19 Get:287 http://ports.ubuntu.com/ubuntu-ports noble-updates/main arm64 libexpat1-dev arm64 2.6.1-2ubuntu0.6 [134 kB]
#9 16.23 Get:288 http://ports.ubuntu.com/ubuntu-ports noble/main arm64 libbrotli-dev arm64 1.1.0-2build2 [360 kB]
#9 16.24 Get:289 http://ports.ubuntu.com/ubuntu-ports noble-updates/main arm64 libbz2-dev arm64 1.0.8-5.1ubuntu0.1 [35.8 kB]
#9 16.24 Get:290 http://ports.ubuntu.com/ubuntu-ports noble-updates/main arm64 libpng-dev arm64 1.6.43-5ubuntu0.7 [268 kB]
#9 16.25 Get:291 http://ports.ubuntu.com/ubuntu-ports noble-updates/main arm64 libfreetype-dev arm64 2.13.2+dfsg-1ubuntu0.2 [574 kB]
#9 16.27 Get:292 http://ports.ubuntu.com/ubuntu-ports noble/main arm64 libfontconfig-dev arm64 2.15.0-1.1ubuntu2 [165 kB]
#9 16.27 Get:293 http://ports.ubuntu.com/ubuntu-ports noble/main arm64 libpixman-1-dev arm64 0.42.2-1build1 [228 kB]
#9 16.28 Get:294 http://ports.ubuntu.com/ubuntu-ports noble/main arm64 libice6 arm64 2:1.0.10-1build3 [41.1 kB]
#9 16.28 Get:295 http://ports.ubuntu.com/ubuntu-ports noble/main arm64 libsm6 arm64 2:1.2.3-1build3 [15.6 kB]
#9 16.28 Get:296 http://ports.ubuntu.com/ubuntu-ports noble/main arm64 libice-dev arm64 2:1.0.10-1build3 [52.3 kB]
#9 16.31 Get:297 http://ports.ubuntu.com/ubuntu-ports noble/main arm64 libsm-dev arm64 2:1.2.3-1build3 [18.9 kB]
#9 16.36 Get:298 http://ports.ubuntu.com/ubuntu-ports noble/main arm64 libxcb-render0-dev arm64 1.15-1ubuntu2 [20.9 kB]
#9 16.36 Get:299 http://ports.ubuntu.com/ubuntu-ports noble/main arm64 libxcb-shm0-dev arm64 1.15-1ubuntu2 [8750 B]
#9 16.37 Get:300 http://ports.ubuntu.com/ubuntu-ports noble/main arm64 libxrender-dev arm64 1:0.9.10-1.1build1 [26.9 kB]
#9 16.37 Get:301 http://ports.ubuntu.com/ubuntu-ports noble/main arm64 libcairo2-dev arm64 1.18.0-3build1 [41.1 kB]
#9 16.37 Get:302 http://ports.ubuntu.com/ubuntu-ports noble/main arm64 libglx-dev arm64 1.7.0-1build1 [14.2 kB]
#9 16.38 Get:303 http://ports.ubuntu.com/ubuntu-ports noble/main arm64 libgl-dev arm64 1.7.0-1build1 [102 kB]
#9 16.58 Get:304 http://ports.ubuntu.com/ubuntu-ports noble/main arm64 libegl-dev arm64 1.7.0-1build1 [18.2 kB]
#9 16.79 Get:305 http://ports.ubuntu.com/ubuntu-ports noble/main arm64 libglvnd-core-dev arm64 1.7.0-1build1 [13.5 kB]
#9 16.81 Get:306 http://ports.ubuntu.com/ubuntu-ports noble/main arm64 libgles1 arm64 1.7.0-1build1 [11.6 kB]
#9 16.84 Get:307 http://ports.ubuntu.com/ubuntu-ports noble/main arm64 libgles-dev arm64 1.7.0-1build1 [50.4 kB]
#9 16.98 Get:308 http://ports.ubuntu.com/ubuntu-ports noble/main arm64 libopengl0 arm64 1.7.0-1build1 [35.1 kB]
#9 17.01 Get:309 http://ports.ubuntu.com/ubuntu-ports noble/main arm64 libopengl-dev arm64 1.7.0-1build1 [3440 B]
#9 17.02 Get:310 http://ports.ubuntu.com/ubuntu-ports noble/main arm64 libglvnd-dev arm64 1.7.0-1build1 [3196 B]
#9 17.02 Get:311 http://ports.ubuntu.com/ubuntu-ports noble-updates/main arm64 libegl1-mesa-dev arm64 25.2.8-0ubuntu0.24.04.4 [26.8 kB]
#9 17.09 Get:312 http://ports.ubuntu.com/ubuntu-ports noble/main arm64 libepoxy-dev arm64 1.5.10-1build1 [132 kB]
#9 17.34 Get:313 http://ports.ubuntu.com/ubuntu-ports noble/main arm64 libfribidi-dev arm64 1.0.13-3build1 [65.0 kB]
#9 17.34 Get:314 http://ports.ubuntu.com/ubuntu-ports noble-updates/main arm64 libgdk-pixbuf2.0-bin arm64 2.42.10+dfsg-3ubuntu3.3 [14.2 kB]
#9 17.34 Get:315 http://ports.ubuntu.com/ubuntu-ports noble/main arm64 libjpeg-turbo8-dev arm64 2.1.5-2ubuntu2 [305 kB]
#9 17.73 Get:316 http://ports.ubuntu.com/ubuntu-ports noble/main arm64 libjpeg8-dev arm64 8c-2ubuntu11 [1484 B]
#9 17.73 Get:317 http://ports.ubuntu.com/ubuntu-ports noble/main arm64 libjpeg-dev arm64 8c-2ubuntu11 [1482 B]
#9 17.73 Get:318 http://ports.ubuntu.com/ubuntu-ports noble/main arm64 libjbig-dev arm64 2.1-6.1ubuntu2 [27.5 kB]
#9 17.73 Get:319 http://ports.ubuntu.com/ubuntu-ports noble-updates/main arm64 liblzma-dev arm64 5.6.1+really5.4.5-1ubuntu0.3 [178 kB]
#9 17.73 Get:320 http://ports.ubuntu.com/ubuntu-ports noble-updates/main arm64 libzstd-dev arm64 1.5.5+dfsg2-2build1.1 [344 kB]
#9 17.82 Get:321 http://ports.ubuntu.com/ubuntu-ports noble/main arm64 libwebpdecoder3 arm64 1.3.2-0.4build3 [88.7 kB]
#9 17.84 Get:322 http://ports.ubuntu.com/ubuntu-ports noble/main arm64 libsharpyuv-dev arm64 1.3.2-0.4build3 [15.1 kB]
#9 17.84 Get:323 http://ports.ubuntu.com/ubuntu-ports noble/main arm64 libwebp-dev arm64 1.3.2-0.4build3 [334 kB]
#9 17.93 Get:324 http://ports.ubuntu.com/ubuntu-ports noble-updates/main arm64 libtiffxx6 arm64 4.5.1+git230720-4ubuntu2.5 [5646 B]
#9 17.93 Get:325 http://ports.ubuntu.com/ubuntu-ports noble-updates/main arm64 libdeflate-dev arm64 1.19-1build1.1 [51.2 kB]
#9 17.94 Get:326 http://ports.ubuntu.com/ubuntu-ports noble/main arm64 liblerc-dev arm64 4.0.0+ds-4ubuntu2 [168 kB]
#9 17.97 Get:327 http://ports.ubuntu.com/ubuntu-ports noble-updates/main arm64 libtiff-dev arm64 4.5.1+git230720-4ubuntu2.5 [337 kB]
#9 18.01 Get:328 http://ports.ubuntu.com/ubuntu-ports noble-updates/main arm64 libgdk-pixbuf-2.0-dev arm64 2.42.10+dfsg-3ubuntu3.3 [47.9 kB]
#9 18.02 Get:329 http://ports.ubuntu.com/ubuntu-ports noble/main arm64 libharfbuzz-subset0 arm64 8.3.0-2build2 [413 kB]
#9 18.09 Get:330 http://ports.ubuntu.com/ubuntu-ports noble/main arm64 libharfbuzz-cairo0 arm64 8.3.0-2build2 [25.1 kB]
#9 18.09 Get:331 http://ports.ubuntu.com/ubuntu-ports noble-updates/main arm64 libgraphite2-dev arm64 1.3.14-2ubuntu0.24.04.1 [14.7 kB]
#9 18.09 Get:332 http://ports.ubuntu.com/ubuntu-ports noble-updates/main arm64 libicu-dev arm64 74.2-1ubuntu3.1 [11.9 MB]
#9 19.51 Get:333 http://ports.ubuntu.com/ubuntu-ports noble/main arm64 libharfbuzz-dev arm64 8.3.0-2build2 [142 kB]
#9 19.52 Get:334 http://ports.ubuntu.com/ubuntu-ports noble/main arm64 libdatrie-dev arm64 0.2.13-3build1 [20.3 kB]
#9 19.52 Get:335 http://ports.ubuntu.com/ubuntu-ports noble/main arm64 libthai-dev arm64 0.1.29-2build1 [26.3 kB]
#9 19.52 Get:336 http://ports.ubuntu.com/ubuntu-ports noble/main arm64 libxft-dev arm64 2.3.6-1build1 [65.0 kB]
#9 19.52 Get:337 http://ports.ubuntu.com/ubuntu-ports noble/main arm64 pango1.0-tools arm64 1.52.1+ds-1build1 [36.3 kB]
#9 19.52 Get:338 http://ports.ubuntu.com/ubuntu-ports noble/main arm64 libpango1.0-dev arm64 1.52.1+ds-1build1 [147 kB]
#9 19.52 Get:339 http://ports.ubuntu.com/ubuntu-ports noble/main arm64 libwayland-bin arm64 1.22.0-2.1build1 [20.3 kB]
#9 19.52 Get:340 http://ports.ubuntu.com/ubuntu-ports noble/main arm64 libwayland-dev arm64 1.22.0-2.1build1 [71.3 kB]
#9 19.52 Get:341 http://ports.ubuntu.com/ubuntu-ports noble/main arm64 libxcomposite-dev arm64 1:0.4.5-1build3 [9618 B]
#9 19.61 Get:342 http://ports.ubuntu.com/ubuntu-ports noble/main arm64 libxcursor-dev arm64 1:1.2.1-1build1 [33.3 kB]
#9 19.61 Get:343 http://ports.ubuntu.com/ubuntu-ports noble/main arm64 libxdamage-dev arm64 1:1.1.6-1build1 [5508 B]
#9 19.61 Get:344 http://ports.ubuntu.com/ubuntu-ports noble/main arm64 libxinerama-dev arm64 2:1.1.4-3build1 [8148 B]
#9 19.61 Get:345 http://ports.ubuntu.com/ubuntu-ports noble/main arm64 libxkbcommon-dev arm64 1.6.0-1build1 [56.3 kB]
#9 19.62 Get:346 http://ports.ubuntu.com/ubuntu-ports noble/main arm64 libxrandr-dev arm64 2:1.5.2-2build1 [27.2 kB]
#9 19.62 Get:347 http://ports.ubuntu.com/ubuntu-ports noble-updates/main arm64 wayland-protocols all 1.45-1~ubuntu0.24.04.2 [114 kB]
#9 19.62 Get:348 http://ports.ubuntu.com/ubuntu-ports noble-updates/main arm64 libgtk-3-dev arm64 3.24.41-4ubuntu1.3 [1096 kB]
#9 19.66 Get:349 http://ports.ubuntu.com/ubuntu-ports noble/main arm64 libayatana-ido3-dev arm64 0.10.1-1build2 [14.2 kB]
#9 19.66 Get:350 http://ports.ubuntu.com/ubuntu-ports noble/main arm64 libayatana-indicator3-dev arm64 0.9.4-1build1 [6944 B]
#9 19.66 Get:351 http://ports.ubuntu.com/ubuntu-ports noble/main arm64 libdbusmenu-glib-dev arm64 18.10.20180917~bzr492+repack1-3.1ubuntu5 [75.0 kB]
#9 19.81 Get:352 http://ports.ubuntu.com/ubuntu-ports noble/main arm64 libayatana-appindicator3-dev arm64 0.5.93-1build3 [15.0 kB]
#9 19.81 Get:353 http://ports.ubuntu.com/ubuntu-ports noble-updates/main arm64 libgbm-dev arm64 25.2.8-0ubuntu0.24.04.4 [12.7 kB]
#9 19.81 Get:354 http://ports.ubuntu.com/ubuntu-ports noble-updates/universe arm64 libjavascriptcoregtk-4.1-dev arm64 2.52.6-0ubuntu0.24.04.1 [69.8 kB]
#9 19.82 Get:355 http://ports.ubuntu.com/ubuntu-ports noble-updates/main arm64 libnghttp2-dev arm64 1.59.0-1ubuntu0.4 [118 kB]
#9 19.82 Get:356 http://ports.ubuntu.com/ubuntu-ports noble/main arm64 libpsl-dev arm64 0.21.2-1.1build1 [77.2 kB]
#9 19.82 Get:357 http://ports.ubuntu.com/ubuntu-ports noble-updates/main arm64 librsvg2-common arm64 2.58.0+dfsg-1ubuntu0.1 [11.5 kB]
#9 19.82 Get:358 http://ports.ubuntu.com/ubuntu-ports noble-updates/universe arm64 librsvg2-dev arm64 2.58.0+dfsg-1ubuntu0.1 [38.0 kB]
#9 19.82 Get:359 http://ports.ubuntu.com/ubuntu-ports noble-updates/main arm64 libsqlite3-dev arm64 3.45.1-1ubuntu2.8 [916 kB]
#9 19.83 Get:360 http://ports.ubuntu.com/ubuntu-ports noble/universe arm64 libsysprof-capture-4-dev arm64 46.0-1build1 [53.9 kB]
#9 19.91 Get:361 http://ports.ubuntu.com/ubuntu-ports noble-updates/universe arm64 libsoup-3.0-dev arm64 3.4.4-5ubuntu0.9 [105 kB]
#9 19.91 Get:362 http://ports.ubuntu.com/ubuntu-ports noble-updates/main arm64 libssl-dev arm64 3.0.13-0ubuntu3.16 [2379 kB]
#9 19.96 Get:363 http://ports.ubuntu.com/ubuntu-ports noble-updates/universe arm64 libwebkit2gtk-4.1-dev arm64 2.52.6-0ubuntu0.24.04.1 [290 kB]
#9 19.97 Get:364 http://ports.ubuntu.com/ubuntu-ports noble/universe arm64 patchelf arm64 0.18.0-1.1build1 [98.1 kB]
#9 20.09 debconf: delaying package configuration, since apt-utils is not installed
#9 20.10 Fetched 158 MB in 16s (10.1 MB/s)
#9 20.11 Selecting previously unselected package libpython3.12-minimal:arm64.
#9 20.11 (Reading database ... (Reading database ... 5%(Reading database ... 10%(Reading database ... 15%(Reading database ... 20%(Reading database ... 25%(Reading database ... 30%(Reading database ... 35%(Reading database ... 40%(Reading database ... 45%(Reading database ... 50%(Reading database ... 55%(Reading database ... 60%(Reading database ... 65%(Reading database ... 70%(Reading database ... 75%(Reading database ... 80%(Reading database ... 85%(Reading database ... 90%(Reading database ... 95%(Reading database ... 100%(Reading database ... 12857 files and directories currently installed.)
#9 20.13 Preparing to unpack .../libpython3.12-minimal_3.12.3-1ubuntu0.17_arm64.deb ...
#9 20.13 Unpacking libpython3.12-minimal:arm64 (3.12.3-1ubuntu0.17) ...
#9 20.16 Selecting previously unselected package libexpat1:arm64.
#9 20.16 Preparing to unpack .../libexpat1_2.6.1-2ubuntu0.6_arm64.deb ...
#9 20.16 Unpacking libexpat1:arm64 (2.6.1-2ubuntu0.6) ...
#9 20.17 Selecting previously unselected package python3.12-minimal.
#9 20.17 Preparing to unpack .../python3.12-minimal_3.12.3-1ubuntu0.17_arm64.deb ...
#9 20.17 Unpacking python3.12-minimal (3.12.3-1ubuntu0.17) ...
#9 20.20 Setting up libpython3.12-minimal:arm64 (3.12.3-1ubuntu0.17) ...
#9 20.20 Setting up libexpat1:arm64 (2.6.1-2ubuntu0.6) ...
#9 20.20 Setting up python3.12-minimal (3.12.3-1ubuntu0.17) ...
#9 20.54 Selecting previously unselected package python3-minimal.
#9 20.54 (Reading database ... (Reading database ... 5%(Reading database ... 10%(Reading database ... 15%(Reading database ... 20%(Reading database ... 25%(Reading database ... 30%(Reading database ... 35%(Reading database ... 40%(Reading database ... 45%(Reading database ... 50%(Reading database ... 55%(Reading database ... 60%(Reading database ... 65%(Reading database ... 70%(Reading database ... 75%(Reading database ... 80%(Reading database ... 85%(Reading database ... 90%(Reading database ... 95%(Reading database ... 100%(Reading database ... 13176 files and directories currently installed.)
#9 20.54 Preparing to unpack .../0-python3-minimal_3.12.3-0ubuntu2.1_arm64.deb ...
#9 20.54 Unpacking python3-minimal (3.12.3-0ubuntu2.1) ...
#9 20.55 Selecting previously unselected package media-types.
#9 20.55 Preparing to unpack .../1-media-types_10.1.0_all.deb ...
#9 20.55 Unpacking media-types (10.1.0) ...
#9 20.56 Selecting previously unselected package netbase.
#9 20.56 Preparing to unpack .../2-netbase_6.4_all.deb ...
#9 20.56 Unpacking netbase (6.4) ...
#9 20.57 Selecting previously unselected package tzdata.
#9 20.57 Preparing to unpack .../3-tzdata_2026c-0ubuntu0.24.04.1_all.deb ...
#9 20.57 Unpacking tzdata (2026c-0ubuntu0.24.04.1) ...
#9 20.59 Selecting previously unselected package readline-common.
#9 20.59 Preparing to unpack .../4-readline-common_8.2-4build1_all.deb ...
#9 20.59 Unpacking readline-common (8.2-4build1) ...
#9 20.60 Selecting previously unselected package libreadline8t64:arm64.
#9 20.60 Preparing to unpack .../5-libreadline8t64_8.2-4build1_arm64.deb ...
#9 20.61 Adding 'diversion of /lib/aarch64-linux-gnu/libhistory.so.8 to /lib/aarch64-linux-gnu/libhistory.so.8.usr-is-merged by libreadline8t64'
#9 20.61 Adding 'diversion of /lib/aarch64-linux-gnu/libhistory.so.8.2 to /lib/aarch64-linux-gnu/libhistory.so.8.2.usr-is-merged by libreadline8t64'
#9 20.61 Adding 'diversion of /lib/aarch64-linux-gnu/libreadline.so.8 to /lib/aarch64-linux-gnu/libreadline.so.8.usr-is-merged by libreadline8t64'
#9 20.61 Adding 'diversion of /lib/aarch64-linux-gnu/libreadline.so.8.2 to /lib/aarch64-linux-gnu/libreadline.so.8.2.usr-is-merged by libreadline8t64'
#9 20.61 Unpacking libreadline8t64:arm64 (8.2-4build1) ...
#9 20.62 Selecting previously unselected package libsqlite3-0:arm64.
#9 20.62 Preparing to unpack .../6-libsqlite3-0_3.45.1-1ubuntu2.8_arm64.deb ...
#9 20.62 Unpacking libsqlite3-0:arm64 (3.45.1-1ubuntu2.8) ...
#9 20.63 Selecting previously unselected package libpython3.12-stdlib:arm64.
#9 20.63 Preparing to unpack .../7-libpython3.12-stdlib_3.12.3-1ubuntu0.17_arm64.deb ...
#9 20.63 Unpacking libpython3.12-stdlib:arm64 (3.12.3-1ubuntu0.17) ...
#9 20.68 Selecting previously unselected package python3.12.
#9 20.68 Preparing to unpack .../8-python3.12_3.12.3-1ubuntu0.17_arm64.deb ...
#9 20.68 Unpacking python3.12 (3.12.3-1ubuntu0.17) ...
#9 20.69 Selecting previously unselected package libpython3-stdlib:arm64.
#9 20.69 Preparing to unpack .../9-libpython3-stdlib_3.12.3-0ubuntu2.1_arm64.deb ...
#9 20.69 Unpacking libpython3-stdlib:arm64 (3.12.3-0ubuntu2.1) ...
#9 20.70 Setting up python3-minimal (3.12.3-0ubuntu2.1) ...
#9 20.76 Selecting previously unselected package python3.
#9 20.76 (Reading database ... (Reading database ... 5%(Reading database ... 10%(Reading database ... 15%(Reading database ... 20%(Reading database ... 25%(Reading database ... 30%(Reading database ... 35%(Reading database ... 40%(Reading database ... 45%(Reading database ... 50%(Reading database ... 55%(Reading database ... 60%(Reading database ... 65%(Reading database ... 70%(Reading database ... 75%(Reading database ... 80%(Reading database ... 85%(Reading database ... 90%(Reading database ... 95%(Reading database ... 100%(Reading database ... 14182 files and directories currently installed.)
#9 20.76 Preparing to unpack .../00-python3_3.12.3-0ubuntu2.1_arm64.deb ...
#9 20.77 Unpacking python3 (3.12.3-0ubuntu2.1) ...
#9 20.77 Selecting previously unselected package libapparmor1:arm64.
#9 20.78 Preparing to unpack .../01-libapparmor1_4.0.1really4.0.1-0ubuntu0.24.04.8_arm64.deb ...
#9 20.78 Unpacking libapparmor1:arm64 (4.0.1really4.0.1-0ubuntu0.24.04.8) ...
#9 20.78 Selecting previously unselected package libargon2-1:arm64.
#9 20.78 Preparing to unpack .../02-libargon2-1_0~20190702+dfsg-4build1_arm64.deb ...
#9 20.78 Unpacking libargon2-1:arm64 (0~20190702+dfsg-4build1) ...
#9 20.79 Selecting previously unselected package libdevmapper1.02.1:arm64.
#9 20.79 Preparing to unpack .../03-libdevmapper1.02.1_2%3a1.02.185-3ubuntu3.2_arm64.deb ...
#9 20.79 Unpacking libdevmapper1.02.1:arm64 (2:1.02.185-3ubuntu3.2) ...
#9 20.80 Selecting previously unselected package libjson-c5:arm64.
#9 20.80 Preparing to unpack .../04-libjson-c5_0.17-1build1_arm64.deb ...
#9 20.80 Unpacking libjson-c5:arm64 (0.17-1build1) ...
#9 20.81 Selecting previously unselected package libcryptsetup12:arm64.
#9 20.81 Preparing to unpack .../05-libcryptsetup12_2%3a2.7.0-1ubuntu4.2_arm64.deb ...
#9 20.81 Unpacking libcryptsetup12:arm64 (2:2.7.0-1ubuntu4.2) ...
#9 20.82 Selecting previously unselected package libfdisk1:arm64.
#9 20.82 Preparing to unpack .../06-libfdisk1_2.39.3-9ubuntu6.6_arm64.deb ...
#9 20.82 Unpacking libfdisk1:arm64 (2.39.3-9ubuntu6.6) ...
#9 20.83 Selecting previously unselected package libkmod2:arm64.
#9 20.83 Preparing to unpack .../07-libkmod2_31+20240202-2ubuntu7.2_arm64.deb ...
#9 20.83 Unpacking libkmod2:arm64 (31+20240202-2ubuntu7.2) ...
#9 20.84 Selecting previously unselected package libsystemd-shared:arm64.
#9 20.84 Preparing to unpack .../08-libsystemd-shared_255.4-1ubuntu8.17_arm64.deb ...
#9 20.84 Unpacking libsystemd-shared:arm64 (255.4-1ubuntu8.17) ...
#9 20.86 Selecting previously unselected package systemd-dev.
#9 20.86 Preparing to unpack .../09-systemd-dev_255.4-1ubuntu8.17_all.deb ...
#9 20.86 Unpacking systemd-dev (255.4-1ubuntu8.17) ...
#9 20.87 Selecting previously unselected package systemd.
#9 20.87 Preparing to unpack .../10-systemd_255.4-1ubuntu8.17_arm64.deb ...
#9 20.88 Unpacking systemd (255.4-1ubuntu8.17) ...
#9 20.95 Setting up libapparmor1:arm64 (4.0.1really4.0.1-0ubuntu0.24.04.8) ...
#9 20.95 Setting up libargon2-1:arm64 (0~20190702+dfsg-4build1) ...
#9 20.95 Setting up libdevmapper1.02.1:arm64 (2:1.02.185-3ubuntu3.2) ...
#9 20.96 Setting up libjson-c5:arm64 (0.17-1build1) ...
#9 20.96 Setting up libcryptsetup12:arm64 (2:2.7.0-1ubuntu4.2) ...
#9 20.96 Setting up libfdisk1:arm64 (2.39.3-9ubuntu6.6) ...
#9 20.96 Setting up libkmod2:arm64 (31+20240202-2ubuntu7.2) ...
#9 20.96 Setting up libsystemd-shared:arm64 (255.4-1ubuntu8.17) ...
#9 20.96 Setting up systemd-dev (255.4-1ubuntu8.17) ...
#9 20.96 Setting up systemd (255.4-1ubuntu8.17) ...
#9 20.97 Created symlink /etc/systemd/system/getty.target.wants/getty@tty1.service → /usr/lib/systemd/system/getty@.service.
#9 20.98 Created symlink /etc/systemd/system/multi-user.target.wants/remote-fs.target → /usr/lib/systemd/system/remote-fs.target.
#9 20.98 Created symlink /etc/systemd/system/sysinit.target.wants/systemd-pstore.service → /usr/lib/systemd/system/systemd-pstore.service.
#9 20.98 Initializing machine ID from random generator.
#9 20.99 /usr/lib/tmpfiles.d/systemd-network.conf:10: Failed to resolve user 'systemd-network': No such process
#9 20.99 /usr/lib/tmpfiles.d/systemd-network.conf:11: Failed to resolve user 'systemd-network': No such process
#9 20.99 /usr/lib/tmpfiles.d/systemd-network.conf:12: Failed to resolve user 'systemd-network': No such process
#9 20.99 /usr/lib/tmpfiles.d/systemd-network.conf:13: Failed to resolve user 'systemd-network': No such process
#9 20.99 /usr/lib/tmpfiles.d/systemd.conf:22: Failed to resolve group 'systemd-journal': No such process
#9 20.99 /usr/lib/tmpfiles.d/systemd.conf:23: Failed to resolve group 'systemd-journal': No such process
#9 20.99 /usr/lib/tmpfiles.d/systemd.conf:28: Failed to resolve group 'systemd-journal': No such process
#9 20.99 /usr/lib/tmpfiles.d/systemd.conf:29: Failed to resolve group 'systemd-journal': No such process
#9 20.99 /usr/lib/tmpfiles.d/systemd.conf:30: Failed to resolve group 'systemd-journal': No such process
#9 20.99 Creating group 'systemd-journal' with GID 999.
#9 20.99 Creating group 'systemd-network' with GID 998.
#9 20.99 Creating user 'systemd-network' (systemd Network Management) with UID 998 and GID 998.
#9 21.01 Selecting previously unselected package systemd-sysv.
#9 21.01 (Reading database ... (Reading database ... 5%(Reading database ... 10%(Reading database ... 15%(Reading database ... 20%(Reading database ... 25%(Reading database ... 30%(Reading database ... 35%(Reading database ... 40%(Reading database ... 45%(Reading database ... 50%(Reading database ... 55%(Reading database ... 60%(Reading database ... 65%(Reading database ... 70%(Reading database ... 75%(Reading database ... 80%(Reading database ... 85%(Reading database ... 90%(Reading database ... 95%(Reading database ... 100%(Reading database ... 15229 files and directories currently installed.)
#9 21.01 Preparing to unpack .../systemd-sysv_255.4-1ubuntu8.17_arm64.deb ...
#9 21.01 Unpacking systemd-sysv (255.4-1ubuntu8.17) ...
#9 21.02 Selecting previously unselected package sgml-base.
#9 21.02 Preparing to unpack .../sgml-base_1.31_all.deb ...
#9 21.02 Unpacking sgml-base (1.31) ...
#9 21.03 Selecting previously unselected package adduser.
#9 21.03 Preparing to unpack .../adduser_3.137ubuntu1_all.deb ...
#9 21.04 Unpacking adduser (3.137ubuntu1) ...
#9 21.05 Setting up adduser (3.137ubuntu1) ...
#9 21.10 Selecting previously unselected package dbus-bin.
#9 21.10 (Reading database ... (Reading database ... 5%(Reading database ... 10%(Reading database ... 15%(Reading database ... 20%(Reading database ... 25%(Reading database ... 30%(Reading database ... 35%(Reading database ... 40%(Reading database ... 45%(Reading database ... 50%(Reading database ... 55%(Reading database ... 60%(Reading database ... 65%(Reading database ... 70%(Reading database ... 75%(Reading database ... 80%(Reading database ... 85%(Reading database ... 90%(Reading database ... 95%(Reading database ... 100%(Reading database ... 15323 files and directories currently installed.)
#9 21.11 Preparing to unpack .../000-dbus-bin_1.14.10-4ubuntu4.1_arm64.deb ...
#9 21.11 Unpacking dbus-bin (1.14.10-4ubuntu4.1) ...
#9 21.11 Selecting previously unselected package dbus-session-bus-common.
#9 21.12 Preparing to unpack .../001-dbus-session-bus-common_1.14.10-4ubuntu4.1_all.deb ...
#9 21.12 Unpacking dbus-session-bus-common (1.14.10-4ubuntu4.1) ...
#9 21.12 Selecting previously unselected package dbus-daemon.
#9 21.12 Preparing to unpack .../002-dbus-daemon_1.14.10-4ubuntu4.1_arm64.deb ...
#9 21.13 Unpacking dbus-daemon (1.14.10-4ubuntu4.1) ...
#9 21.13 Selecting previously unselected package dbus-system-bus-common.
#9 21.13 Preparing to unpack .../003-dbus-system-bus-common_1.14.10-4ubuntu4.1_all.deb ...
#9 21.13 Unpacking dbus-system-bus-common (1.14.10-4ubuntu4.1) ...
#9 21.14 Selecting previously unselected package dbus.
#9 21.14 Preparing to unpack .../004-dbus_1.14.10-4ubuntu4.1_arm64.deb ...
#9 21.14 Unpacking dbus (1.14.10-4ubuntu4.1) ...
#9 21.15 Selecting previously unselected package libpam-systemd:arm64.
#9 21.15 Preparing to unpack .../005-libpam-systemd_255.4-1ubuntu8.17_arm64.deb ...
#9 21.15 Unpacking libpam-systemd:arm64 (255.4-1ubuntu8.17) ...
#9 21.16 Selecting previously unselected package dbus-user-session.
#9 21.16 Preparing to unpack .../006-dbus-user-session_1.14.10-4ubuntu4.1_arm64.deb ...
#9 21.16 Unpacking dbus-user-session (1.14.10-4ubuntu4.1) ...
#9 21.17 Selecting previously unselected package libglib2.0-0t64:arm64.
#9 21.17 Preparing to unpack .../007-libglib2.0-0t64_2.80.0-6ubuntu3.9_arm64.deb ...
#9 21.18 Unpacking libglib2.0-0t64:arm64 (2.80.0-6ubuntu3.9) ...
#9 21.20 Selecting previously unselected package gir1.2-glib-2.0:arm64.
#9 21.20 Preparing to unpack .../008-gir1.2-glib-2.0_2.80.0-6ubuntu3.9_arm64.deb ...
#9 21.20 Unpacking gir1.2-glib-2.0:arm64 (2.80.0-6ubuntu3.9) ...
#9 21.21 Selecting previously unselected package iso-codes.
#9 21.21 Preparing to unpack .../009-iso-codes_4.16.0-1_all.deb ...
#9 21.21 Unpacking iso-codes (4.16.0-1) ...
#9 21.30 Selecting previously unselected package libcap2-bin.
#9 21.31 Preparing to unpack .../010-libcap2-bin_1%3a2.66-5ubuntu2.4_arm64.deb ...
#9 21.31 Unpacking libcap2-bin (1:2.66-5ubuntu2.4) ...
#9 21.32 Selecting previously unselected package libelf1t64:arm64.
#9 21.32 Preparing to unpack .../011-libelf1t64_0.190-1.1ubuntu0.1_arm64.deb ...
#9 21.32 Unpacking libelf1t64:arm64 (0.190-1.1ubuntu0.1) ...
#9 21.32 Selecting previously unselected package libfribidi0:arm64.
#9 21.32 Preparing to unpack .../012-libfribidi0_1.0.13-3build1_arm64.deb ...
#9 21.33 Unpacking libfribidi0:arm64 (1.0.13-3build1) ...
#9 21.33 Selecting previously unselected package libglib2.0-data.
#9 21.33 Preparing to unpack .../013-libglib2.0-data_2.80.0-6ubuntu3.9_all.deb ...
#9 21.33 Unpacking libglib2.0-data (2.80.0-6ubuntu3.9) ...
#9 21.34 Selecting previously unselected package libkrb5support0:arm64.
#9 21.34 Preparing to unpack .../014-libkrb5support0_1.20.1-6ubuntu2.10_arm64.deb ...
#9 21.34 Unpacking libkrb5support0:arm64 (1.20.1-6ubuntu2.10) ...
#9 21.35 Selecting previously unselected package libk5crypto3:arm64.
#9 21.35 Preparing to unpack .../015-libk5crypto3_1.20.1-6ubuntu2.10_arm64.deb ...
#9 21.35 Unpacking libk5crypto3:arm64 (1.20.1-6ubuntu2.10) ...
#9 21.36 Selecting previously unselected package libkeyutils1:arm64.
#9 21.36 Preparing to unpack .../016-libkeyutils1_1.6.3-3build1_arm64.deb ...
#9 21.36 Unpacking libkeyutils1:arm64 (1.6.3-3build1) ...
#9 21.37 Selecting previously unselected package libkrb5-3:arm64.
#9 21.37 Preparing to unpack .../017-libkrb5-3_1.20.1-6ubuntu2.10_arm64.deb ...
#9 21.37 Unpacking libkrb5-3:arm64 (1.20.1-6ubuntu2.10) ...
#9 21.38 Selecting previously unselected package libgssapi-krb5-2:arm64.
#9 21.38 Preparing to unpack .../018-libgssapi-krb5-2_1.20.1-6ubuntu2.10_arm64.deb ...
#9 21.38 Unpacking libgssapi-krb5-2:arm64 (1.20.1-6ubuntu2.10) ...
#9 21.39 Selecting previously unselected package libslang2:arm64.
#9 21.39 Preparing to unpack .../019-libslang2_2.3.3-3build2_arm64.deb ...
#9 21.39 Unpacking libslang2:arm64 (2.3.3-3build2) ...
#9 21.40 Selecting previously unselected package libtext-iconv-perl:arm64.
#9 21.40 Preparing to unpack .../020-libtext-iconv-perl_1.7-8build3_arm64.deb ...
#9 21.40 Unpacking libtext-iconv-perl:arm64 (1.7-8build3) ...
#9 21.41 Selecting previously unselected package shared-mime-info.
#9 21.41 Preparing to unpack .../021-shared-mime-info_2.4-4_arm64.deb ...
#9 21.41 Unpacking shared-mime-info (2.4-4) ...
#9 21.43 Selecting previously unselected package xkb-data.
#9 21.43 Preparing to unpack .../022-xkb-data_2.41-2ubuntu1.1_all.deb ...
#9 21.43 Unpacking xkb-data (2.41-2ubuntu1.1) ...
#9 21.46 Selecting previously unselected package libdrm-common.
#9 21.46 Preparing to unpack .../023-libdrm-common_2.4.125-1ubuntu0.1~24.04.2_all.deb ...
#9 21.46 Unpacking libdrm-common (2.4.125-1ubuntu0.1~24.04.2) ...
#9 21.47 Selecting previously unselected package libdrm2:arm64.
#9 21.47 Preparing to unpack .../024-libdrm2_2.4.125-1ubuntu0.1~24.04.2_arm64.deb ...
#9 21.47 Unpacking libdrm2:arm64 (2.4.125-1ubuntu0.1~24.04.2) ...
#9 21.48 Selecting previously unselected package libevdev2:arm64.
#9 21.48 Preparing to unpack .../025-libevdev2_1.13.1+dfsg-1build1_arm64.deb ...
#9 21.48 Unpacking libevdev2:arm64 (1.13.1+dfsg-1build1) ...
#9 21.48 Selecting previously unselected package libgpm2:arm64.
#9 21.49 Preparing to unpack .../026-libgpm2_1.20.7-11_arm64.deb ...
#9 21.49 Unpacking libgpm2:arm64 (1.20.7-11) ...
#9 21.49 Selecting previously unselected package libncurses6:arm64.
#9 21.49 Preparing to unpack .../027-libncurses6_6.4+20240113-1ubuntu2.2_arm64.deb ...
#9 21.50 Unpacking libncurses6:arm64 (6.4+20240113-1ubuntu2.2) ...
#9 21.50 Selecting previously unselected package libnghttp2-14:arm64.
#9 21.51 Preparing to unpack .../028-libnghttp2-14_1.59.0-1ubuntu0.4_arm64.deb ...
#9 21.51 Unpacking libnghttp2-14:arm64 (1.59.0-1ubuntu0.4) ...
#9 21.51 Selecting previously unselected package libpng16-16t64:arm64.
#9 21.51 Preparing to unpack .../029-libpng16-16t64_1.6.43-5ubuntu0.7_arm64.deb ...
#9 21.51 Unpacking libpng16-16t64:arm64 (1.6.43-5ubuntu0.7) ...
#9 21.52 Selecting previously unselected package libpsl5t64:arm64.
#9 21.52 Preparing to unpack .../030-libpsl5t64_0.21.2-1.1build1_arm64.deb ...
#9 21.52 Unpacking libpsl5t64:arm64 (0.21.2-1.1build1) ...
#9 21.53 Selecting previously unselected package libsensors-config.
#9 21.53 Preparing to unpack .../031-libsensors-config_1%3a3.6.0-9build1_all.deb ...
#9 21.53 Unpacking libsensors-config (1:3.6.0-9build1) ...
#9 21.54 Selecting previously unselected package libsensors5:arm64.
#9 21.54 Preparing to unpack .../032-libsensors5_1%3a3.6.0-9build1_arm64.deb ...
#9 21.54 Unpacking libsensors5:arm64 (1:3.6.0-9build1) ...
#9 21.55 Selecting previously unselected package libxau6:arm64.
#9 21.55 Preparing to unpack .../033-libxau6_1%3a1.0.9-1build6_arm64.deb ...
#9 21.55 Unpacking libxau6:arm64 (1:1.0.9-1build6) ...
#9 21.56 Selecting previously unselected package libxdmcp6:arm64.
#9 21.56 Preparing to unpack .../034-libxdmcp6_1%3a1.1.3-0ubuntu6_arm64.deb ...
#9 21.56 Unpacking libxdmcp6:arm64 (1:1.1.3-0ubuntu6) ...
#9 21.57 Selecting previously unselected package libxcb1:arm64.
#9 21.57 Preparing to unpack .../035-libxcb1_1.15-1ubuntu2_arm64.deb ...
#9 21.57 Unpacking libxcb1:arm64 (1.15-1ubuntu2) ...
#9 21.58 Selecting previously unselected package libx11-data.
#9 21.58 Preparing to unpack .../036-libx11-data_2%3a1.8.7-1build1_all.deb ...
#9 21.58 Unpacking libx11-data (2:1.8.7-1build1) ...
#9 21.61 Selecting previously unselected package libx11-6:arm64.
#9 21.61 Preparing to unpack .../037-libx11-6_2%3a1.8.7-1build1_arm64.deb ...
#9 21.61 Unpacking libx11-6:arm64 (2:1.8.7-1build1) ...
#9 21.62 Selecting previously unselected package libxext6:arm64.
#9 21.62 Preparing to unpack .../038-libxext6_2%3a1.3.4-1build2_arm64.deb ...
#9 21.62 Unpacking libxext6:arm64 (2:1.3.4-1build2) ...
#9 21.63 Selecting previously unselected package libxkbcommon0:arm64.
#9 21.63 Preparing to unpack .../039-libxkbcommon0_1.6.0-1build1_arm64.deb ...
#9 21.63 Unpacking libxkbcommon0:arm64 (1.6.0-1build1) ...
#9 21.63 Selecting previously unselected package libgdk-pixbuf2.0-common.
#9 21.64 Preparing to unpack .../040-libgdk-pixbuf2.0-common_2.42.10+dfsg-3ubuntu3.3_all.deb ...
#9 21.64 Unpacking libgdk-pixbuf2.0-common (2.42.10+dfsg-3ubuntu3.3) ...
#9 21.64 Selecting previously unselected package libjpeg-turbo8:arm64.
#9 21.64 Preparing to unpack .../041-libjpeg-turbo8_2.1.5-2ubuntu2_arm64.deb ...
#9 21.64 Unpacking libjpeg-turbo8:arm64 (2.1.5-2ubuntu2) ...
#9 21.65 Selecting previously unselected package libjpeg8:arm64.
#9 21.65 Preparing to unpack .../042-libjpeg8_8c-2ubuntu11_arm64.deb ...
#9 21.65 Unpacking libjpeg8:arm64 (8c-2ubuntu11) ...
#9 21.66 Selecting previously unselected package libdeflate0:arm64.
#9 21.66 Preparing to unpack .../043-libdeflate0_1.19-1build1.1_arm64.deb ...
#9 21.66 Unpacking libdeflate0:arm64 (1.19-1build1.1) ...
#9 21.67 Selecting previously unselected package libjbig0:arm64.
#9 21.67 Preparing to unpack .../044-libjbig0_2.1-6.1ubuntu2_arm64.deb ...
#9 21.67 Unpacking libjbig0:arm64 (2.1-6.1ubuntu2) ...
#9 21.68 Selecting previously unselected package liblerc4:arm64.
#9 21.68 Preparing to unpack .../045-liblerc4_4.0.0+ds-4ubuntu2_arm64.deb ...
#9 21.68 Unpacking liblerc4:arm64 (4.0.0+ds-4ubuntu2) ...
#9 21.69 Selecting previously unselected package libsharpyuv0:arm64.
#9 21.69 Preparing to unpack .../046-libsharpyuv0_1.3.2-0.4build3_arm64.deb ...
#9 21.69 Unpacking libsharpyuv0:arm64 (1.3.2-0.4build3) ...
#9 21.70 Selecting previously unselected package libwebp7:arm64.
#9 21.70 Preparing to unpack .../047-libwebp7_1.3.2-0.4build3_arm64.deb ...
#9 21.70 Unpacking libwebp7:arm64 (1.3.2-0.4build3) ...
#9 21.71 Selecting previously unselected package libtiff6:arm64.
#9 21.71 Preparing to unpack .../048-libtiff6_4.5.1+git230720-4ubuntu2.5_arm64.deb ...
#9 21.71 Unpacking libtiff6:arm64 (4.5.1+git230720-4ubuntu2.5) ...
#9 21.72 Selecting previously unselected package libgdk-pixbuf-2.0-0:arm64.
#9 21.72 Preparing to unpack .../049-libgdk-pixbuf-2.0-0_2.42.10+dfsg-3ubuntu3.3_arm64.deb ...
#9 21.72 Unpacking libgdk-pixbuf-2.0-0:arm64 (2.42.10+dfsg-3ubuntu3.3) ...
#9 21.73 Selecting previously unselected package gtk-update-icon-cache.
#9 21.73 Preparing to unpack .../050-gtk-update-icon-cache_3.24.41-4ubuntu1.3_arm64.deb ...
#9 21.73 Unpacking gtk-update-icon-cache (3.24.41-4ubuntu1.3) ...
#9 21.74 Selecting previously unselected package hicolor-icon-theme.
#9 21.74 Preparing to unpack .../051-hicolor-icon-theme_0.17-2_all.deb ...
#9 21.74 Unpacking hicolor-icon-theme (0.17-2) ...
#9 21.82 Selecting previously unselected package humanity-icon-theme.
#9 21.82 Preparing to unpack .../052-humanity-icon-theme_0.6.16_all.deb ...
#9 21.82 Unpacking humanity-icon-theme (0.6.16) ...
#9 22.11 Selecting previously unselected package ubuntu-mono.
#9 22.11 Preparing to unpack .../053-ubuntu-mono_24.04-0ubuntu1_all.deb ...
#9 22.11 Unpacking ubuntu-mono (24.04-0ubuntu1) ...
#9 22.25 Selecting previously unselected package adwaita-icon-theme.
#9 22.25 Preparing to unpack .../054-adwaita-icon-theme_46.0-1_all.deb ...
#9 22.25 Unpacking adwaita-icon-theme (46.0-1) ...
#9 22.32 Selecting previously unselected package at-spi2-common.
#9 22.32 Preparing to unpack .../055-at-spi2-common_2.52.0-1build1_all.deb ...
#9 22.32 Unpacking at-spi2-common (2.52.0-1build1) ...
#9 22.32 Selecting previously unselected package bubblewrap.
#9 22.32 Preparing to unpack .../056-bubblewrap_0.9.0-1ubuntu0.3_arm64.deb ...
#9 22.33 Unpacking bubblewrap (0.9.0-1ubuntu0.3) ...
#9 22.33 Selecting previously unselected package libdconf1:arm64.
#9 22.33 Preparing to unpack .../057-libdconf1_0.40.0-4ubuntu0.1_arm64.deb ...
#9 22.34 Unpacking libdconf1:arm64 (0.40.0-4ubuntu0.1) ...
#9 22.34 Selecting previously unselected package dconf-service.
#9 22.34 Preparing to unpack .../058-dconf-service_0.40.0-4ubuntu0.1_arm64.deb ...
#9 22.34 Unpacking dconf-service (0.40.0-4ubuntu0.1) ...
#9 22.35 Selecting previously unselected package dconf-gsettings-backend:arm64.
#9 22.35 Preparing to unpack .../059-dconf-gsettings-backend_0.40.0-4ubuntu0.1_arm64.deb ...
#9 22.35 Unpacking dconf-gsettings-backend:arm64 (0.40.0-4ubuntu0.1) ...
#9 22.36 Selecting previously unselected package emacsen-common.
#9 22.36 Preparing to unpack .../060-emacsen-common_3.0.5_all.deb ...
#9 22.36 Unpacking emacsen-common (3.0.5) ...
#9 22.38 Selecting previously unselected package dictionaries-common.
#9 22.38 Preparing to unpack .../061-dictionaries-common_1.29.7_all.deb ...
#9 22.38 Adding 'diversion of /usr/share/dict/words to /usr/share/dict/words.pre-dictionaries-common by dictionaries-common'
#9 22.38 Unpacking dictionaries-common (1.29.7) ...
#9 22.40 Selecting previously unselected package libbrotli1:arm64.
#9 22.40 Preparing to unpack .../062-libbrotli1_1.1.0-2build2_arm64.deb ...
#9 22.40 Unpacking libbrotli1:arm64 (1.1.0-2build2) ...
#9 22.41 Selecting previously unselected package libfreetype6:arm64.
#9 22.41 Preparing to unpack .../063-libfreetype6_2.13.2+dfsg-1ubuntu0.2_arm64.deb ...
#9 22.41 Unpacking libfreetype6:arm64 (2.13.2+dfsg-1ubuntu0.2) ...
#9 22.42 Selecting previously unselected package fonts-dejavu-mono.
#9 22.42 Preparing to unpack .../064-fonts-dejavu-mono_2.37-8_all.deb ...
#9 22.42 Unpacking fonts-dejavu-mono (2.37-8) ...
#9 22.43 Selecting previously unselected package fonts-dejavu-core.
#9 22.44 Preparing to unpack .../065-fonts-dejavu-core_2.37-8_all.deb ...
#9 22.44 Unpacking fonts-dejavu-core (2.37-8) ...
#9 22.46 Selecting previously unselected package fontconfig-config.
#9 22.46 Preparing to unpack .../066-fontconfig-config_2.15.0-1.1ubuntu2_arm64.deb ...
#9 22.51 Unpacking fontconfig-config (2.15.0-1.1ubuntu2) ...
#9 22.52 Selecting previously unselected package libfontconfig1:arm64.
#9 22.52 Preparing to unpack .../067-libfontconfig1_2.15.0-1.1ubuntu2_arm64.deb ...
#9 22.52 Unpacking libfontconfig1:arm64 (2.15.0-1.1ubuntu2) ...
#9 22.53 Selecting previously unselected package fontconfig.
#9 22.53 Preparing to unpack .../068-fontconfig_2.15.0-1.1ubuntu2_arm64.deb ...
#9 22.53 Unpacking fontconfig (2.15.0-1.1ubuntu2) ...
#9 22.54 Selecting previously unselected package libatk1.0-0t64:arm64.
#9 22.54 Preparing to unpack .../069-libatk1.0-0t64_2.52.0-1build1_arm64.deb ...
#9 22.54 Unpacking libatk1.0-0t64:arm64 (2.52.0-1build1) ...
#9 22.55 Selecting previously unselected package gir1.2-atk-1.0:arm64.
#9 22.55 Preparing to unpack .../070-gir1.2-atk-1.0_2.52.0-1build1_arm64.deb ...
#9 22.55 Unpacking gir1.2-atk-1.0:arm64 (2.52.0-1build1) ...
#9 22.56 Selecting previously unselected package libpixman-1-0:arm64.
#9 22.56 Preparing to unpack .../071-libpixman-1-0_0.42.2-1build1_arm64.deb ...
#9 22.56 Unpacking libpixman-1-0:arm64 (0.42.2-1build1) ...
#9 22.58 Selecting previously unselected package libxcb-render0:arm64.
#9 22.58 Preparing to unpack .../072-libxcb-render0_1.15-1ubuntu2_arm64.deb ...
#9 22.58 Unpacking libxcb-render0:arm64 (1.15-1ubuntu2) ...
#9 22.59 Selecting previously unselected package libxcb-shm0:arm64.
#9 22.59 Preparing to unpack .../073-libxcb-shm0_1.15-1ubuntu2_arm64.deb ...
#9 22.59 Unpacking libxcb-shm0:arm64 (1.15-1ubuntu2) ...
#9 22.60 Selecting previously unselected package libxrender1:arm64.
#9 22.60 Preparing to unpack .../074-libxrender1_1%3a0.9.10-1.1build1_arm64.deb ...
#9 22.60 Unpacking libxrender1:arm64 (1:0.9.10-1.1build1) ...
#9 22.61 Selecting previously unselected package libcairo2:arm64.
#9 22.61 Preparing to unpack .../075-libcairo2_1.18.0-3build1_arm64.deb ...
#9 22.61 Unpacking libcairo2:arm64 (1.18.0-3build1) ...
#9 22.62 Selecting previously unselected package libcairo-gobject2:arm64.
#9 22.62 Preparing to unpack .../076-libcairo-gobject2_1.18.0-3build1_arm64.deb ...
#9 22.62 Unpacking libcairo-gobject2:arm64 (1.18.0-3build1) ...
#9 22.63 Selecting previously unselected package gir1.2-freedesktop:arm64.
#9 22.63 Preparing to unpack .../077-gir1.2-freedesktop_1.80.1-1_arm64.deb ...
#9 22.63 Unpacking gir1.2-freedesktop:arm64 (1.80.1-1) ...
#9 22.64 Selecting previously unselected package libxi6:arm64.
#9 22.64 Preparing to unpack .../078-libxi6_2%3a1.8.1-1build1_arm64.deb ...
#9 22.64 Unpacking libxi6:arm64 (2:1.8.1-1build1) ...
#9 22.65 Selecting previously unselected package libatspi2.0-0t64:arm64.
#9 22.65 Preparing to unpack .../079-libatspi2.0-0t64_2.52.0-1build1_arm64.deb ...
#9 22.65 Unpacking libatspi2.0-0t64:arm64 (2.52.0-1build1) ...
#9 22.66 Selecting previously unselected package gir1.2-atspi-2.0:arm64.
#9 22.66 Preparing to unpack .../080-gir1.2-atspi-2.0_2.52.0-1build1_arm64.deb ...
#9 22.66 Unpacking gir1.2-atspi-2.0:arm64 (2.52.0-1build1) ...
#9 22.67 Selecting previously unselected package gir1.2-gdkpixbuf-2.0:arm64.
#9 22.67 Preparing to unpack .../081-gir1.2-gdkpixbuf-2.0_2.42.10+dfsg-3ubuntu3.3_arm64.deb ...
#9 22.67 Unpacking gir1.2-gdkpixbuf-2.0:arm64 (2.42.10+dfsg-3ubuntu3.3) ...
#9 22.67 Selecting previously unselected package libgraphite2-3:arm64.
#9 22.68 Preparing to unpack .../082-libgraphite2-3_1.3.14-2ubuntu0.24.04.1_arm64.deb ...
#9 22.68 Unpacking libgraphite2-3:arm64 (1.3.14-2ubuntu0.24.04.1) ...
#9 22.68 Selecting previously unselected package libharfbuzz0b:arm64.
#9 22.68 Preparing to unpack .../083-libharfbuzz0b_8.3.0-2build2_arm64.deb ...
#9 22.69 Unpacking libharfbuzz0b:arm64 (8.3.0-2build2) ...
#9 22.70 Selecting previously unselected package libharfbuzz-gobject0:arm64.
#9 22.70 Preparing to unpack .../084-libharfbuzz-gobject0_8.3.0-2build2_arm64.deb ...
#9 22.70 Unpacking libharfbuzz-gobject0:arm64 (8.3.0-2build2) ...
#9 22.71 Selecting previously unselected package gir1.2-harfbuzz-0.0:arm64.
#9 22.71 Preparing to unpack .../085-gir1.2-harfbuzz-0.0_8.3.0-2build2_arm64.deb ...
#9 22.71 Unpacking gir1.2-harfbuzz-0.0:arm64 (8.3.0-2build2) ...
#9 22.72 Selecting previously unselected package libthai-data.
#9 22.72 Preparing to unpack .../086-libthai-data_0.1.29-2build1_all.deb ...
#9 22.72 Unpacking libthai-data (0.1.29-2build1) ...
#9 22.73 Selecting previously unselected package libdatrie1:arm64.
#9 22.73 Preparing to unpack .../087-libdatrie1_0.2.13-3build1_arm64.deb ...
#9 22.73 Unpacking libdatrie1:arm64 (0.2.13-3build1) ...
#9 22.74 Selecting previously unselected package libthai0:arm64.
#9 22.74 Preparing to unpack .../088-libthai0_0.1.29-2build1_arm64.deb ...
#9 22.74 Unpacking libthai0:arm64 (0.1.29-2build1) ...
#9 22.75 Selecting previously unselected package libpango-1.0-0:arm64.
#9 22.75 Preparing to unpack .../089-libpango-1.0-0_1.52.1+ds-1build1_arm64.deb ...
#9 22.75 Unpacking libpango-1.0-0:arm64 (1.52.1+ds-1build1) ...
#9 22.76 Selecting previously unselected package libpangoft2-1.0-0:arm64.
#9 22.76 Preparing to unpack .../090-libpangoft2-1.0-0_1.52.1+ds-1build1_arm64.deb ...
#9 22.76 Unpacking libpangoft2-1.0-0:arm64 (1.52.1+ds-1build1) ...
#9 22.77 Selecting previously unselected package libpangocairo-1.0-0:arm64.
#9 22.77 Preparing to unpack .../091-libpangocairo-1.0-0_1.52.1+ds-1build1_arm64.deb ...
#9 22.77 Unpacking libpangocairo-1.0-0:arm64 (1.52.1+ds-1build1) ...
#9 22.78 Selecting previously unselected package libxft2:arm64.
#9 22.78 Preparing to unpack .../092-libxft2_2.3.6-1build1_arm64.deb ...
#9 22.78 Unpacking libxft2:arm64 (2.3.6-1build1) ...
#9 22.78 Selecting previously unselected package libpangoxft-1.0-0:arm64.
#9 22.79 Preparing to unpack .../093-libpangoxft-1.0-0_1.52.1+ds-1build1_arm64.deb ...
#9 22.79 Unpacking libpangoxft-1.0-0:arm64 (1.52.1+ds-1build1) ...
#9 22.79 Selecting previously unselected package gir1.2-pango-1.0:arm64.
#9 22.80 Preparing to unpack .../094-gir1.2-pango-1.0_1.52.1+ds-1build1_arm64.deb ...
#9 22.80 Unpacking gir1.2-pango-1.0:arm64 (1.52.1+ds-1build1) ...
#9 22.80 Selecting previously unselected package libatk-bridge2.0-0t64:arm64.
#9 22.80 Preparing to unpack .../095-libatk-bridge2.0-0t64_2.52.0-1build1_arm64.deb ...
#9 22.81 Unpacking libatk-bridge2.0-0t64:arm64 (2.52.0-1build1) ...
#9 22.81 Selecting previously unselected package liblcms2-2:arm64.
#9 22.82 Preparing to unpack .../096-liblcms2-2_2.14-2ubuntu0.1_arm64.deb ...
#9 22.82 Unpacking liblcms2-2:arm64 (2.14-2ubuntu0.1) ...
#9 22.82 Selecting previously unselected package libcolord2:arm64.
#9 22.83 Preparing to unpack .../097-libcolord2_1.4.7-1build2_arm64.deb ...
#9 22.83 Unpacking libcolord2:arm64 (1.4.7-1build2) ...
#9 22.83 Selecting previously unselected package libavahi-common-data:arm64.
#9 22.84 Preparing to unpack .../098-libavahi-common-data_0.8-13ubuntu6.2_arm64.deb ...
#9 22.84 Unpacking libavahi-common-data:arm64 (0.8-13ubuntu6.2) ...
#9 22.84 Selecting previously unselected package libavahi-common3:arm64.
#9 22.85 Preparing to unpack .../099-libavahi-common3_0.8-13ubuntu6.2_arm64.deb ...
#9 22.85 Unpacking libavahi-common3:arm64 (0.8-13ubuntu6.2) ...
#9 22.85 Selecting previously unselected package libavahi-client3:arm64.
#9 22.85 Preparing to unpack .../100-libavahi-client3_0.8-13ubuntu6.2_arm64.deb ...
#9 22.85 Unpacking libavahi-client3:arm64 (0.8-13ubuntu6.2) ...
#9 22.86 Selecting previously unselected package libcups2t64:arm64.
#9 22.86 Preparing to unpack .../101-libcups2t64_2.4.7-1.2ubuntu7.14_arm64.deb ...
#9 22.86 Unpacking libcups2t64:arm64 (2.4.7-1.2ubuntu7.14) ...
#9 22.88 Selecting previously unselected package libepoxy0:arm64.
#9 22.88 Preparing to unpack .../102-libepoxy0_1.5.10-1build1_arm64.deb ...
#9 22.88 Unpacking libepoxy0:arm64 (1.5.10-1build1) ...
#9 22.89 Selecting previously unselected package libwayland-client0:arm64.
#9 22.89 Preparing to unpack .../103-libwayland-client0_1.22.0-2.1build1_arm64.deb ...
#9 22.89 Unpacking libwayland-client0:arm64 (1.22.0-2.1build1) ...
#9 22.90 Selecting previously unselected package libwayland-cursor0:arm64.
#9 22.90 Preparing to unpack .../104-libwayland-cursor0_1.22.0-2.1build1_arm64.deb ...
#9 22.90 Unpacking libwayland-cursor0:arm64 (1.22.0-2.1build1) ...
#9 22.91 Selecting previously unselected package libwayland-egl1:arm64.
#9 22.91 Preparing to unpack .../105-libwayland-egl1_1.22.0-2.1build1_arm64.deb ...
#9 22.91 Unpacking libwayland-egl1:arm64 (1.22.0-2.1build1) ...
#9 22.92 Selecting previously unselected package libxcomposite1:arm64.
#9 22.92 Preparing to unpack .../106-libxcomposite1_1%3a0.4.5-1build3_arm64.deb ...
#9 22.92 Unpacking libxcomposite1:arm64 (1:0.4.5-1build3) ...
#9 22.93 Selecting previously unselected package libxfixes3:arm64.
#9 22.93 Preparing to unpack .../107-libxfixes3_1%3a6.0.0-2build1_arm64.deb ...
#9 22.93 Unpacking libxfixes3:arm64 (1:6.0.0-2build1) ...
#9 22.94 Selecting previously unselected package libxcursor1:arm64.
#9 22.94 Preparing to unpack .../108-libxcursor1_1%3a1.2.1-1build1_arm64.deb ...
#9 22.94 Unpacking libxcursor1:arm64 (1:1.2.1-1build1) ...
#9 22.95 Selecting previously unselected package libxdamage1:arm64.
#9 22.95 Preparing to unpack .../109-libxdamage1_1%3a1.1.6-1build1_arm64.deb ...
#9 22.95 Unpacking libxdamage1:arm64 (1:1.1.6-1build1) ...
#9 22.96 Selecting previously unselected package libxinerama1:arm64.
#9 22.96 Preparing to unpack .../110-libxinerama1_2%3a1.1.4-3build1_arm64.deb ...
#9 22.96 Unpacking libxinerama1:arm64 (2:1.1.4-3build1) ...
#9 22.97 Selecting previously unselected package libxrandr2:arm64.
#9 22.97 Preparing to unpack .../111-libxrandr2_2%3a1.5.2-2build1_arm64.deb ...
#9 22.97 Unpacking libxrandr2:arm64 (2:1.5.2-2build1) ...
#9 22.98 Selecting previously unselected package libgtk-3-common.
#9 22.98 Preparing to unpack .../112-libgtk-3-common_3.24.41-4ubuntu1.3_all.deb ...
#9 22.98 Unpacking libgtk-3-common (3.24.41-4ubuntu1.3) ...
#9 23.00 Selecting previously unselected package libgtk-3-0t64:arm64.
#9 23.01 Preparing to unpack .../113-libgtk-3-0t64_3.24.41-4ubuntu1.3_arm64.deb ...
#9 23.01 Unpacking libgtk-3-0t64:arm64 (3.24.41-4ubuntu1.3) ...
#9 23.05 Selecting previously unselected package gir1.2-gtk-3.0:arm64.
#9 23.05 Preparing to unpack .../114-gir1.2-gtk-3.0_3.24.41-4ubuntu1.3_arm64.deb ...
#9 23.05 Unpacking gir1.2-gtk-3.0:arm64 (3.24.41-4ubuntu1.3) ...
#9 23.06 Selecting previously unselected package libayatana-ido3-0.4-0:arm64.
#9 23.06 Preparing to unpack .../115-libayatana-ido3-0.4-0_0.10.1-1build2_arm64.deb ...
#9 23.06 Unpacking libayatana-ido3-0.4-0:arm64 (0.10.1-1build2) ...
#9 23.07 Selecting previously unselected package libayatana-indicator3-7:arm64.
#9 23.07 Preparing to unpack .../116-libayatana-indicator3-7_0.9.4-1build1_arm64.deb ...
#9 23.07 Unpacking libayatana-indicator3-7:arm64 (0.9.4-1build1) ...
#9 23.08 Selecting previously unselected package libdbusmenu-glib4:arm64.
#9 23.08 Preparing to unpack .../117-libdbusmenu-glib4_18.10.20180917~bzr492+repack1-3.1ubuntu5_arm64.deb ...
#9 23.08 Unpacking libdbusmenu-glib4:arm64 (18.10.20180917~bzr492+repack1-3.1ubuntu5) ...
#9 23.09 Selecting previously unselected package libdbusmenu-gtk3-4:arm64.
#9 23.09 Preparing to unpack .../118-libdbusmenu-gtk3-4_18.10.20180917~bzr492+repack1-3.1ubuntu5_arm64.deb ...
#9 23.09 Unpacking libdbusmenu-gtk3-4:arm64 (18.10.20180917~bzr492+repack1-3.1ubuntu5) ...
#9 23.10 Selecting previously unselected package libayatana-appindicator3-1.
#9 23.10 Preparing to unpack .../119-libayatana-appindicator3-1_0.5.93-1build3_arm64.deb ...
#9 23.10 Unpacking libayatana-appindicator3-1 (0.5.93-1build3) ...
#9 23.11 Selecting previously unselected package gir1.2-ayatanaappindicator3-0.1.
#9 23.11 Preparing to unpack .../120-gir1.2-ayatanaappindicator3-0.1_0.5.93-1build3_arm64.deb ...
#9 23.11 Unpacking gir1.2-ayatanaappindicator3-0.1 (0.5.93-1build3) ...
#9 23.12 Selecting previously unselected package gir1.2-ayatanaido3-0.4:arm64.
#9 23.12 Preparing to unpack .../121-gir1.2-ayatanaido3-0.4_0.10.1-1build2_arm64.deb ...
#9 23.12 Unpacking gir1.2-ayatanaido3-0.4:arm64 (0.10.1-1build2) ...
#9 23.12 Selecting previously unselected package gir1.2-dbusmenu-glib-0.4:arm64.
#9 23.13 Preparing to unpack .../122-gir1.2-dbusmenu-glib-0.4_18.10.20180917~bzr492+repack1-3.1ubuntu5_arm64.deb ...
#9 23.13 Unpacking gir1.2-dbusmenu-glib-0.4:arm64 (18.10.20180917~bzr492+repack1-3.1ubuntu5) ...
#9 23.13 Selecting previously unselected package gir1.2-glib-2.0-dev:arm64.
#9 23.13 Preparing to unpack .../123-gir1.2-glib-2.0-dev_2.80.0-6ubuntu3.9_arm64.deb ...
#9 23.13 Unpacking gir1.2-glib-2.0-dev:arm64 (2.80.0-6ubuntu3.9) ...
#9 23.16 Selecting previously unselected package gir1.2-freedesktop-dev:arm64.
#9 23.17 Preparing to unpack .../124-gir1.2-freedesktop-dev_1.80.1-1_arm64.deb ...
#9 23.17 Unpacking gir1.2-freedesktop-dev:arm64 (1.80.1-1) ...
#9 23.17 Selecting previously unselected package libjavascriptcoregtk-4.1-0:arm64.
#9 23.18 Preparing to unpack .../125-libjavascriptcoregtk-4.1-0_2.52.6-0ubuntu0.24.04.1_arm64.deb ...
#9 23.18 Unpacking libjavascriptcoregtk-4.1-0:arm64 (2.52.6-0ubuntu0.24.04.1) ...
#9 23.26 Selecting previously unselected package gir1.2-javascriptcoregtk-4.1:arm64.
#9 23.26 Preparing to unpack .../126-gir1.2-javascriptcoregtk-4.1_2.52.6-0ubuntu0.24.04.1_arm64.deb ...
#9 23.26 Unpacking gir1.2-javascriptcoregtk-4.1:arm64 (2.52.6-0ubuntu0.24.04.1) ...
#9 23.27 Selecting previously unselected package librsvg2-2:arm64.
#9 23.27 Preparing to unpack .../127-librsvg2-2_2.58.0+dfsg-1ubuntu0.1_arm64.deb ...
#9 23.27 Unpacking librsvg2-2:arm64 (2.58.0+dfsg-1ubuntu0.1) ...
#9 23.29 Selecting previously unselected package gir1.2-rsvg-2.0:arm64.
#9 23.30 Preparing to unpack .../128-gir1.2-rsvg-2.0_2.58.0+dfsg-1ubuntu0.1_arm64.deb ...
#9 23.30 Unpacking gir1.2-rsvg-2.0:arm64 (2.58.0+dfsg-1ubuntu0.1) ...
#9 23.30 Selecting previously unselected package libsasl2-modules-db:arm64.
#9 23.30 Preparing to unpack .../129-libsasl2-modules-db_2.1.28+dfsg1-5ubuntu3.1_arm64.deb ...
#9 23.31 Unpacking libsasl2-modules-db:arm64 (2.1.28+dfsg1-5ubuntu3.1) ...
#9 23.31 Selecting previously unselected package libsasl2-2:arm64.
#9 23.31 Preparing to unpack .../130-libsasl2-2_2.1.28+dfsg1-5ubuntu3.1_arm64.deb ...
#9 23.31 Unpacking libsasl2-2:arm64 (2.1.28+dfsg1-5ubuntu3.1) ...
#9 23.32 Selecting previously unselected package libldap2:arm64.
#9 23.32 Preparing to unpack .../131-libldap2_2.6.10+dfsg-0ubuntu0.24.04.1_arm64.deb ...
#9 23.32 Unpacking libldap2:arm64 (2.6.10+dfsg-0ubuntu0.24.04.1) ...
#9 23.33 Selecting previously unselected package librtmp1:arm64.
#9 23.33 Preparing to unpack .../132-librtmp1_2.4+20151223.gitfa8646d.1-2build7_arm64.deb ...
#9 23.33 Unpacking librtmp1:arm64 (2.4+20151223.gitfa8646d.1-2build7) ...
#9 23.34 Selecting previously unselected package libssh-4:arm64.
#9 23.34 Preparing to unpack .../133-libssh-4_0.10.6-2ubuntu0.5_arm64.deb ...
#9 23.34 Unpacking libssh-4:arm64 (0.10.6-2ubuntu0.5) ...
#9 23.35 Selecting previously unselected package libcurl3t64-gnutls:arm64.
#9 23.35 Preparing to unpack .../134-libcurl3t64-gnutls_8.5.0-2ubuntu10.15_arm64.deb ...
#9 23.35 Unpacking libcurl3t64-gnutls:arm64 (8.5.0-2ubuntu10.15) ...
#9 23.36 Selecting previously unselected package libduktape207:arm64.
#9 23.37 Preparing to unpack .../135-libduktape207_2.7.0+tests-0ubuntu3_arm64.deb ...
#9 23.37 Unpacking libduktape207:arm64 (2.7.0+tests-0ubuntu3) ...
#9 23.37 Selecting previously unselected package libproxy1v5:arm64.
#9 23.38 Preparing to unpack .../136-libproxy1v5_0.5.4-4build1_arm64.deb ...
#9 23.38 Unpacking libproxy1v5:arm64 (0.5.4-4build1) ...
#9 23.38 Selecting previously unselected package glib-networking-common.
#9 23.38 Preparing to unpack .../137-glib-networking-common_2.80.0-1build1_all.deb ...
#9 23.38 Unpacking glib-networking-common (2.80.0-1build1) ...
#9 23.39 Selecting previously unselected package glib-networking-services.
#9 23.39 Preparing to unpack .../138-glib-networking-services_2.80.0-1build1_arm64.deb ...
#9 23.39 Unpacking glib-networking-services (2.80.0-1build1) ...
#9 23.40 Selecting previously unselected package session-migration.
#9 23.40 Preparing to unpack .../139-session-migration_0.3.9build1_arm64.deb ...
#9 23.40 Unpacking session-migration (0.3.9build1) ...
#9 23.41 Selecting previously unselected package gsettings-desktop-schemas.
#9 23.42 Preparing to unpack .../140-gsettings-desktop-schemas_46.1-0ubuntu1_all.deb ...
#9 23.42 Unpacking gsettings-desktop-schemas (46.1-0ubuntu1) ...
#9 23.43 Selecting previously unselected package glib-networking:arm64.
#9 23.43 Preparing to unpack .../141-glib-networking_2.80.0-1build1_arm64.deb ...
#9 23.43 Unpacking glib-networking:arm64 (2.80.0-1build1) ...
#9 23.44 Selecting previously unselected package libsoup-3.0-common.
#9 23.44 Preparing to unpack .../142-libsoup-3.0-common_3.4.4-5ubuntu0.9_all.deb ...
#9 23.44 Unpacking libsoup-3.0-common (3.4.4-5ubuntu0.9) ...
#9 23.44 Selecting previously unselected package libsoup-3.0-0:arm64.
#9 23.45 Preparing to unpack .../143-libsoup-3.0-0_3.4.4-5ubuntu0.9_arm64.deb ...
#9 23.45 Unpacking libsoup-3.0-0:arm64 (3.4.4-5ubuntu0.9) ...
#9 23.45 Selecting previously unselected package gir1.2-soup-3.0:arm64.
#9 23.46 Preparing to unpack .../144-gir1.2-soup-3.0_3.4.4-5ubuntu0.9_arm64.deb ...
#9 23.46 Unpacking gir1.2-soup-3.0:arm64 (3.4.4-5ubuntu0.9) ...
#9 23.46 Selecting previously unselected package libcdparanoia0:arm64.
#9 23.46 Preparing to unpack .../145-libcdparanoia0_3.10.2+debian-14build3_arm64.deb ...
#9 23.47 Unpacking libcdparanoia0:arm64 (3.10.2+debian-14build3) ...
#9 23.47 Selecting previously unselected package libdw1t64:arm64.
#9 23.47 Preparing to unpack .../146-libdw1t64_0.190-1.1ubuntu0.1_arm64.deb ...
#9 23.48 Unpacking libdw1t64:arm64 (0.190-1.1ubuntu0.1) ...
#9 23.48 Selecting previously unselected package libunwind8:arm64.
#9 23.49 Preparing to unpack .../147-libunwind8_1.6.2-3build1.1_arm64.deb ...
#9 23.49 Unpacking libunwind8:arm64 (1.6.2-3build1.1) ...
#9 23.49 Selecting previously unselected package libgstreamer1.0-0:arm64.
#9 23.50 Preparing to unpack .../148-libgstreamer1.0-0_1.24.2-1ubuntu0.1_arm64.deb ...
#9 23.50 Unpacking libgstreamer1.0-0:arm64 (1.24.2-1ubuntu0.1) ...
#9 23.51 Selecting previously unselected package liborc-0.4-0t64:arm64.
#9 23.52 Preparing to unpack .../149-liborc-0.4-0t64_1%3a0.4.38-1ubuntu0.1_arm64.deb ...
#9 23.52 Unpacking liborc-0.4-0t64:arm64 (1:0.4.38-1ubuntu0.1) ...
#9 23.53 Selecting previously unselected package libgstreamer-plugins-base1.0-0:arm64.
#9 23.53 Preparing to unpack .../150-libgstreamer-plugins-base1.0-0_1.24.2-1ubuntu0.5_arm64.deb ...
#9 23.53 Unpacking libgstreamer-plugins-base1.0-0:arm64 (1.24.2-1ubuntu0.5) ...
#9 23.55 Selecting previously unselected package libogg0:arm64.
#9 23.55 Preparing to unpack .../151-libogg0_1.3.5-3build1_arm64.deb ...
#9 23.55 Unpacking libogg0:arm64 (1.3.5-3build1) ...
#9 23.56 Selecting previously unselected package libopus0:arm64.
#9 23.56 Preparing to unpack .../152-libopus0_1.4-1build1_arm64.deb ...
#9 23.56 Unpacking libopus0:arm64 (1.4-1build1) ...
#9 23.57 Selecting previously unselected package libtheora0:arm64.
#9 23.57 Preparing to unpack .../153-libtheora0_1.1.1+dfsg.1-16.1build3_arm64.deb ...
#9 23.57 Unpacking libtheora0:arm64 (1.1.1+dfsg.1-16.1build3) ...
#9 23.58 Selecting previously unselected package libvisual-0.4-0:arm64.
#9 23.58 Preparing to unpack .../154-libvisual-0.4-0_0.4.2-2build1_arm64.deb ...
#9 23.58 Unpacking libvisual-0.4-0:arm64 (0.4.2-2build1) ...
#9 23.59 Selecting previously unselected package libvorbis0a:arm64.
#9 23.59 Preparing to unpack .../155-libvorbis0a_1.3.7-1build3_arm64.deb ...
#9 23.59 Unpacking libvorbis0a:arm64 (1.3.7-1build3) ...
#9 23.60 Selecting previously unselected package libvorbisenc2:arm64.
#9 23.60 Preparing to unpack .../156-libvorbisenc2_1.3.7-1build3_arm64.deb ...
#9 23.60 Unpacking libvorbisenc2:arm64 (1.3.7-1build3) ...
#9 23.61 Selecting previously unselected package gstreamer1.0-plugins-base:arm64.
#9 23.61 Preparing to unpack .../157-gstreamer1.0-plugins-base_1.24.2-1ubuntu0.5_arm64.deb ...
#9 23.61 Unpacking gstreamer1.0-plugins-base:arm64 (1.24.2-1ubuntu0.5) ...
#9 23.63 Selecting previously unselected package libaa1:arm64.
#9 23.63 Preparing to unpack .../158-libaa1_1.4p5-51.1_arm64.deb ...
#9 23.63 Unpacking libaa1:arm64 (1.4p5-51.1) ...
#9 23.64 Selecting previously unselected package libraw1394-11:arm64.
#9 23.64 Preparing to unpack .../159-libraw1394-11_2.1.2-2build3_arm64.deb ...
#9 23.64 Unpacking libraw1394-11:arm64 (2.1.2-2build3) ...
#9 23.64 Selecting previously unselected package libavc1394-0:arm64.
#9 23.65 Preparing to unpack .../160-libavc1394-0_0.5.4-5build3_arm64.deb ...
#9 23.65 Unpacking libavc1394-0:arm64 (0.5.4-5build3) ...
#9 23.66 Selecting previously unselected package libcaca0:arm64.
#9 23.66 Preparing to unpack .../161-libcaca0_0.99.beta20-4ubuntu0.2_arm64.deb ...
#9 23.66 Unpacking libcaca0:arm64 (0.99.beta20-4ubuntu0.2) ...
#9 23.67 Selecting previously unselected package libdv4t64:arm64.
#9 23.67 Preparing to unpack .../162-libdv4t64_1.0.0-17.1build1_arm64.deb ...
#9 23.67 Unpacking libdv4t64:arm64 (1.0.0-17.1build1) ...
#9 23.68 Selecting previously unselected package libflac12t64:arm64.
#9 23.68 Preparing to unpack .../163-libflac12t64_1.4.3+ds-2.1ubuntu2_arm64.deb ...
#9 23.68 Unpacking libflac12t64:arm64 (1.4.3+ds-2.1ubuntu2) ...
#9 23.69 Selecting previously unselected package libgstreamer-plugins-good1.0-0:arm64.
#9 23.69 Preparing to unpack .../164-libgstreamer-plugins-good1.0-0_1.24.2-1ubuntu1.8_arm64.deb ...
#9 23.69 Unpacking libgstreamer-plugins-good1.0-0:arm64 (1.24.2-1ubuntu1.8) ...
#9 23.70 Selecting previously unselected package libgudev-1.0-0:arm64.
#9 23.70 Preparing to unpack .../165-libgudev-1.0-0_1%3a238-5ubuntu1_arm64.deb ...
#9 23.70 Unpacking libgudev-1.0-0:arm64 (1:238-5ubuntu1) ...
#9 23.71 Selecting previously unselected package libiec61883-0:arm64.
#9 23.71 Preparing to unpack .../166-libiec61883-0_1.2.0-6build1_arm64.deb ...
#9 23.71 Unpacking libiec61883-0:arm64 (1.2.0-6build1) ...
#9 23.72 Selecting previously unselected package libmp3lame0:arm64.
#9 23.72 Preparing to unpack .../167-libmp3lame0_3.100-6build1_arm64.deb ...
#9 23.72 Unpacking libmp3lame0:arm64 (3.100-6build1) ...
#9 23.73 Selecting previously unselected package libmpg123-0t64:arm64.
#9 23.73 Preparing to unpack .../168-libmpg123-0t64_1.32.5-1ubuntu1.1_arm64.deb ...
#9 23.73 Unpacking libmpg123-0t64:arm64 (1.32.5-1ubuntu1.1) ...
#9 23.74 Selecting previously unselected package libasyncns0:arm64.
#9 23.74 Preparing to unpack .../169-libasyncns0_0.8-6build4_arm64.deb ...
#9 23.75 Unpacking libasyncns0:arm64 (0.8-6build4) ...
#9 23.75 Selecting previously unselected package libsndfile1:arm64.
#9 23.75 Preparing to unpack .../170-libsndfile1_1.2.2-1ubuntu5.24.04.1_arm64.deb ...
#9 23.75 Unpacking libsndfile1:arm64 (1.2.2-1ubuntu5.24.04.1) ...
#9 23.76 Selecting previously unselected package libx11-xcb1:arm64.
#9 23.77 Preparing to unpack .../171-libx11-xcb1_2%3a1.8.7-1build1_arm64.deb ...
#9 23.77 Unpacking libx11-xcb1:arm64 (2:1.8.7-1build1) ...
#9 23.77 Selecting previously unselected package libpulse0:arm64.
#9 23.78 Preparing to unpack .../172-libpulse0_1%3a16.1+dfsg1-2ubuntu10.1_arm64.deb ...
#9 23.78 Unpacking libpulse0:arm64 (1:16.1+dfsg1-2ubuntu10.1) ...
#9 23.79 Selecting previously unselected package libspeex1:arm64.
#9 23.79 Preparing to unpack .../173-libspeex1_1.2.1-2ubuntu2.24.04.1_arm64.deb ...
#9 23.79 Unpacking libspeex1:arm64 (1.2.1-2ubuntu2.24.04.1) ...
#9 23.80 Selecting previously unselected package libshout3:arm64.
#9 23.80 Preparing to unpack .../174-libshout3_2.4.6-1build2_arm64.deb ...
#9 23.80 Unpacking libshout3:arm64 (2.4.6-1build2) ...
#9 23.81 Selecting previously unselected package libtag1v5-vanilla:arm64.
#9 23.81 Preparing to unpack .../175-libtag1v5-vanilla_1.13.1-1build1_arm64.deb ...
#9 23.82 Unpacking libtag1v5-vanilla:arm64 (1.13.1-1build1) ...
#9 23.83 Selecting previously unselected package libtag1v5:arm64.
#9 23.83 Preparing to unpack .../176-libtag1v5_1.13.1-1build1_arm64.deb ...
#9 23.83 Unpacking libtag1v5:arm64 (1.13.1-1build1) ...
#9 23.83 Selecting previously unselected package libtwolame0:arm64.
#9 23.84 Preparing to unpack .../177-libtwolame0_0.4.0-2build3_arm64.deb ...
#9 23.84 Unpacking libtwolame0:arm64 (0.4.0-2build3) ...
#9 23.84 Selecting previously unselected package libv4lconvert0t64:arm64.
#9 23.84 Preparing to unpack .../178-libv4lconvert0t64_1.26.1-4build3_arm64.deb ...
#9 23.85 Unpacking libv4lconvert0t64:arm64 (1.26.1-4build3) ...
#9 23.85 Selecting previously unselected package libv4l-0t64:arm64.
#9 23.86 Preparing to unpack .../179-libv4l-0t64_1.26.1-4build3_arm64.deb ...
#9 23.86 Unpacking libv4l-0t64:arm64 (1.26.1-4build3) ...
#9 23.87 Selecting previously unselected package libvpx9:arm64.
#9 23.87 Preparing to unpack .../180-libvpx9_1.14.0-1ubuntu2.3_arm64.deb ...
#9 23.87 Unpacking libvpx9:arm64 (1.14.0-1ubuntu2.3) ...
#9 23.88 Selecting previously unselected package libwavpack1:arm64.
#9 23.88 Preparing to unpack .../181-libwavpack1_5.6.0-1build1_arm64.deb ...
#9 23.88 Unpacking libwavpack1:arm64 (5.6.0-1build1) ...
#9 23.89 Selecting previously unselected package x11-common.
#9 23.89 Preparing to unpack .../182-x11-common_1%3a7.7+23ubuntu3_all.deb ...
#9 23.90 Unpacking x11-common (1:7.7+23ubuntu3) ...
#9 23.90 Selecting previously unselected package libxtst6:arm64.
#9 23.91 Preparing to unpack .../183-libxtst6_2%3a1.2.3-1.1build1_arm64.deb ...
#9 23.91 Unpacking libxtst6:arm64 (2:1.2.3-1.1build1) ...
#9 23.91 Selecting previously unselected package gstreamer1.0-plugins-good:arm64.
#9 23.91 Preparing to unpack .../184-gstreamer1.0-plugins-good_1.24.2-1ubuntu1.8_arm64.deb ...
#9 23.91 Unpacking gstreamer1.0-plugins-good:arm64 (1.24.2-1ubuntu1.8) ...
#9 23.95 Selecting previously unselected package libglvnd0:arm64.
#9 23.95 Preparing to unpack .../185-libglvnd0_1.7.0-1build1_arm64.deb ...
#9 23.95 Unpacking libglvnd0:arm64 (1.7.0-1build1) ...
#9 23.96 Selecting previously unselected package libgles2:arm64.
#9 23.96 Preparing to unpack .../186-libgles2_1.7.0-1build1_arm64.deb ...
#9 23.96 Unpacking libgles2:arm64 (1.7.0-1build1) ...
#9 23.97 Selecting previously unselected package xdg-dbus-proxy.
#9 23.97 Preparing to unpack .../187-xdg-dbus-proxy_0.1.5-1ubuntu0.2_arm64.deb ...
#9 23.97 Unpacking xdg-dbus-proxy (0.1.5-1ubuntu0.2) ...
#9 23.98 Selecting previously unselected package hunspell-en-us.
#9 23.98 Preparing to unpack .../188-hunspell-en-us_1%3a2020.12.07-2_all.deb ...
#9 23.98 Unpacking hunspell-en-us (1:2020.12.07-2) ...
#9 23.99 Selecting previously unselected package libaspell15:arm64.
#9 23.99 Preparing to unpack .../189-libaspell15_0.60.8.1-1build1_arm64.deb ...
#9 23.99 Unpacking libaspell15:arm64 (0.60.8.1-1build1) ...
#9 24.01 Selecting previously unselected package libhunspell-1.7-0:arm64.
#9 24.01 Preparing to unpack .../190-libhunspell-1.7-0_1.7.2+really1.7.2-10build3_arm64.deb ...
#9 24.01 Unpacking libhunspell-1.7-0:arm64 (1.7.2+really1.7.2-10build3) ...
#9 24.02 Selecting previously unselected package libenchant-2-2:arm64.
#9 24.02 Preparing to unpack .../191-libenchant-2-2_2.3.3-2build2_arm64.deb ...
#9 24.02 Unpacking libenchant-2-2:arm64 (2.3.3-2build2) ...
#9 24.03 Selecting previously unselected package libdrm-amdgpu1:arm64.
#9 24.03 Preparing to unpack .../192-libdrm-amdgpu1_2.4.125-1ubuntu0.1~24.04.2_arm64.deb ...
#9 24.04 Unpacking libdrm-amdgpu1:arm64 (2.4.125-1ubuntu0.1~24.04.2) ...
#9 24.04 Selecting previously unselected package libllvm20:arm64.
#9 24.04 Preparing to unpack .../193-libllvm20_1%3a20.1.2-0ubuntu1~24.04.3_arm64.deb ...
#9 24.05 Unpacking libllvm20:arm64 (1:20.1.2-0ubuntu1~24.04.3) ...
#9 24.38 Selecting previously unselected package libxcb-dri3-0:arm64.
#9 24.38 Preparing to unpack .../194-libxcb-dri3-0_1.15-1ubuntu2_arm64.deb ...
#9 24.38 Unpacking libxcb-dri3-0:arm64 (1.15-1ubuntu2) ...
#9 24.39 Selecting previously unselected package libxcb-present0:arm64.
#9 24.39 Preparing to unpack .../195-libxcb-present0_1.15-1ubuntu2_arm64.deb ...
#9 24.39 Unpacking libxcb-present0:arm64 (1.15-1ubuntu2) ...
#9 24.40 Selecting previously unselected package libxcb-randr0:arm64.
#9 24.40 Preparing to unpack .../196-libxcb-randr0_1.15-1ubuntu2_arm64.deb ...
#9 24.40 Unpacking libxcb-randr0:arm64 (1.15-1ubuntu2) ...
#9 24.41 Selecting previously unselected package libxcb-sync1:arm64.
#9 24.41 Preparing to unpack .../197-libxcb-sync1_1.15-1ubuntu2_arm64.deb ...
#9 24.41 Unpacking libxcb-sync1:arm64 (1.15-1ubuntu2) ...
#9 24.42 Selecting previously unselected package libxcb-xfixes0:arm64.
#9 24.42 Preparing to unpack .../198-libxcb-xfixes0_1.15-1ubuntu2_arm64.deb ...
#9 24.42 Unpacking libxcb-xfixes0:arm64 (1.15-1ubuntu2) ...
#9 24.43 Selecting previously unselected package libxshmfence1:arm64.
#9 24.43 Preparing to unpack .../199-libxshmfence1_1.3-1build5_arm64.deb ...
#9 24.43 Unpacking libxshmfence1:arm64 (1.3-1build5) ...
#9 24.44 Selecting previously unselected package mesa-libgallium:arm64.
#9 24.44 Preparing to unpack .../200-mesa-libgallium_25.2.8-0ubuntu0.24.04.4_arm64.deb ...
#9 24.44 Unpacking mesa-libgallium:arm64 (25.2.8-0ubuntu0.24.04.4) ...
#9 24.57 Selecting previously unselected package libgbm1:arm64.
#9 24.57 Preparing to unpack .../201-libgbm1_25.2.8-0ubuntu0.24.04.4_arm64.deb ...
#9 24.57 Unpacking libgbm1:arm64 (25.2.8-0ubuntu0.24.04.4) ...
#9 24.58 Selecting previously unselected package libegl-mesa0:arm64.
#9 24.58 Preparing to unpack .../202-libegl-mesa0_25.2.8-0ubuntu0.24.04.4_arm64.deb ...
#9 24.58 Unpacking libegl-mesa0:arm64 (25.2.8-0ubuntu0.24.04.4) ...
#9 24.59 Selecting previously unselected package libegl1:arm64.
#9 24.59 Preparing to unpack .../203-libegl1_1.7.0-1build1_arm64.deb ...
#9 24.59 Unpacking libegl1:arm64 (1.7.0-1build1) ...
#9 24.61 Selecting previously unselected package libxcb-glx0:arm64.
#9 24.61 Preparing to unpack .../204-libxcb-glx0_1.15-1ubuntu2_arm64.deb ...
#9 24.61 Unpacking libxcb-glx0:arm64 (1.15-1ubuntu2) ...
#9 24.62 Selecting previously unselected package libxxf86vm1:arm64.
#9 24.62 Preparing to unpack .../205-libxxf86vm1_1%3a1.1.4-1build4_arm64.deb ...
#9 24.62 Unpacking libxxf86vm1:arm64 (1:1.1.4-1build4) ...
#9 24.63 Selecting previously unselected package libvulkan1:arm64.
#9 24.63 Preparing to unpack .../206-libvulkan1_1.3.275.0-1build1_arm64.deb ...
#9 24.63 Unpacking libvulkan1:arm64 (1.3.275.0-1build1) ...
#9 24.64 Selecting previously unselected package libgl1-mesa-dri:arm64.
#9 24.64 Preparing to unpack .../207-libgl1-mesa-dri_25.2.8-0ubuntu0.24.04.4_arm64.deb ...
#9 24.64 Unpacking libgl1-mesa-dri:arm64 (25.2.8-0ubuntu0.24.04.4) ...
#9 24.65 Selecting previously unselected package libglx-mesa0:arm64.
#9 24.65 Preparing to unpack .../208-libglx-mesa0_25.2.8-0ubuntu0.24.04.4_arm64.deb ...
#9 24.66 Unpacking libglx-mesa0:arm64 (25.2.8-0ubuntu0.24.04.4) ...
#9 24.66 Selecting previously unselected package libglx0:arm64.
#9 24.67 Preparing to unpack .../209-libglx0_1.7.0-1build1_arm64.deb ...
#9 24.67 Unpacking libglx0:arm64 (1.7.0-1build1) ...
#9 24.68 Selecting previously unselected package libgl1:arm64.
#9 24.68 Preparing to unpack .../210-libgl1_1.7.0-1build1_arm64.deb ...
#9 24.68 Unpacking libgl1:arm64 (1.7.0-1build1) ...
#9 24.69 Selecting previously unselected package libgstreamer-gl1.0-0:arm64.
#9 24.69 Preparing to unpack .../211-libgstreamer-gl1.0-0_1.24.2-1ubuntu0.5_arm64.deb ...
#9 24.69 Unpacking libgstreamer-gl1.0-0:arm64 (1.24.2-1ubuntu0.5) ...
#9 24.70 Selecting previously unselected package libharfbuzz-icu0:arm64.
#9 24.70 Preparing to unpack .../212-libharfbuzz-icu0_8.3.0-2build2_arm64.deb ...
#9 24.70 Unpacking libharfbuzz-icu0:arm64 (8.3.0-2build2) ...
#9 24.71 Selecting previously unselected package libhyphen0:arm64.
#9 24.71 Preparing to unpack .../213-libhyphen0_2.8.8-7build3_arm64.deb ...
#9 24.71 Unpacking libhyphen0:arm64 (2.8.8-7build3) ...
#9 24.72 Selecting previously unselected package libmanette-0.2-0:arm64.
#9 24.72 Preparing to unpack .../214-libmanette-0.2-0_0.2.7-1build2_arm64.deb ...
#9 24.72 Unpacking libmanette-0.2-0:arm64 (0.2.7-1build2) ...
#9 24.73 Selecting previously unselected package libsecret-common.
#9 24.73 Preparing to unpack .../215-libsecret-common_0.21.4-1build3_all.deb ...
#9 24.73 Unpacking libsecret-common (0.21.4-1build3) ...
#9 24.74 Selecting previously unselected package libsecret-1-0:arm64.
#9 24.74 Preparing to unpack .../216-libsecret-1-0_0.21.4-1build3_arm64.deb ...
#9 24.74 Unpacking libsecret-1-0:arm64 (0.21.4-1build3) ...
#9 24.75 Selecting previously unselected package libwayland-server0:arm64.
#9 24.75 Preparing to unpack .../217-libwayland-server0_1.22.0-2.1build1_arm64.deb ...
#9 24.75 Unpacking libwayland-server0:arm64 (1.22.0-2.1build1) ...
#9 24.76 Selecting previously unselected package libwebpdemux2:arm64.
#9 24.76 Preparing to unpack .../218-libwebpdemux2_1.3.2-0.4build3_arm64.deb ...
#9 24.76 Unpacking libwebpdemux2:arm64 (1.3.2-0.4build3) ...
#9 24.77 Selecting previously unselected package libwebpmux3:arm64.
#9 24.77 Preparing to unpack .../219-libwebpmux3_1.3.2-0.4build3_arm64.deb ...
#9 24.77 Unpacking libwebpmux3:arm64 (1.3.2-0.4build3) ...
#9 24.78 Selecting previously unselected package libxslt1.1:arm64.
#9 24.78 Preparing to unpack .../220-libxslt1.1_1.1.39-0exp1ubuntu0.24.04.3_arm64.deb ...
#9 24.78 Unpacking libxslt1.1:arm64 (1.1.39-0exp1ubuntu0.24.04.3) ...
#9 24.79 Selecting previously unselected package libwebkit2gtk-4.1-0:arm64.
#9 24.79 Preparing to unpack .../221-libwebkit2gtk-4.1-0_2.52.6-0ubuntu0.24.04.1_arm64.deb ...
#9 24.79 Unpacking libwebkit2gtk-4.1-0:arm64 (2.52.6-0ubuntu0.24.04.1) ...
#9 25.22 Selecting previously unselected package gir1.2-webkit2-4.1:arm64.
#9 25.22 Preparing to unpack .../222-gir1.2-webkit2-4.1_2.52.6-0ubuntu0.24.04.1_arm64.deb ...
#9 25.22 Unpacking gir1.2-webkit2-4.1:arm64 (2.52.6-0ubuntu0.24.04.1) ...
#9 25.23 Selecting previously unselected package icu-devtools.
#9 25.23 Preparing to unpack .../223-icu-devtools_74.2-1ubuntu3.1_arm64.deb ...
#9 25.23 Unpacking icu-devtools (74.2-1ubuntu3.1) ...
#9 25.24 Selecting previously unselected package libffi-dev:arm64.
#9 25.24 Preparing to unpack .../224-libffi-dev_3.4.6-1build1_arm64.deb ...
#9 25.24 Unpacking libffi-dev:arm64 (3.4.6-1build1) ...
#9 25.25 Selecting previously unselected package libglib2.0-bin.
#9 25.26 Preparing to unpack .../225-libglib2.0-bin_2.80.0-6ubuntu3.9_arm64.deb ...
#9 25.26 Unpacking libglib2.0-bin (2.80.0-6ubuntu3.9) ...
#9 25.27 Selecting previously unselected package python3-packaging.
#9 25.27 Preparing to unpack .../226-python3-packaging_24.0-1_all.deb ...
#9 25.27 Unpacking python3-packaging (24.0-1) ...
#9 25.28 Selecting previously unselected package libglib2.0-dev-bin.
#9 25.28 Preparing to unpack .../227-libglib2.0-dev-bin_2.80.0-6ubuntu3.9_arm64.deb ...
#9 25.28 Unpacking libglib2.0-dev-bin (2.80.0-6ubuntu3.9) ...
#9 25.29 Selecting previously unselected package uuid-dev:arm64.
#9 25.29 Preparing to unpack .../228-uuid-dev_2.39.3-9ubuntu6.6_arm64.deb ...
#9 25.29 Unpacking uuid-dev:arm64 (2.39.3-9ubuntu6.6) ...
#9 25.30 Selecting previously unselected package libblkid-dev:arm64.
#9 25.30 Preparing to unpack .../229-libblkid-dev_2.39.3-9ubuntu6.6_arm64.deb ...
#9 25.30 Unpacking libblkid-dev:arm64 (2.39.3-9ubuntu6.6) ...
#9 25.31 Selecting previously unselected package libsepol-dev:arm64.
#9 25.31 Preparing to unpack .../230-libsepol-dev_3.5-2build1_arm64.deb ...
#9 25.31 Unpacking libsepol-dev:arm64 (3.5-2build1) ...
#9 25.32 Selecting previously unselected package libpcre2-16-0:arm64.
#9 25.33 Preparing to unpack .../231-libpcre2-16-0_10.42-4ubuntu2.1_arm64.deb ...
#9 25.33 Unpacking libpcre2-16-0:arm64 (10.42-4ubuntu2.1) ...
#9 25.34 Selecting previously unselected package libpcre2-32-0:arm64.
#9 25.34 Preparing to unpack .../232-libpcre2-32-0_10.42-4ubuntu2.1_arm64.deb ...
#9 25.34 Unpacking libpcre2-32-0:arm64 (10.42-4ubuntu2.1) ...
#9 25.35 Selecting previously unselected package libpcre2-posix3:arm64.
#9 25.35 Preparing to unpack .../233-libpcre2-posix3_10.42-4ubuntu2.1_arm64.deb ...
#9 25.35 Unpacking libpcre2-posix3:arm64 (10.42-4ubuntu2.1) ...
#9 25.36 Selecting previously unselected package libpcre2-dev:arm64.
#9 25.36 Preparing to unpack .../234-libpcre2-dev_10.42-4ubuntu2.1_arm64.deb ...
#9 25.36 Unpacking libpcre2-dev:arm64 (10.42-4ubuntu2.1) ...
#9 25.37 Selecting previously unselected package libselinux1-dev:arm64.
#9 25.37 Preparing to unpack .../235-libselinux1-dev_3.5-2ubuntu2.1_arm64.deb ...
#9 25.38 Unpacking libselinux1-dev:arm64 (3.5-2ubuntu2.1) ...
#9 25.38 Selecting previously unselected package libmount-dev:arm64.
#9 25.39 Preparing to unpack .../236-libmount-dev_2.39.3-9ubuntu6.6_arm64.deb ...
#9 25.39 Unpacking libmount-dev:arm64 (2.39.3-9ubuntu6.6) ...
#9 25.39 Selecting previously unselected package zlib1g-dev:arm64.
#9 25.40 Preparing to unpack .../237-zlib1g-dev_1%3a1.3.dfsg-3.1ubuntu2.2_arm64.deb ...
#9 25.40 Unpacking zlib1g-dev:arm64 (1:1.3.dfsg-3.1ubuntu2.2) ...
#9 25.41 Selecting previously unselected package libgirepository-2.0-0:arm64.
#9 25.41 Preparing to unpack .../238-libgirepository-2.0-0_2.80.0-6ubuntu3.9_arm64.deb ...
#9 25.41 Unpacking libgirepository-2.0-0:arm64 (2.80.0-6ubuntu3.9) ...
#9 25.42 Selecting previously unselected package libglib2.0-dev:arm64.
#9 25.42 Preparing to unpack .../239-libglib2.0-dev_2.80.0-6ubuntu3.9_arm64.deb ...
#9 25.42 Unpacking libglib2.0-dev:arm64 (2.80.0-6ubuntu3.9) ...
#9 25.47 Selecting previously unselected package libatk1.0-dev:arm64.
#9 25.47 Preparing to unpack .../240-libatk1.0-dev_2.52.0-1build1_arm64.deb ...
#9 25.47 Unpacking libatk1.0-dev:arm64 (2.52.0-1build1) ...
#9 25.48 Selecting previously unselected package xml-core.
#9 25.49 Preparing to unpack .../241-xml-core_0.19_all.deb ...
#9 25.49 Unpacking xml-core (0.19) ...
#9 25.50 Selecting previously unselected package libdbus-1-dev:arm64.
#9 25.50 Preparing to unpack .../242-libdbus-1-dev_1.14.10-4ubuntu4.1_arm64.deb ...
#9 25.50 Unpacking libdbus-1-dev:arm64 (1.14.10-4ubuntu4.1) ...
#9 25.51 Selecting previously unselected package xorg-sgml-doctools.
#9 25.51 Preparing to unpack .../243-xorg-sgml-doctools_1%3a1.11-1.1_all.deb ...
#9 25.51 Unpacking xorg-sgml-doctools (1:1.11-1.1) ...
#9 25.52 Selecting previously unselected package x11proto-dev.
#9 25.52 Preparing to unpack .../244-x11proto-dev_2023.2-1_all.deb ...
#9 25.53 Unpacking x11proto-dev (2023.2-1) ...
#9 25.54 Selecting previously unselected package libxau-dev:arm64.
#9 25.55 Preparing to unpack .../245-libxau-dev_1%3a1.0.9-1build6_arm64.deb ...
#9 25.55 Unpacking libxau-dev:arm64 (1:1.0.9-1build6) ...
#9 25.55 Selecting previously unselected package libxdmcp-dev:arm64.
#9 25.55 Preparing to unpack .../246-libxdmcp-dev_1%3a1.1.3-0ubuntu6_arm64.deb ...
#9 25.56 Unpacking libxdmcp-dev:arm64 (1:1.1.3-0ubuntu6) ...
#9 25.56 Selecting previously unselected package xtrans-dev.
#9 25.56 Preparing to unpack .../247-xtrans-dev_1.4.0-1_all.deb ...
#9 25.56 Unpacking xtrans-dev (1.4.0-1) ...
#9 25.57 Selecting previously unselected package libpthread-stubs0-dev:arm64.
#9 25.58 Preparing to unpack .../248-libpthread-stubs0-dev_0.4-1build3_arm64.deb ...
#9 25.58 Unpacking libpthread-stubs0-dev:arm64 (0.4-1build3) ...
#9 25.58 Selecting previously unselected package libxcb1-dev:arm64.
#9 25.58 Preparing to unpack .../249-libxcb1-dev_1.15-1ubuntu2_arm64.deb ...
#9 25.59 Unpacking libxcb1-dev:arm64 (1.15-1ubuntu2) ...
#9 25.59 Selecting previously unselected package libx11-dev:arm64.
#9 25.60 Preparing to unpack .../250-libx11-dev_2%3a1.8.7-1build1_arm64.deb ...
#9 25.60 Unpacking libx11-dev:arm64 (2:1.8.7-1build1) ...
#9 25.61 Selecting previously unselected package libxext-dev:arm64.
#9 25.61 Preparing to unpack .../251-libxext-dev_2%3a1.3.4-1build2_arm64.deb ...
#9 25.62 Unpacking libxext-dev:arm64 (2:1.3.4-1build2) ...
#9 25.62 Selecting previously unselected package libxfixes-dev:arm64.
#9 25.63 Preparing to unpack .../252-libxfixes-dev_1%3a6.0.0-2build1_arm64.deb ...
#9 25.63 Unpacking libxfixes-dev:arm64 (1:6.0.0-2build1) ...
#9 25.63 Selecting previously unselected package libxi-dev:arm64.
#9 25.63 Preparing to unpack .../253-libxi-dev_2%3a1.8.1-1build1_arm64.deb ...
#9 25.64 Unpacking libxi-dev:arm64 (2:1.8.1-1build1) ...
#9 25.65 Selecting previously unselected package libxtst-dev:arm64.
#9 25.65 Preparing to unpack .../254-libxtst-dev_2%3a1.2.3-1.1build1_arm64.deb ...
#9 25.65 Unpacking libxtst-dev:arm64 (2:1.2.3-1.1build1) ...
#9 25.65 Selecting previously unselected package libatspi2.0-dev:arm64.
#9 25.66 Preparing to unpack .../255-libatspi2.0-dev_2.52.0-1build1_arm64.deb ...
#9 25.66 Unpacking libatspi2.0-dev:arm64 (2.52.0-1build1) ...
#9 25.67 Selecting previously unselected package libatk-bridge2.0-dev:arm64.
#9 25.67 Preparing to unpack .../256-libatk-bridge2.0-dev_2.52.0-1build1_arm64.deb ...
#9 25.67 Unpacking libatk-bridge2.0-dev:arm64 (2.52.0-1build1) ...
#9 25.68 Selecting previously unselected package liblzo2-2:arm64.
#9 25.68 Preparing to unpack .../257-liblzo2-2_2.10-2build4_arm64.deb ...
#9 25.68 Unpacking liblzo2-2:arm64 (2.10-2build4) ...
#9 25.69 Selecting previously unselected package libcairo-script-interpreter2:arm64.
#9 25.69 Preparing to unpack .../258-libcairo-script-interpreter2_1.18.0-3build1_arm64.deb ...
#9 25.69 Unpacking libcairo-script-interpreter2:arm64 (1.18.0-3build1) ...
#9 25.70 Selecting previously unselected package libexpat1-dev:arm64.
#9 25.70 Preparing to unpack .../259-libexpat1-dev_2.6.1-2ubuntu0.6_arm64.deb ...
#9 25.70 Unpacking libexpat1-dev:arm64 (2.6.1-2ubuntu0.6) ...
#9 25.71 Selecting previously unselected package libbrotli-dev:arm64.
#9 25.71 Preparing to unpack .../260-libbrotli-dev_1.1.0-2build2_arm64.deb ...
#9 25.71 Unpacking libbrotli-dev:arm64 (1.1.0-2build2) ...
#9 25.72 Selecting previously unselected package libbz2-dev:arm64.
#9 25.72 Preparing to unpack .../261-libbz2-dev_1.0.8-5.1ubuntu0.1_arm64.deb ...
#9 25.72 Unpacking libbz2-dev:arm64 (1.0.8-5.1ubuntu0.1) ...
#9 25.73 Selecting previously unselected package libpng-dev:arm64.
#9 25.73 Preparing to unpack .../262-libpng-dev_1.6.43-5ubuntu0.7_arm64.deb ...
#9 25.73 Unpacking libpng-dev:arm64 (1.6.43-5ubuntu0.7) ...
#9 25.75 Selecting previously unselected package libfreetype-dev:arm64.
#9 25.75 Preparing to unpack .../263-libfreetype-dev_2.13.2+dfsg-1ubuntu0.2_arm64.deb ...
#9 25.75 Unpacking libfreetype-dev:arm64 (2.13.2+dfsg-1ubuntu0.2) ...
#9 25.76 Selecting previously unselected package libfontconfig-dev:arm64.
#9 25.76 Preparing to unpack .../264-libfontconfig-dev_2.15.0-1.1ubuntu2_arm64.deb ...
#9 25.77 Unpacking libfontconfig-dev:arm64 (2.15.0-1.1ubuntu2) ...
#9 25.77 Selecting previously unselected package libpixman-1-dev:arm64.
#9 25.78 Preparing to unpack .../265-libpixman-1-dev_0.42.2-1build1_arm64.deb ...
#9 25.78 Unpacking libpixman-1-dev:arm64 (0.42.2-1build1) ...
#9 25.79 Selecting previously unselected package libice6:arm64.
#9 25.79 Preparing to unpack .../266-libice6_2%3a1.0.10-1build3_arm64.deb ...
#9 25.79 Unpacking libice6:arm64 (2:1.0.10-1build3) ...
#9 25.80 Selecting previously unselected package libsm6:arm64.
#9 25.80 Preparing to unpack .../267-libsm6_2%3a1.2.3-1build3_arm64.deb ...
#9 25.80 Unpacking libsm6:arm64 (2:1.2.3-1build3) ...
#9 25.80 Selecting previously unselected package libice-dev:arm64.
#9 25.81 Preparing to unpack .../268-libice-dev_2%3a1.0.10-1build3_arm64.deb ...
#9 25.81 Unpacking libice-dev:arm64 (2:1.0.10-1build3) ...
#9 25.81 Selecting previously unselected package libsm-dev:arm64.
#9 25.82 Preparing to unpack .../269-libsm-dev_2%3a1.2.3-1build3_arm64.deb ...
#9 25.82 Unpacking libsm-dev:arm64 (2:1.2.3-1build3) ...
#9 25.82 Selecting previously unselected package libxcb-render0-dev:arm64.
#9 25.82 Preparing to unpack .../270-libxcb-render0-dev_1.15-1ubuntu2_arm64.deb ...
#9 25.83 Unpacking libxcb-render0-dev:arm64 (1.15-1ubuntu2) ...
#9 25.83 Selecting previously unselected package libxcb-shm0-dev:arm64.
#9 25.83 Preparing to unpack .../271-libxcb-shm0-dev_1.15-1ubuntu2_arm64.deb ...
#9 25.83 Unpacking libxcb-shm0-dev:arm64 (1.15-1ubuntu2) ...
#9 25.84 Selecting previously unselected package libxrender-dev:arm64.
#9 25.84 Preparing to unpack .../272-libxrender-dev_1%3a0.9.10-1.1build1_arm64.deb ...
#9 25.84 Unpacking libxrender-dev:arm64 (1:0.9.10-1.1build1) ...
#9 25.85 Selecting previously unselected package libcairo2-dev:arm64.
#9 25.85 Preparing to unpack .../273-libcairo2-dev_1.18.0-3build1_arm64.deb ...
#9 25.85 Unpacking libcairo2-dev:arm64 (1.18.0-3build1) ...
#9 25.86 Selecting previously unselected package libglx-dev:arm64.
#9 25.86 Preparing to unpack .../274-libglx-dev_1.7.0-1build1_arm64.deb ...
#9 25.86 Unpacking libglx-dev:arm64 (1.7.0-1build1) ...
#9 25.87 Selecting previously unselected package libgl-dev:arm64.
#9 25.87 Preparing to unpack .../275-libgl-dev_1.7.0-1build1_arm64.deb ...
#9 25.87 Unpacking libgl-dev:arm64 (1.7.0-1build1) ...
#9 25.88 Selecting previously unselected package libegl-dev:arm64.
#9 25.89 Preparing to unpack .../276-libegl-dev_1.7.0-1build1_arm64.deb ...
#9 25.89 Unpacking libegl-dev:arm64 (1.7.0-1build1) ...
#9 25.89 Selecting previously unselected package libglvnd-core-dev:arm64.
#9 25.90 Preparing to unpack .../277-libglvnd-core-dev_1.7.0-1build1_arm64.deb ...
#9 25.90 Unpacking libglvnd-core-dev:arm64 (1.7.0-1build1) ...
#9 25.90 Selecting previously unselected package libgles1:arm64.
#9 25.91 Preparing to unpack .../278-libgles1_1.7.0-1build1_arm64.deb ...
#9 25.91 Unpacking libgles1:arm64 (1.7.0-1build1) ...
#9 25.91 Selecting previously unselected package libgles-dev:arm64.
#9 25.92 Preparing to unpack .../279-libgles-dev_1.7.0-1build1_arm64.deb ...
#9 25.92 Unpacking libgles-dev:arm64 (1.7.0-1build1) ...
#9 25.93 Selecting previously unselected package libopengl0:arm64.
#9 25.93 Preparing to unpack .../280-libopengl0_1.7.0-1build1_arm64.deb ...
#9 25.93 Unpacking libopengl0:arm64 (1.7.0-1build1) ...
#9 25.94 Selecting previously unselected package libopengl-dev:arm64.
#9 25.94 Preparing to unpack .../281-libopengl-dev_1.7.0-1build1_arm64.deb ...
#9 25.94 Unpacking libopengl-dev:arm64 (1.7.0-1build1) ...
#9 25.95 Selecting previously unselected package libglvnd-dev:arm64.
#9 25.95 Preparing to unpack .../282-libglvnd-dev_1.7.0-1build1_arm64.deb ...
#9 25.95 Unpacking libglvnd-dev:arm64 (1.7.0-1build1) ...
#9 25.96 Selecting previously unselected package libegl1-mesa-dev:arm64.
#9 25.96 Preparing to unpack .../283-libegl1-mesa-dev_25.2.8-0ubuntu0.24.04.4_arm64.deb ...
#9 25.96 Unpacking libegl1-mesa-dev:arm64 (25.2.8-0ubuntu0.24.04.4) ...
#9 25.97 Selecting previously unselected package libepoxy-dev:arm64.
#9 25.97 Preparing to unpack .../284-libepoxy-dev_1.5.10-1build1_arm64.deb ...
#9 25.97 Unpacking libepoxy-dev:arm64 (1.5.10-1build1) ...
#9 25.98 Selecting previously unselected package libfribidi-dev:arm64.
#9 25.98 Preparing to unpack .../285-libfribidi-dev_1.0.13-3build1_arm64.deb ...
#9 25.98 Unpacking libfribidi-dev:arm64 (1.0.13-3build1) ...
#9 25.99 Selecting previously unselected package libgdk-pixbuf2.0-bin.
#9 26.00 Preparing to unpack .../286-libgdk-pixbuf2.0-bin_2.42.10+dfsg-3ubuntu3.3_arm64.deb ...
#9 26.00 Unpacking libgdk-pixbuf2.0-bin (2.42.10+dfsg-3ubuntu3.3) ...
#9 26.00 Selecting previously unselected package libjpeg-turbo8-dev:arm64.
#9 26.01 Preparing to unpack .../287-libjpeg-turbo8-dev_2.1.5-2ubuntu2_arm64.deb ...
#9 26.01 Unpacking libjpeg-turbo8-dev:arm64 (2.1.5-2ubuntu2) ...
#9 26.02 Selecting previously unselected package libjpeg8-dev:arm64.
#9 26.02 Preparing to unpack .../288-libjpeg8-dev_8c-2ubuntu11_arm64.deb ...
#9 26.02 Unpacking libjpeg8-dev:arm64 (8c-2ubuntu11) ...
#9 26.03 Selecting previously unselected package libjpeg-dev:arm64.
#9 26.03 Preparing to unpack .../289-libjpeg-dev_8c-2ubuntu11_arm64.deb ...
#9 26.03 Unpacking libjpeg-dev:arm64 (8c-2ubuntu11) ...
#9 26.04 Selecting previously unselected package libjbig-dev:arm64.
#9 26.04 Preparing to unpack .../290-libjbig-dev_2.1-6.1ubuntu2_arm64.deb ...
#9 26.04 Unpacking libjbig-dev:arm64 (2.1-6.1ubuntu2) ...
#9 26.05 Selecting previously unselected package liblzma-dev:arm64.
#9 26.05 Preparing to unpack .../291-liblzma-dev_5.6.1+really5.4.5-1ubuntu0.3_arm64.deb ...
#9 26.05 Unpacking liblzma-dev:arm64 (5.6.1+really5.4.5-1ubuntu0.3) ...
#9 26.06 Selecting previously unselected package libzstd-dev:arm64.
#9 26.06 Preparing to unpack .../292-libzstd-dev_1.5.5+dfsg2-2build1.1_arm64.deb ...
#9 26.06 Unpacking libzstd-dev:arm64 (1.5.5+dfsg2-2build1.1) ...
#9 26.07 Selecting previously unselected package libwebpdecoder3:arm64.
#9 26.07 Preparing to unpack .../293-libwebpdecoder3_1.3.2-0.4build3_arm64.deb ...
#9 26.07 Unpacking libwebpdecoder3:arm64 (1.3.2-0.4build3) ...
#9 26.08 Selecting previously unselected package libsharpyuv-dev:arm64.
#9 26.08 Preparing to unpack .../294-libsharpyuv-dev_1.3.2-0.4build3_arm64.deb ...
#9 26.08 Unpacking libsharpyuv-dev:arm64 (1.3.2-0.4build3) ...
#9 26.09 Selecting previously unselected package libwebp-dev:arm64.
#9 26.09 Preparing to unpack .../295-libwebp-dev_1.3.2-0.4build3_arm64.deb ...
#9 26.10 Unpacking libwebp-dev:arm64 (1.3.2-0.4build3) ...
#9 26.11 Selecting previously unselected package libtiffxx6:arm64.
#9 26.11 Preparing to unpack .../296-libtiffxx6_4.5.1+git230720-4ubuntu2.5_arm64.deb ...
#9 26.11 Unpacking libtiffxx6:arm64 (4.5.1+git230720-4ubuntu2.5) ...
#9 26.12 Selecting previously unselected package libdeflate-dev:arm64.
#9 26.12 Preparing to unpack .../297-libdeflate-dev_1.19-1build1.1_arm64.deb ...
#9 26.12 Unpacking libdeflate-dev:arm64 (1.19-1build1.1) ...
#9 26.13 Selecting previously unselected package liblerc-dev:arm64.
#9 26.13 Preparing to unpack .../298-liblerc-dev_4.0.0+ds-4ubuntu2_arm64.deb ...
#9 26.13 Unpacking liblerc-dev:arm64 (4.0.0+ds-4ubuntu2) ...
#9 26.14 Selecting previously unselected package libtiff-dev:arm64.
#9 26.14 Preparing to unpack .../299-libtiff-dev_4.5.1+git230720-4ubuntu2.5_arm64.deb ...
#9 26.14 Unpacking libtiff-dev:arm64 (4.5.1+git230720-4ubuntu2.5) ...
#9 26.15 Selecting previously unselected package libgdk-pixbuf-2.0-dev:arm64.
#9 26.15 Preparing to unpack .../300-libgdk-pixbuf-2.0-dev_2.42.10+dfsg-3ubuntu3.3_arm64.deb ...
#9 26.15 Unpacking libgdk-pixbuf-2.0-dev:arm64 (2.42.10+dfsg-3ubuntu3.3) ...
#9 26.17 Selecting previously unselected package libharfbuzz-subset0:arm64.
#9 26.17 Preparing to unpack .../301-libharfbuzz-subset0_8.3.0-2build2_arm64.deb ...
#9 26.17 Unpacking libharfbuzz-subset0:arm64 (8.3.0-2build2) ...
#9 26.18 Selecting previously unselected package libharfbuzz-cairo0:arm64.
#9 26.18 Preparing to unpack .../302-libharfbuzz-cairo0_8.3.0-2build2_arm64.deb ...
#9 26.18 Unpacking libharfbuzz-cairo0:arm64 (8.3.0-2build2) ...
#9 26.19 Selecting previously unselected package libgraphite2-dev:arm64.
#9 26.19 Preparing to unpack .../303-libgraphite2-dev_1.3.14-2ubuntu0.24.04.1_arm64.deb ...
#9 26.19 Unpacking libgraphite2-dev:arm64 (1.3.14-2ubuntu0.24.04.1) ...
#9 26.20 Selecting previously unselected package libicu-dev:arm64.
#9 26.20 Preparing to unpack .../304-libicu-dev_74.2-1ubuntu3.1_arm64.deb ...
#9 26.20 Unpacking libicu-dev:arm64 (74.2-1ubuntu3.1) ...
#9 26.33 Selecting previously unselected package libharfbuzz-dev:arm64.
#9 26.33 Preparing to unpack .../305-libharfbuzz-dev_8.3.0-2build2_arm64.deb ...
#9 26.33 Unpacking libharfbuzz-dev:arm64 (8.3.0-2build2) ...
#9 26.35 Selecting previously unselected package libdatrie-dev:arm64.
#9 26.35 Preparing to unpack .../306-libdatrie-dev_0.2.13-3build1_arm64.deb ...
#9 26.35 Unpacking libdatrie-dev:arm64 (0.2.13-3build1) ...
#9 26.36 Selecting previously unselected package libthai-dev:arm64.
#9 26.36 Preparing to unpack .../307-libthai-dev_0.1.29-2build1_arm64.deb ...
#9 26.36 Unpacking libthai-dev:arm64 (0.1.29-2build1) ...
#9 26.37 Selecting previously unselected package libxft-dev:arm64.
#9 26.37 Preparing to unpack .../308-libxft-dev_2.3.6-1build1_arm64.deb ...
#9 26.37 Unpacking libxft-dev:arm64 (2.3.6-1build1) ...
#9 26.38 Selecting previously unselected package pango1.0-tools.
#9 26.38 Preparing to unpack .../309-pango1.0-tools_1.52.1+ds-1build1_arm64.deb ...
#9 26.38 Unpacking pango1.0-tools (1.52.1+ds-1build1) ...
#9 26.39 Selecting previously unselected package libpango1.0-dev:arm64.
#9 26.39 Preparing to unpack .../310-libpango1.0-dev_1.52.1+ds-1build1_arm64.deb ...
#9 26.39 Unpacking libpango1.0-dev:arm64 (1.52.1+ds-1build1) ...
#9 26.40 Selecting previously unselected package libwayland-bin.
#9 26.41 Preparing to unpack .../311-libwayland-bin_1.22.0-2.1build1_arm64.deb ...
#9 26.41 Unpacking libwayland-bin (1.22.0-2.1build1) ...
#9 26.41 Selecting previously unselected package libwayland-dev:arm64.
#9 26.42 Preparing to unpack .../312-libwayland-dev_1.22.0-2.1build1_arm64.deb ...
#9 26.42 Unpacking libwayland-dev:arm64 (1.22.0-2.1build1) ...
#9 26.43 Selecting previously unselected package libxcomposite-dev:arm64.
#9 26.43 Preparing to unpack .../313-libxcomposite-dev_1%3a0.4.5-1build3_arm64.deb ...
#9 26.43 Unpacking libxcomposite-dev:arm64 (1:0.4.5-1build3) ...
#9 26.44 Selecting previously unselected package libxcursor-dev:arm64.
#9 26.44 Preparing to unpack .../314-libxcursor-dev_1%3a1.2.1-1build1_arm64.deb ...
#9 26.44 Unpacking libxcursor-dev:arm64 (1:1.2.1-1build1) ...
#9 26.45 Selecting previously unselected package libxdamage-dev:arm64.
#9 26.45 Preparing to unpack .../315-libxdamage-dev_1%3a1.1.6-1build1_arm64.deb ...
#9 26.45 Unpacking libxdamage-dev:arm64 (1:1.1.6-1build1) ...
#9 26.46 Selecting previously unselected package libxinerama-dev:arm64.
#9 26.46 Preparing to unpack .../316-libxinerama-dev_2%3a1.1.4-3build1_arm64.deb ...
#9 26.46 Unpacking libxinerama-dev:arm64 (2:1.1.4-3build1) ...
#9 26.47 Selecting previously unselected package libxkbcommon-dev:arm64.
#9 26.47 Preparing to unpack .../317-libxkbcommon-dev_1.6.0-1build1_arm64.deb ...
#9 26.47 Unpacking libxkbcommon-dev:arm64 (1.6.0-1build1) ...
#9 26.48 Selecting previously unselected package libxrandr-dev:arm64.
#9 26.48 Preparing to unpack .../318-libxrandr-dev_2%3a1.5.2-2build1_arm64.deb ...
#9 26.48 Unpacking libxrandr-dev:arm64 (2:1.5.2-2build1) ...
#9 26.49 Selecting previously unselected package wayland-protocols.
#9 26.49 Preparing to unpack .../319-wayland-protocols_1.45-1~ubuntu0.24.04.2_all.deb ...
#9 26.49 Unpacking wayland-protocols (1.45-1~ubuntu0.24.04.2) ...
#9 26.51 Selecting previously unselected package libgtk-3-dev:arm64.
#9 26.51 Preparing to unpack .../320-libgtk-3-dev_3.24.41-4ubuntu1.3_arm64.deb ...
#9 26.51 Unpacking libgtk-3-dev:arm64 (3.24.41-4ubuntu1.3) ...
#9 26.57 Selecting previously unselected package libayatana-ido3-dev.
#9 26.57 Preparing to unpack .../321-libayatana-ido3-dev_0.10.1-1build2_arm64.deb ...
#9 26.57 Unpacking libayatana-ido3-dev (0.10.1-1build2) ...
#9 26.58 Selecting previously unselected package libayatana-indicator3-dev.
#9 26.58 Preparing to unpack .../322-libayatana-indicator3-dev_0.9.4-1build1_arm64.deb ...
#9 26.58 Unpacking libayatana-indicator3-dev (0.9.4-1build1) ...
#9 26.59 Selecting previously unselected package libdbusmenu-glib-dev:arm64.
#9 26.59 Preparing to unpack .../323-libdbusmenu-glib-dev_18.10.20180917~bzr492+repack1-3.1ubuntu5_arm64.deb ...
#9 26.59 Unpacking libdbusmenu-glib-dev:arm64 (18.10.20180917~bzr492+repack1-3.1ubuntu5) ...
#9 26.60 Selecting previously unselected package libayatana-appindicator3-dev.
#9 26.60 Preparing to unpack .../324-libayatana-appindicator3-dev_0.5.93-1build3_arm64.deb ...
#9 26.60 Unpacking libayatana-appindicator3-dev (0.5.93-1build3) ...
#9 26.61 Selecting previously unselected package libgbm-dev:arm64.
#9 26.61 Preparing to unpack .../325-libgbm-dev_25.2.8-0ubuntu0.24.04.4_arm64.deb ...
#9 26.61 Unpacking libgbm-dev:arm64 (25.2.8-0ubuntu0.24.04.4) ...
#9 26.62 Selecting previously unselected package libjavascriptcoregtk-4.1-dev:arm64.
#9 26.62 Preparing to unpack .../326-libjavascriptcoregtk-4.1-dev_2.52.6-0ubuntu0.24.04.1_arm64.deb ...
#9 26.62 Unpacking libjavascriptcoregtk-4.1-dev:arm64 (2.52.6-0ubuntu0.24.04.1) ...
#9 26.63 Selecting previously unselected package libnghttp2-dev:arm64.
#9 26.63 Preparing to unpack .../327-libnghttp2-dev_1.59.0-1ubuntu0.4_arm64.deb ...
#9 26.63 Unpacking libnghttp2-dev:arm64 (1.59.0-1ubuntu0.4) ...
#9 26.64 Selecting previously unselected package libpsl-dev:arm64.
#9 26.64 Preparing to unpack .../328-libpsl-dev_0.21.2-1.1build1_arm64.deb ...
#9 26.64 Unpacking libpsl-dev:arm64 (0.21.2-1.1build1) ...
#9 26.65 Selecting previously unselected package librsvg2-common:arm64.
#9 26.65 Preparing to unpack .../329-librsvg2-common_2.58.0+dfsg-1ubuntu0.1_arm64.deb ...
#9 26.66 Unpacking librsvg2-common:arm64 (2.58.0+dfsg-1ubuntu0.1) ...
#9 26.66 Selecting previously unselected package librsvg2-dev:arm64.
#9 26.67 Preparing to unpack .../330-librsvg2-dev_2.58.0+dfsg-1ubuntu0.1_arm64.deb ...
#9 26.67 Unpacking librsvg2-dev:arm64 (2.58.0+dfsg-1ubuntu0.1) ...
#9 26.67 Selecting previously unselected package libsqlite3-dev:arm64.
#9 26.68 Preparing to unpack .../331-libsqlite3-dev_3.45.1-1ubuntu2.8_arm64.deb ...
#9 26.68 Unpacking libsqlite3-dev:arm64 (3.45.1-1ubuntu2.8) ...
#9 26.69 Selecting previously unselected package libsysprof-capture-4-dev:arm64.
#9 26.69 Preparing to unpack .../332-libsysprof-capture-4-dev_46.0-1build1_arm64.deb ...
#9 26.69 Unpacking libsysprof-capture-4-dev:arm64 (46.0-1build1) ...
#9 26.70 Selecting previously unselected package libsoup-3.0-dev:arm64.
#9 26.70 Preparing to unpack .../333-libsoup-3.0-dev_3.4.4-5ubuntu0.9_arm64.deb ...
#9 26.70 Unpacking libsoup-3.0-dev:arm64 (3.4.4-5ubuntu0.9) ...
#9 26.71 Selecting previously unselected package libssl-dev:arm64.
#9 26.72 Preparing to unpack .../334-libssl-dev_3.0.13-0ubuntu3.16_arm64.deb ...
#9 26.72 Unpacking libssl-dev:arm64 (3.0.13-0ubuntu3.16) ...
#9 26.76 Selecting previously unselected package libwebkit2gtk-4.1-dev.
#9 26.76 Preparing to unpack .../335-libwebkit2gtk-4.1-dev_2.52.6-0ubuntu0.24.04.1_arm64.deb ...
#9 26.76 Unpacking libwebkit2gtk-4.1-dev (2.52.6-0ubuntu0.24.04.1) ...
#9 26.79 Selecting previously unselected package patchelf.
#9 26.79 Preparing to unpack .../336-patchelf_0.18.0-1.1build1_arm64.deb ...
#9 26.79 Unpacking patchelf (0.18.0-1.1build1) ...
#9 26.81 Setting up media-types (10.1.0) ...
#9 26.81 Setting up bubblewrap (0.9.0-1ubuntu0.3) ...
#9 26.81 Setting up libtext-iconv-perl:arm64 (1.7-8build3) ...
#9 26.81 Setting up libgraphite2-3:arm64 (1.3.14-2ubuntu0.24.04.1) ...
#9 26.82 Setting up liblcms2-2:arm64 (2.14-2ubuntu0.1) ...
#9 26.82 Setting up libpixman-1-0:arm64 (0.42.2-1build1) ...
#9 26.82 Setting up libcdparanoia0:arm64 (3.10.2+debian-14build3) ...
#9 26.82 Setting up libsharpyuv0:arm64 (1.3.2-0.4build3) ...
#9 26.82 Setting up libwayland-server0:arm64 (1.22.0-2.1build1) ...
#9 26.82 Setting up systemd-sysv (255.4-1ubuntu8.17) ...
#9 26.83 Setting up libxau6:arm64 (1:1.0.9-1build6) ...
#9 26.83 Setting up libxdmcp6:arm64 (1:1.1.3-0ubuntu6) ...
#9 26.84 Setting up libraw1394-11:arm64 (2.1.2-2build3) ...
#9 26.84 Setting up libkeyutils1:arm64 (1.6.3-3build1) ...
#9 26.84 Setting up libxcb1:arm64 (1.15-1ubuntu2) ...
#9 26.84 Setting up libtag1v5-vanilla:arm64 (1.13.1-1build1) ...
#9 26.84 Setting up libpixman-1-dev:arm64 (0.42.2-1build1) ...
#9 26.85 Setting up libgpm2:arm64 (1.20.7-11) ...
#9 26.85 Setting up libxcb-xfixes0:arm64 (1.15-1ubuntu2) ...
#9 26.85 Setting up libogg0:arm64 (1.3.5-3build1) ...
#9 26.85 Setting up liblerc4:arm64 (4.0.0+ds-4ubuntu2) ...
#9 26.85 Setting up libzstd-dev:arm64 (1.5.5+dfsg2-2build1.1) ...
#9 26.85 Setting up libspeex1:arm64 (1.2.1-2ubuntu2.24.04.1) ...
#9 26.86 Setting up libglvnd-core-dev:arm64 (1.7.0-1build1) ...
#9 26.86 Setting up hicolor-icon-theme (0.17-2) ...
#9 26.86 Setting up libtwolame0:arm64 (0.4.0-2build3) ...
#9 26.86 Setting up libhyphen0:arm64 (2.8.8-7build3) ...
#9 26.87 Setting up libdatrie1:arm64 (0.2.13-3build1) ...
#9 26.87 Setting up libvisual-0.4-0:arm64 (0.4.2-2build1) ...
#9 26.87 Setting up libxcb-render0:arm64 (1.15-1ubuntu2) ...
#9 26.87 Setting up libaspell15:arm64 (0.60.8.1-1build1) ...
#9 26.87 Setting up libglvnd0:arm64 (1.7.0-1build1) ...
#9 26.87 Setting up libxcb-glx0:arm64 (1.15-1ubuntu2) ...
#9 26.87 Setting up libbrotli1:arm64 (1.1.0-2build2) ...
#9 26.88 Setting up libsqlite3-0:arm64 (3.45.1-1ubuntu2.8) ...
#9 26.88 Setting up libgdk-pixbuf2.0-common (2.42.10+dfsg-3ubuntu3.3) ...
#9 26.88 Setting up x11-common (1:7.7+23ubuntu3) ...
#9 26.92 invoke-rc.d: could not determine current runlevel
#9 26.92 invoke-rc.d: policy-rc.d denied execution of start.
#9 26.92 Setting up libsensors-config (1:3.6.0-9build1) ...
#9 26.93 Setting up libpsl5t64:arm64 (0.21.2-1.1build1) ...
#9 26.93 Setting up libnghttp2-14:arm64 (1.59.0-1ubuntu0.4) ...
#9 26.93 Setting up libdeflate0:arm64 (1.19-1build1.1) ...
#9 26.93 Setting up libwebpdecoder3:arm64 (1.3.2-0.4build3) ...
#9 26.93 Setting up xkb-data (2.41-2ubuntu1.1) ...
#9 26.94 Setting up liblzo2-2:arm64 (2.10-2build4) ...
#9 26.94 Setting up libxcb-shm0:arm64 (1.15-1ubuntu2) ...
#9 26.94 Setting up libsoup-3.0-common (3.4.4-5ubuntu0.9) ...
#9 26.94 Setting up libmpg123-0t64:arm64 (1.32.5-1ubuntu1.1) ...
#9 26.94 Setting up libffi-dev:arm64 (3.4.6-1build1) ...
#9 26.94 Setting up libunwind8:arm64 (1.6.2-3build1.1) ...
#9 26.94 Setting up libpthread-stubs0-dev:arm64 (0.4-1build3) ...
#9 26.95 Setting up libjbig0:arm64 (2.1-6.1ubuntu2) ...
#9 26.95 Setting up libpcre2-16-0:arm64 (10.42-4ubuntu2.1) ...
#9 26.95 Setting up libopengl0:arm64 (1.7.0-1build1) ...
#9 26.95 Setting up libelf1t64:arm64 (0.190-1.1ubuntu0.1) ...
#9 26.95 Setting up libpsl-dev:arm64 (0.21.2-1.1build1) ...
#9 26.96 Setting up liborc-0.4-0t64:arm64 (1:0.4.38-1ubuntu0.1) ...
#9 26.96 Setting up libkrb5support0:arm64 (1.20.1-6ubuntu2.10) ...
#9 26.96 Setting up libdw1t64:arm64 (0.190-1.1ubuntu0.1) ...
#9 26.96 Setting up libsasl2-modules-db:arm64 (2.1.28+dfsg1-5ubuntu3.1) ...
#9 26.96 Setting up tzdata (2026c-0ubuntu0.24.04.1) ...
#9 26.99 
#9 26.99 Current default time zone: 'Etc/UTC'
#9 27.00 Local time is now:      Thu Oct  8 22:12:53 UTC 2026.
#9 27.00 Universal Time is now:  Thu Oct  8 22:12:53 UTC 2026.
#9 27.00 Run 'dpkg-reconfigure tzdata' if you wish to change it.
#9 27.00 
#9 27.01 Setting up libcap2-bin (1:2.66-5ubuntu2.4) ...
#9 27.01 Setting up libxcb-present0:arm64 (1.15-1ubuntu2) ...
#9 27.01 Setting up libsysprof-capture-4-dev:arm64 (46.0-1build1) ...
#9 27.01 Setting up xtrans-dev (1.4.0-1) ...
#9 27.01 Setting up libwayland-bin (1.22.0-2.1build1) ...
#9 27.02 Setting up libgraphite2-dev:arm64 (1.3.14-2ubuntu0.24.04.1) ...
#9 27.02 Setting up libpcre2-32-0:arm64 (10.42-4ubuntu2.1) ...
#9 27.02 Setting up libglib2.0-0t64:arm64 (2.80.0-6ubuntu3.9) ...
#9 27.03 Setting up libglib2.0-data (2.80.0-6ubuntu3.9) ...
#9 27.03 Setting up libjavascriptcoregtk-4.1-0:arm64 (2.52.6-0ubuntu0.24.04.1) ...
#9 27.03 Setting up libgles2:arm64 (1.7.0-1build1) ...
#9 27.04 Setting up libexpat1-dev:arm64 (2.6.1-2ubuntu0.6) ...
#9 27.04 Setting up emacsen-common (3.0.5) ...
#9 27.05 Setting up libslang2:arm64 (2.3.3-3build2) ...
#9 27.05 Setting up libsqlite3-dev:arm64 (3.45.1-1ubuntu2.8) ...
#9 27.05 Setting up libx11-data (2:1.8.7-1build1) ...
#9 27.05 Setting up libepoxy0:arm64 (1.5.10-1build1) ...
#9 27.06 Setting up libxcb-sync1:arm64 (1.15-1ubuntu2) ...
#9 27.06 Setting up librtmp1:arm64 (2.4+20151223.gitfa8646d.1-2build7) ...
#9 27.06 Setting up uuid-dev:arm64 (2.39.3-9ubuntu6.6) ...
#9 27.07 Setting up libavahi-common-data:arm64 (0.8-13ubuntu6.2) ...
#9 27.07 Setting up libncurses6:arm64 (6.4+20240113-1ubuntu2.2) ...
#9 27.07 Setting up libgles1:arm64 (1.7.0-1build1) ...
#9 27.07 Setting up libfribidi0:arm64 (1.0.13-3build1) ...
#9 27.07 Setting up libopus0:arm64 (1.4-1build1) ...
#9 27.07 Setting up shared-mime-info (2.4-4) ...
#9 27.53 Setting up fonts-dejavu-mono (2.37-8) ...
#9 27.54 Setting up libssl-dev:arm64 (3.0.13-0ubuntu3.16) ...
#9 27.54 Setting up libpng16-16t64:arm64 (1.6.43-5ubuntu0.7) ...
#9 27.54 Setting up libvorbis0a:arm64 (1.3.7-1build3) ...
#9 27.54 Setting up libllvm20:arm64 (1:20.1.2-0ubuntu1~24.04.3) ...
#9 27.54 Setting up icu-devtools (74.2-1ubuntu3.1) ...
#9 27.55 Setting up fonts-dejavu-core (2.37-8) ...
#9 27.56 Setting up libdv4t64:arm64 (1.0.0-17.1build1) ...
#9 27.56 Setting up libsepol-dev:arm64 (3.5-2build1) ...
#9 27.57 Setting up gir1.2-glib-2.0:arm64 (2.80.0-6ubuntu3.9) ...
#9 27.57 Setting up libsensors5:arm64 (1:3.6.0-9build1) ...
#9 27.57 Setting up liblerc-dev:arm64 (4.0.0+ds-4ubuntu2) ...
#9 27.57 Setting up libk5crypto3:arm64 (1.20.1-6ubuntu2.10) ...
#9 27.57 Setting up libjpeg-turbo8:arm64 (2.1.5-2ubuntu2) ...
#9 27.58 Setting up libsasl2-2:arm64 (2.1.28+dfsg1-5ubuntu3.1) ...
#9 27.58 Setting up libvulkan1:arm64 (1.3.275.0-1build1) ...
#9 27.58 Setting up libwebp7:arm64 (1.3.2-0.4build3) ...
#9 27.58 Setting up liblzma-dev:arm64 (5.6.1+really5.4.5-1ubuntu0.3) ...
#9 27.58 Setting up zlib1g-dev:arm64 (1:1.3.dfsg-3.1ubuntu2.2) ...
#9 27.59 Setting up xdg-dbus-proxy (0.1.5-1ubuntu0.2) ...
#9 27.59 Setting up libpcre2-posix3:arm64 (10.42-4ubuntu2.1) ...
#9 27.59 Setting up libvpx9:arm64 (1.14.0-1ubuntu2.3) ...
#9 27.59 Setting up wayland-protocols (1.45-1~ubuntu0.24.04.2) ...
#9 27.59 Setting up libtag1v5:arm64 (1.13.1-1build1) ...
#9 27.59 Setting up libdatrie-dev:arm64 (0.2.13-3build1) ...
#9 27.60 Setting up libduktape207:arm64 (2.7.0+tests-0ubuntu3) ...
#9 27.60 Setting up gir1.2-glib-2.0-dev:arm64 (2.80.0-6ubuntu3.9) ...
#9 27.60 Setting up libasyncns0:arm64 (0.8-6build4) ...
#9 27.60 Setting up libxshmfence1:arm64 (1.3-1build5) ...
#9 27.60 Setting up at-spi2-common (2.52.0-1build1) ...
#9 27.61 Setting up libwavpack1:arm64 (5.6.0-1build1) ...
#9 27.61 Setting up libxcb-randr0:arm64 (1.15-1ubuntu2) ...
#9 27.61 Setting up dbus-session-bus-common (1.14.10-4ubuntu4.1) ...
#9 27.61 Setting up libxslt1.1:arm64 (1.1.39-0exp1ubuntu0.24.04.3) ...
#9 27.61 Setting up libx11-6:arm64 (2:1.8.7-1build1) ...
#9 27.62 Setting up libthai-data (0.1.29-2build1) ...
#9 27.62 Setting up xorg-sgml-doctools (1:1.11-1.1) ...
#9 27.62 Setting up netbase (6.4) ...
#9 27.63 Setting up sgml-base (1.31) ...
#9 27.64 Setting up libkrb5-3:arm64 (1.20.1-6ubuntu2.10) ...
#9 27.64 Setting up libflac12t64:arm64 (1.4.3+ds-2.1ubuntu2) ...
#9 27.64 Setting up libwayland-egl1:arm64 (1.22.0-2.1build1) ...
#9 27.64 Setting up libopengl-dev:arm64 (1.7.0-1build1) ...
#9 27.65 Setting up libhunspell-1.7-0:arm64 (1.7.2+really1.7.2-10build3) ...
#9 27.65 Setting up glib-networking-common (2.80.0-1build1) ...
#9 27.65 Setting up patchelf (0.18.0-1.1build1) ...
#9 27.65 Setting up dbus-system-bus-common (1.14.10-4ubuntu4.1) ...
#9 27.69 Setting up libsharpyuv-dev:arm64 (1.3.2-0.4build3) ...
#9 27.69 Setting up libwebpmux3:arm64 (1.3.2-0.4build3) ...
#9 27.69 Setting up libdeflate-dev:arm64 (1.19-1build1.1) ...
#9 27.69 Setting up libdrm-common (2.4.125-1ubuntu0.1~24.04.2) ...
#9 27.69 Setting up libxcomposite1:arm64 (1:0.4.5-1build3) ...
#9 27.70 Setting up libevdev2:arm64 (1.13.1+dfsg-1build1) ...
#9 27.70 Setting up readline-common (8.2-4build1) ...
#9 27.70 Setting up libicu-dev:arm64 (74.2-1ubuntu3.1) ...
#9 27.70 Setting up libldap2:arm64 (2.6.10+dfsg-0ubuntu0.24.04.1) ...
#9 27.71 Setting up iso-codes (4.16.0-1) ...
#9 27.71 Setting up dbus-bin (1.14.10-4ubuntu4.1) ...
#9 27.71 Setting up libbrotli-dev:arm64 (1.1.0-2build2) ...
#9 27.71 Setting up libgudev-1.0-0:arm64 (1:238-5ubuntu1) ...
#9 27.71 Setting up libsecret-common (0.21.4-1build3) ...
#9 27.72 Setting up libgstreamer1.0-0:arm64 (1.24.2-1ubuntu0.1) ...
#9 27.72 Setcap worked! gst-ptp-helper is not suid!
#9 27.72 Setting up libmp3lame0:arm64 (3.100-6build1) ...
#9 27.72 Setting up libvorbisenc2:arm64 (1.3.7-1build3) ...
#9 27.72 Setting up libaa1:arm64 (1.4p5-51.1) ...
#9 27.73 Setting up libiec61883-0:arm64 (1.2.0-6build1) ...
#9 27.73 Setting up libbz2-dev:arm64 (1.0.8-5.1ubuntu0.1) ...
#9 27.73 Setting up libxkbcommon0:arm64 (1.6.0-1build1) ...
#9 27.73 Setting up libwayland-client0:arm64 (1.22.0-2.1build1) ...
#9 27.73 Setting up libjpeg8:arm64 (8c-2ubuntu11) ...
#9 27.74 Setting up x11proto-dev (2023.2-1) ...
#9 27.74 Setting up libavc1394-0:arm64 (0.5.4-5build3) ...
#9 27.75 Setting up libxcb-dri3-0:arm64 (1.15-1ubuntu2) ...
#9 27.75 Setting up libblkid-dev:arm64 (2.39.3-9ubuntu6.6) ...
#9 27.75 Setting up libnghttp2-dev:arm64 (1.59.0-1ubuntu0.4) ...
#9 27.75 Setting up libx11-xcb1:arm64 (2:1.8.7-1build1) ...
#9 27.75 Setting up libice6:arm64 (2:1.0.10-1build3) ...
#9 27.76 Setting up session-migration (0.3.9build1) ...
#9 27.81 Created symlink /etc/systemd/user/graphical-session-pre.target.wants/session-migration.service → /usr/lib/systemd/user/session-migration.service.
#9 27.83 Setting up libjpeg-turbo8-dev:arm64 (2.1.5-2ubuntu2) ...
#9 27.83 Setting up libxdamage1:arm64 (1:1.1.6-1build1) ...
#9 27.83 Setting up libatk1.0-0t64:arm64 (2.52.0-1build1) ...
#9 27.83 Setting up libxau-dev:arm64 (1:1.0.9-1build6) ...
#9 27.83 Setting up libcaca0:arm64 (0.99.beta20-4ubuntu0.2) ...
#9 27.84 Setting up libv4lconvert0t64:arm64 (1.26.1-4build3) ...
#9 27.84 Setting up libpcre2-dev:arm64 (10.42-4ubuntu2.1) ...
#9 27.84 Setting up libxrender1:arm64 (1:0.9.10-1.1build1) ...
#9 27.84 Setting up libice-dev:arm64 (2:1.0.10-1build3) ...
#9 27.85 Setting up dictionaries-common (1.29.7) ...
#9 27.94 Setting up libgirepository-2.0-0:arm64 (2.80.0-6ubuntu3.9) ...
#9 27.94 Setting up gir1.2-atk-1.0:arm64 (2.52.0-1build1) ...
#9 27.94 Setting up libselinux1-dev:arm64 (3.5-2ubuntu2.1) ...
#9 27.94 Setting up fontconfig-config (2.15.0-1.1ubuntu2) ...
#9 28.00 Setting up libfribidi-dev:arm64 (1.0.13-3build1) ...
#9 28.00 Setting up libwebpdemux2:arm64 (1.3.2-0.4build3) ...
#9 28.00 Setting up libdbusmenu-glib4:arm64 (18.10.20180917~bzr492+repack1-3.1ubuntu5) ...
#9 28.01 Setting up libmanette-0.2-0:arm64 (0.2.7-1build2) ...
#9 28.01 Setting up libxkbcommon-dev:arm64 (1.6.0-1build1) ...
#9 28.01 Setting up libpng-dev:arm64 (1.6.43-5ubuntu0.7) ...
#9 28.01 Setting up libavahi-common3:arm64 (0.8-13ubuntu6.2) ...
#9 28.01 Setting up libjbig-dev:arm64 (2.1-6.1ubuntu2) ...
#9 28.02 Setting up libxext6:arm64 (2:1.3.4-1build2) ...
#9 28.02 Setting up libglib2.0-bin (2.80.0-6ubuntu3.9) ...
#9 28.02 Setting up dbus-daemon (1.14.10-4ubuntu4.1) ...
#9 28.02 Setting up libcolord2:arm64 (1.4.7-1build2) ...
#9 28.03 Setting up gir1.2-javascriptcoregtk-4.1:arm64 (2.52.6-0ubuntu0.24.04.1) ...
#9 28.03 Setting up libxxf86vm1:arm64 (1:1.1.4-1build4) ...
#9 28.03 Setting up libdconf1:arm64 (0.40.0-4ubuntu0.1) ...
#9 28.03 Setting up libthai0:arm64 (0.1.29-2build1) ...
#9 28.03 Setting up libxdmcp-dev:arm64 (1:1.1.3-0ubuntu6) ...
#9 28.04 Setting up libsecret-1-0:arm64 (0.21.4-1build3) ...
#9 28.04 Setting up libwebp-dev:arm64 (1.3.2-0.4build3) ...
#9 28.04 Setting up libfreetype6:arm64 (2.13.2+dfsg-1ubuntu0.2) ...
#9 28.04 Setting up libxfixes3:arm64 (1:6.0.0-2build1) ...
#9 28.04 Setting up dbus (1.14.10-4ubuntu4.1) ...
#9 28.05 Setting up libxinerama1:arm64 (2:1.1.4-3build1) ...
#9 28.05 Setting up libgssapi-krb5-2:arm64 (1.20.1-6ubuntu2.10) ...
#9 28.06 Setting up libxrandr2:arm64 (2:1.5.2-2build1) ...
#9 28.06 Setting up libssh-4:arm64 (0.10.6-2ubuntu0.5) ...
#9 28.06 Setting up libreadline8t64:arm64 (8.2-4build1) ...
#9 28.06 Setting up libthai-dev:arm64 (0.1.29-2build1) ...
#9 28.06 Setting up libv4l-0t64:arm64 (1.26.1-4build3) ...
#9 28.06 Setting up libdrm2:arm64 (2.4.125-1ubuntu0.1~24.04.2) ...
#9 28.07 Setting up libtiff6:arm64 (4.5.1+git230720-4ubuntu2.5) ...
#9 28.07 Setting up libwayland-cursor0:arm64 (1.22.0-2.1build1) ...
#9 28.07 Setting up xml-core (0.19) ...
#9 28.13 Setting up hunspell-en-us (1:2020.12.07-2) ...
#9 28.14 Setting up libpam-systemd:arm64 (255.4-1ubuntu8.17) ...
#9 28.19 Setting up libharfbuzz0b:arm64 (8.3.0-2build2) ...
#9 28.19 Setting up libgdk-pixbuf-2.0-0:arm64 (2.42.10+dfsg-3ubuntu3.3) ...
#9 28.20 Setting up libfontconfig1:arm64 (2.15.0-1.1ubuntu2) ...
#9 28.20 Setting up libsndfile1:arm64 (1.2.2-1ubuntu5.24.04.1) ...
#9 28.20 Setting up libjpeg8-dev:arm64 (8c-2ubuntu11) ...
#9 28.21 Setting up libtiffxx6:arm64 (4.5.1+git230720-4ubuntu2.5) ...
#9 28.21 Setting up libsm6:arm64 (2:1.2.3-1build3) ...
#9 28.21 Setting up libavahi-client3:arm64 (0.8-13ubuntu6.2) ...
#9 28.21 Setting up libmount-dev:arm64 (2.39.3-9ubuntu6.6) ...
#9 28.21 Setting up libdrm-amdgpu1:arm64 (2.4.125-1ubuntu0.1~24.04.2) ...
#9 28.21 Setting up gtk-update-icon-cache (3.24.41-4ubuntu1.3) ...
#9 28.22 Setting up mesa-libgallium:arm64 (25.2.8-0ubuntu0.24.04.4) ...
#9 28.22 Setting up fontconfig (2.15.0-1.1ubuntu2) ...
#9 28.22 Regenerating fonts cache... done.
#9 30.25 Setting up libxft2:arm64 (2.3.6-1build1) ...
#9 30.26 Setting up libharfbuzz-icu0:arm64 (8.3.0-2build2) ...
#9 30.26 Setting up libxcb1-dev:arm64 (1.15-1ubuntu2) ...
#9 30.27 Setting up libpython3.12-stdlib:arm64 (3.12.3-1ubuntu0.17) ...
#9 30.27 Setting up gir1.2-dbusmenu-glib-0.4:arm64 (18.10.20180917~bzr492+repack1-3.1ubuntu5) ...
#9 30.27 Setting up libxi6:arm64 (2:1.8.1-1build1) ...
#9 30.27 Setting up gir1.2-gdkpixbuf-2.0:arm64 (2.42.10+dfsg-3ubuntu3.3) ...
#9 30.28 Setting up libgbm1:arm64 (25.2.8-0ubuntu0.24.04.4) ...
#9 30.28 Setting up libpulse0:arm64 (1:16.1+dfsg1-2ubuntu10.1) ...
#9 30.28 Setting up libenchant-2-2:arm64 (2.3.3-2build2) ...
#9 30.29 Setting up libsm-dev:arm64 (2:1.2.3-1build3) ...
#9 30.29 Setting up libxtst6:arm64 (2:1.2.3-1.1build1) ...
#9 30.29 Setting up python3.12 (3.12.3-1ubuntu0.17) ...
#9 30.70 Setting up libxcursor1:arm64 (1:1.2.1-1build1) ...
#9 30.71 Setting up libpango-1.0-0:arm64 (1.52.1+ds-1build1) ...
#9 30.71 Setting up libgl1-mesa-dri:arm64 (25.2.8-0ubuntu0.24.04.4) ...
#9 30.71 Setting up libjpeg-dev:arm64 (8c-2ubuntu11) ...
#9 30.71 Setting up libx11-dev:arm64 (2:1.8.7-1build1) ...
#9 30.72 Setting up libcurl3t64-gnutls:arm64 (8.5.0-2ubuntu10.15) ...
#9 30.72 Setting up libgstreamer-plugins-base1.0-0:arm64 (1.24.2-1ubuntu0.5) ...
#9 30.72 Setting up libharfbuzz-gobject0:arm64 (8.3.0-2build2) ...
#9 30.72 Setting up libwayland-dev:arm64 (1.22.0-2.1build1) ...
#9 30.73 Setting up libcairo2:arm64 (1.18.0-3build1) ...
#9 30.73 Setting up libgbm-dev:arm64 (25.2.8-0ubuntu0.24.04.4) ...
#9 30.73 Setting up libfreetype-dev:arm64 (2.13.2+dfsg-1ubuntu0.2) ...
#9 30.73 Setting up libxfixes-dev:arm64 (1:6.0.0-2build1) ...
#9 30.73 Setting up libxcb-shm0-dev:arm64 (1.15-1ubuntu2) ...
#9 30.74 Setting up dbus-user-session (1.14.10-4ubuntu4.1) ...
#9 30.74 Setting up libgstreamer-plugins-good1.0-0:arm64 (1.24.2-1ubuntu1.8) ...
#9 30.74 Setting up libegl-mesa0:arm64 (25.2.8-0ubuntu0.24.04.4) ...
#9 30.74 Setting up libharfbuzz-cairo0:arm64 (8.3.0-2build2) ...
#9 30.75 Setting up libtiff-dev:arm64 (4.5.1+git230720-4ubuntu2.5) ...
#9 30.75 Setting up libatspi2.0-0t64:arm64 (2.52.0-1build1) ...
#9 30.75 Setting up libxcb-render0-dev:arm64 (1.15-1ubuntu2) ...
#9 30.75 Setting up libdbusmenu-glib-dev:arm64 (18.10.20180917~bzr492+repack1-3.1ubuntu5) ...
#9 30.75 Setting up libxext-dev:arm64 (2:1.3.4-1build2) ...
#9 30.76 Setting up libgdk-pixbuf2.0-bin (2.42.10+dfsg-3ubuntu3.3) ...
#9 30.76 Setting up libtheora0:arm64 (1.1.1+dfsg.1-16.1build3) ...
#9 30.76 Setting up libegl1:arm64 (1.7.0-1build1) ...
#9 30.76 Setting up libharfbuzz-subset0:arm64 (8.3.0-2build2) ...
#9 30.76 Setting up libcairo-gobject2:arm64 (1.18.0-3build1) ...
#9 30.77 Setting up libpangoft2-1.0-0:arm64 (1.52.1+ds-1build1) ...
#9 30.77 Setting up libxi-dev:arm64 (2:1.8.1-1build1) ...
#9 30.77 Setting up libxrender-dev:arm64 (1:0.9.10-1.1build1) ...
#9 30.77 Setting up libcups2t64:arm64 (2.4.7-1.2ubuntu7.14) ...
#9 30.78 Setting up libpangocairo-1.0-0:arm64 (1.52.1+ds-1build1) ...
#9 30.78 Setting up libpython3-stdlib:arm64 (3.12.3-0ubuntu2.1) ...
#9 30.78 Setting up libxtst-dev:arm64 (2:1.2.3-1.1build1) ...
#9 30.78 Setting up libxdamage-dev:arm64 (1:1.1.6-1build1) ...
#9 30.78 Setting up libcairo-script-interpreter2:arm64 (1.18.0-3build1) ...
#9 30.79 Setting up libatk-bridge2.0-0t64:arm64 (2.52.0-1build1) ...
#9 30.79 Setting up libproxy1v5:arm64 (0.5.4-4build1) ...
#9 30.79 Setting up gir1.2-freedesktop:arm64 (1.80.1-1) ...
#9 30.79 Setting up libglx-mesa0:arm64 (25.2.8-0ubuntu0.24.04.4) ...
#9 30.80 Setting up libpangoxft-1.0-0:arm64 (1.52.1+ds-1build1) ...
#9 30.80 Setting up libglx0:arm64 (1.7.0-1build1) ...
#9 30.80 Setting up libfontconfig-dev:arm64 (2.15.0-1.1ubuntu2) ...
#9 30.80 Setting up libxcomposite-dev:arm64 (1:0.4.5-1build3) ...
#9 30.80 Setting up libxcursor-dev:arm64 (1:1.2.1-1build1) ...
#9 30.81 Setting up pango1.0-tools (1.52.1+ds-1build1) ...
#9 30.81 Setting up dconf-service (0.40.0-4ubuntu0.1) ...
#9 30.81 Setting up python3 (3.12.3-0ubuntu2.1) ...
#9 30.94 Setting up gir1.2-atspi-2.0:arm64 (2.52.0-1build1) ...
#9 30.94 Setting up gir1.2-harfbuzz-0.0:arm64 (8.3.0-2build2) ...
#9 30.94 Setting up librsvg2-2:arm64 (2.58.0+dfsg-1ubuntu0.1) ...
#9 30.95 Setting up gir1.2-pango-1.0:arm64 (1.52.1+ds-1build1) ...
#9 30.95 Setting up libxrandr-dev:arm64 (2:1.5.2-2build1) ...
#9 30.95 Setting up python3-packaging (24.0-1) ...
#9 31.00 Setting up gstreamer1.0-plugins-base:arm64 (1.24.2-1ubuntu0.5) ...
#9 31.01 Setting up libgl1:arm64 (1.7.0-1build1) ...
#9 31.01 Setting up gir1.2-freedesktop-dev:arm64 (1.80.1-1) ...
#9 31.01 Setting up libshout3:arm64 (2.4.6-1build2) ...
#9 31.01 Setting up libxinerama-dev:arm64 (2:1.1.4-3build1) ...
#9 31.02 Setting up librsvg2-common:arm64 (2.58.0+dfsg-1ubuntu0.1) ...
#9 31.02 Setting up libglx-dev:arm64 (1.7.0-1build1) ...
#9 31.02 Setting up gir1.2-rsvg-2.0:arm64 (2.58.0+dfsg-1ubuntu0.1) ...
#9 31.03 Setting up libgl-dev:arm64 (1.7.0-1build1) ...
#9 31.03 Setting up libxft-dev:arm64 (2.3.6-1build1) ...
#9 31.03 Setting up libglib2.0-dev-bin (2.80.0-6ubuntu3.9) ...
#9 31.08 Setting up glib-networking-services (2.80.0-1build1) ...
#9 31.08 Setting up dconf-gsettings-backend:arm64 (0.40.0-4ubuntu0.1) ...
#9 31.08 Setting up libegl-dev:arm64 (1.7.0-1build1) ...
#9 31.08 Setting up libepoxy-dev:arm64 (1.5.10-1build1) ...
#9 31.09 Setting up libgstreamer-gl1.0-0:arm64 (1.24.2-1ubuntu0.5) ...
#9 31.09 Setting up libglib2.0-dev:arm64 (2.80.0-6ubuntu3.9) ...
#9 31.09 Setting up libcairo2-dev:arm64 (1.18.0-3build1) ...
#9 31.10 Setting up libgles-dev:arm64 (1.7.0-1build1) ...
#9 31.10 Setting up libjavascriptcoregtk-4.1-dev:arm64 (2.52.6-0ubuntu0.24.04.1) ...
#9 31.10 Setting up libgtk-3-common (3.24.41-4ubuntu1.3) ...
#9 31.11 Setting up libatk1.0-dev:arm64 (2.52.0-1build1) ...
#9 31.11 Setting up libgdk-pixbuf-2.0-dev:arm64 (2.42.10+dfsg-3ubuntu3.3) ...
#9 31.11 Setting up gsettings-desktop-schemas (46.1-0ubuntu1) ...
#9 31.12 Setting up libharfbuzz-dev:arm64 (8.3.0-2build2) ...
#9 31.13 Setting up libglvnd-dev:arm64 (1.7.0-1build1) ...
#9 31.13 Setting up libpango1.0-dev:arm64 (1.52.1+ds-1build1) ...
#9 31.13 Setting up librsvg2-dev:arm64 (2.58.0+dfsg-1ubuntu0.1) ...
#9 31.13 Setting up glib-networking:arm64 (2.80.0-1build1) ...
#9 31.14 Setting up libegl1-mesa-dev:arm64 (25.2.8-0ubuntu0.24.04.4) ...
#9 31.14 Setting up libsoup-3.0-0:arm64 (3.4.4-5ubuntu0.9) ...
#9 31.14 Setting up gir1.2-soup-3.0:arm64 (3.4.4-5ubuntu0.9) ...
#9 31.15 Setting up gstreamer1.0-plugins-good:arm64 (1.24.2-1ubuntu1.8) ...
#9 31.15 Setting up libsoup-3.0-dev:arm64 (3.4.4-5ubuntu0.9) ...
#9 31.16 Setting up adwaita-icon-theme (46.0-1) ...
#9 31.17 update-alternatives: using /usr/share/icons/Adwaita/cursor.theme to provide /usr/share/icons/default/index.theme (x-cursor-theme) in auto mode
#9 31.17 Setting up libgtk-3-0t64:arm64 (3.24.41-4ubuntu1.3) ...
#9 31.18 Setting up libwebkit2gtk-4.1-0:arm64 (2.52.6-0ubuntu0.24.04.1) ...
#9 31.19 Setting up libdbusmenu-gtk3-4:arm64 (18.10.20180917~bzr492+repack1-3.1ubuntu5) ...
#9 31.20 Setting up gir1.2-gtk-3.0:arm64 (3.24.41-4ubuntu1.3) ...
#9 31.20 Setting up libayatana-ido3-0.4-0:arm64 (0.10.1-1build2) ...
#9 31.20 Setting up humanity-icon-theme (0.6.16) ...
#9 31.26 Setting up gir1.2-ayatanaido3-0.4:arm64 (0.10.1-1build2) ...
#9 31.27 Setting up libayatana-indicator3-7:arm64 (0.9.4-1build1) ...
#9 31.27 Setting up gir1.2-webkit2-4.1:arm64 (2.52.6-0ubuntu0.24.04.1) ...
#9 31.27 Setting up ubuntu-mono (24.04-0ubuntu1) ...
#9 31.29 Setting up libayatana-appindicator3-1 (0.5.93-1build3) ...
#9 31.30 Setting up gir1.2-ayatanaappindicator3-0.1 (0.5.93-1build3) ...
#9 31.31 Processing triggers for libc-bin (2.39-0ubuntu8.9) ...
#9 31.37 Processing triggers for sgml-base (1.31) ...
#9 31.37 Setting up libdbus-1-dev:arm64 (1.14.10-4ubuntu4.1) ...
#9 31.44 Setting up libatspi2.0-dev:arm64 (2.52.0-1build1) ...
#9 31.45 Setting up libatk-bridge2.0-dev:arm64 (2.52.0-1build1) ...
#9 31.45 Setting up libgtk-3-dev:arm64 (3.24.41-4ubuntu1.3) ...
#9 31.46 Setting up libayatana-ido3-dev (0.10.1-1build2) ...
#9 31.46 Setting up libayatana-indicator3-dev (0.9.4-1build1) ...
#9 31.47 Setting up libwebkit2gtk-4.1-dev (2.52.6-0ubuntu0.24.04.1) ...
#9 31.47 Setting up libayatana-appindicator3-dev (0.5.93-1build3) ...
#9 31.47 Processing triggers for dictionaries-common (1.29.7) ...
#9 31.55 Processing triggers for libgdk-pixbuf-2.0-0:arm64 (2.42.10+dfsg-3ubuntu3.3) ...
#9 DONE 32.3s

#10 [stage-0 5/5] WORKDIR /workspace
#10 DONE 0.1s

#11 exporting to image
#11 exporting layers
#11 exporting layers 13.0s done
#11 exporting manifest sha256:424e9e2084e2073da51ed65f059d93039e7baaf88f31b52f5f7ae166feb0b49a done
#11 exporting config sha256:936b4a6a8e522542b65d9cccbc906607cff1ff129d6fe8ab0cc42ff443b98c2c done
#11 exporting attestation manifest sha256:c705bc7fec9c75985b3b68d2373a59db20457e61eae30fdc8ed4e972ff9dec8b done
#11 exporting manifest list sha256:20ba68a743aeed0c9bc36065a732937e4fee1501770f8f54655d4cd7f536e495 done
#11 naming to docker.io/library/glassboard-ubuntu24-ci-check:local done
#11 unpacking to docker.io/library/glassboard-ubuntu24-ci-check:local
#11 unpacking to docker.io/library/glassboard-ubuntu24-ci-check:local 3.2s done
#11 DONE 16.3s

View build details: docker-desktop://dashboard/build/desktop-linux/desktop-linux/zi64ng4oejhxbujdrj6z195ow
