#0 building with "desktop-linux" instance using docker driver

#1 [internal] load build definition from Dockerfile
#1 transferring dockerfile: 1.55kB done
#1 DONE 0.0s

#2 [internal] load metadata for docker.io/library/rust:1.93.0-bookworm
#2 ...

#3 [internal] load metadata for docker.io/library/ubuntu:24.04
#3 DONE 0.5s

#2 [internal] load metadata for docker.io/library/rust:1.93.0-bookworm
#2 DONE 0.6s

#4 [internal] load metadata for docker.io/library/node:24-bookworm
#4 DONE 0.6s

#5 [internal] load .dockerignore
#5 transferring context: 2B done
#5 DONE 0.0s

#6 [node 1/1] FROM docker.io/library/node:24-bookworm@sha256:3d27e5c11e5786e309ec3e03f93ae536eb36e6e5eb3714d5eb3300a36157add0
#6 resolve docker.io/library/node:24-bookworm@sha256:3d27e5c11e5786e309ec3e03f93ae536eb36e6e5eb3714d5eb3300a36157add0 done
#6 DONE 0.0s

#7 [stage-2 1/8] FROM docker.io/library/ubuntu:24.04@sha256:534baea6a22c03a63003dbc8dbe78fe34bc0d7e595d9a9dc9834884ff530eb55
#7 resolve docker.io/library/ubuntu:24.04@sha256:534baea6a22c03a63003dbc8dbe78fe34bc0d7e595d9a9dc9834884ff530eb55 done
#7 DONE 0.0s

#8 [rust 1/1] FROM docker.io/library/rust:1.93.0-bookworm@sha256:d0a4aa3ca2e1088ac0c81690914a0d810f2eee188197034edf366ed010a2b382
#8 resolve docker.io/library/rust:1.93.0-bookworm@sha256:d0a4aa3ca2e1088ac0c81690914a0d810f2eee188197034edf366ed010a2b382 done
#8 CACHED

#9 [stage-2 2/8] COPY --from=rust /usr/local/cargo/bin /usr/local/cargo/bin
#9 CACHED

#10 [stage-2 3/8] COPY --from=rust /usr/local/rustup /usr/local/rustup
#10 ...

#6 [node 1/1] FROM docker.io/library/node:24-bookworm@sha256:3d27e5c11e5786e309ec3e03f93ae536eb36e6e5eb3714d5eb3300a36157add0
#6 CACHED

#10 [stage-2 3/8] COPY --from=rust /usr/local/rustup /usr/local/rustup
#10 DONE 0.3s

#11 [stage-2 4/8] COPY --from=node /usr/local/bin/node /usr/local/bin/node
#11 DONE 0.2s

#12 [stage-2 5/8] COPY --from=node /usr/local/lib/node_modules /usr/local/lib/node_modules
#12 DONE 0.3s

#13 [stage-2 6/8] RUN ln -s ../lib/node_modules/npm/bin/npm-cli.js /usr/local/bin/npm     && ln -s ../lib/node_modules/npm/bin/npx-cli.js /usr/local/bin/npx     && apt-get update     && DEBIAN_FRONTEND=noninteractive apt-get install -y --no-install-recommends        build-essential curl git        libwebkit2gtk-4.1-dev libayatana-appindicator3-dev librsvg2-dev libxdo-dev        libclang-dev libxcb1-dev libxrandr-dev libdbus-1-dev libpipewire-0.3-dev        libwayland-dev libegl-dev libgbm-dev libssl-dev pkg-config patchelf ca-certificates        xvfb xauth openbox xcompmgr xfce4-panel xfconf dbus-x11        xdotool wmctrl xclip x11-utils x11-xserver-utils scrot        python3 python3-pil python3-gi python3-gi-cairo gir1.2-gtk-3.0 gir1.2-atspi-2.0        at-spi2-core gsettings-desktop-schemas     && rm -rf /var/lib/apt/lists/*
#13 0.314 Get:1 http://ports.ubuntu.com/ubuntu-ports noble InRelease [256 kB]
#13 0.857 Get:2 http://ports.ubuntu.com/ubuntu-ports noble-updates InRelease [126 kB]
#13 0.993 Get:3 http://ports.ubuntu.com/ubuntu-ports noble-backports InRelease [126 kB]
#13 1.573 Get:4 http://ports.ubuntu.com/ubuntu-ports noble-security InRelease [126 kB]
#13 1.694 Get:5 http://ports.ubuntu.com/ubuntu-ports noble/universe arm64 Packages [19.0 MB]
#13 5.702 Get:6 http://ports.ubuntu.com/ubuntu-ports noble/main arm64 Packages [1776 kB]
#13 5.892 Get:7 http://ports.ubuntu.com/ubuntu-ports noble/multiverse arm64 Packages [274 kB]
#13 5.899 Get:8 http://ports.ubuntu.com/ubuntu-ports noble/restricted arm64 Packages [113 kB]
#13 5.905 Get:9 http://ports.ubuntu.com/ubuntu-ports noble-updates/restricted arm64 Packages [3185 kB]
#13 6.193 Get:10 http://ports.ubuntu.com/ubuntu-ports noble-updates/universe arm64 Packages [2212 kB]
#13 6.388 Get:11 http://ports.ubuntu.com/ubuntu-ports noble-updates/multiverse arm64 Packages [110 kB]
#13 6.397 Get:12 http://ports.ubuntu.com/ubuntu-ports noble-updates/main arm64 Packages [1762 kB]
#13 6.941 Get:13 http://ports.ubuntu.com/ubuntu-ports noble-backports/multiverse arm64 Packages [671 B]
#13 6.941 Get:14 http://ports.ubuntu.com/ubuntu-ports noble-backports/main arm64 Packages [49.0 kB]
#13 6.941 Get:15 http://ports.ubuntu.com/ubuntu-ports noble-backports/universe arm64 Packages [36.3 kB]
#13 6.944 Get:16 http://ports.ubuntu.com/ubuntu-ports noble-security/main arm64 Packages [1447 kB]
#13 6.997 Get:17 http://ports.ubuntu.com/ubuntu-ports noble-security/universe arm64 Packages [1636 kB]
#13 7.074 Get:18 http://ports.ubuntu.com/ubuntu-ports noble-security/multiverse arm64 Packages [91.7 kB]
#13 7.083 Get:19 http://ports.ubuntu.com/ubuntu-ports noble-security/restricted arm64 Packages [3005 kB]
#13 7.501 Fetched 35.4 MB in 7s (4791 kB/s)
#13 7.501 Reading package lists...
#13 7.920 Reading package lists...
#13 8.359 Building dependency tree...
#13 8.466 Reading state information...
#13 8.593 The following additional packages will be installed:
#13 8.593   adwaita-icon-theme at-spi2-common binutils binutils-aarch64-linux-gnu
#13 8.593   binutils-common bubblewrap bzip2 cpp cpp-13 cpp-13-aarch64-linux-gnu
#13 8.593   cpp-aarch64-linux-gnu dbus-bin dbus-daemon dbus-session-bus-common
#13 8.593   dconf-gsettings-backend dconf-service dictionaries-common dpkg-dev
#13 8.593   emacsen-common exo-utils fontconfig fontconfig-config fonts-dejavu-core
#13 8.593   fonts-dejavu-mono fonts-urw-base35 g++ g++-13 g++-13-aarch64-linux-gnu
#13 8.593   g++-aarch64-linux-gnu gcc gcc-13 gcc-13-aarch64-linux-gnu gcc-13-base
#13 8.593   gcc-aarch64-linux-gnu gir1.2-atk-1.0 gir1.2-ayatanaappindicator3-0.1
#13 8.593   gir1.2-ayatanaido3-0.4 gir1.2-dbusmenu-glib-0.4 gir1.2-freedesktop
#13 8.593   gir1.2-freedesktop-dev gir1.2-gdkpixbuf-2.0 gir1.2-girepository-2.0
#13 8.593   gir1.2-glib-2.0 gir1.2-glib-2.0-dev gir1.2-harfbuzz-0.0
#13 8.593   gir1.2-javascriptcoregtk-4.1 gir1.2-pango-1.0 gir1.2-rsvg-2.0
#13 8.593   gir1.2-soup-3.0 gir1.2-webkit2-4.1 git-man glib-networking
#13 8.593   glib-networking-common glib-networking-services gstreamer1.0-plugins-base
#13 8.593   gstreamer1.0-plugins-good gtk-update-icon-cache hicolor-icon-theme
#13 8.593   humanity-icon-theme hunspell-en-us icu-devtools iso-codes libaa1 libaom3
#13 8.593   libapparmor1 libasan8 libasound2-data libasound2t64 libaspell15 libasyncns0
#13 8.593   libatk-bridge2.0-0t64 libatk-bridge2.0-dev libatk1.0-0t64 libatk1.0-dev
#13 8.593   libatomic1 libatspi2.0-0t64 libatspi2.0-dev libavahi-client3
#13 8.593   libavahi-common-data libavahi-common3 libavc1394-0
#13 8.593   libayatana-appindicator3-1 libayatana-ido3-0.4-0 libayatana-ido3-dev
#13 8.593   libayatana-indicator3-7 libayatana-indicator3-dev libbinutils libblkid-dev
#13 8.593   libbrotli-dev libbrotli1 libbsd0 libbz2-dev libc-dev-bin libc6-dev libcaca0
#13 8.593   libcairo-gobject2 libcairo-script-interpreter2 libcairo2 libcairo2-dev
#13 8.594   libcap2-bin libcc1-0 libcdparanoia0 libclang-18-dev libclang-common-18-dev
#13 8.594   libclang1-18 libcolord2 libcrypt-dev libctf-nobfd0 libctf0 libcups2t64
#13 8.594   libcurl3t64-gnutls libcurl4t64 libdatrie-dev libdatrie1 libdbus-1-3
#13 8.594   libdbusmenu-glib-dev libdbusmenu-glib4 libdbusmenu-gtk3-4 libdconf1
#13 8.594   libdeflate-dev libdeflate0 libdpkg-perl libdrm-amdgpu1 libdrm-common libdrm2
#13 8.594   libduktape207 libdv4t64 libdw1t64 libedit2 libegl-mesa0 libegl1
#13 8.594   libegl1-mesa-dev libelf1t64 libenchant-2-2 libepoxy-dev libepoxy0
#13 8.594   liberror-perl libevdev2 libexo-2-0 libexo-common libexpat1 libexpat1-dev
#13 8.594   libffi-dev libflac12t64 libfontconfig-dev libfontconfig1 libfontenc1
#13 8.594   libfreetype-dev libfreetype6 libfribidi-dev libfribidi0 libgarcon-1-0
#13 8.594   libgarcon-common libgarcon-gtk3-1-0 libgbm1 libgc1 libgcc-13-dev
#13 8.594   libgdbm-compat4t64 libgdbm6t64 libgdk-pixbuf-2.0-0 libgdk-pixbuf-2.0-dev
#13 8.594   libgdk-pixbuf2.0-bin libgdk-pixbuf2.0-common libgif7 libgirepository-1.0-1
#13 8.594   libgirepository-2.0-0 libgl-dev libgl1 libgl1-mesa-dri libgles-dev libgles1
#13 8.594   libgles2 libglib2.0-0t64 libglib2.0-bin libglib2.0-data libglib2.0-dev
#13 8.594   libglib2.0-dev-bin libglvnd-core-dev libglvnd-dev libglvnd0 libglx-dev
#13 8.594   libglx-mesa0 libglx0 libgomp1 libgpm2 libgprofng0 libgraphite2-3
#13 8.594   libgraphite2-dev libgs-common libgs10 libgs10-common libgssapi-krb5-2
#13 8.594   libgstreamer-gl1.0-0 libgstreamer-plugins-base1.0-0
#13 8.594   libgstreamer-plugins-good1.0-0 libgstreamer1.0-0 libgtk-3-0t64
#13 8.594   libgtk-3-common libgtk-3-dev libgudev-1.0-0 libharfbuzz-cairo0
#13 8.594   libharfbuzz-dev libharfbuzz-gobject0 libharfbuzz-icu0 libharfbuzz-subset0
#13 8.594   libharfbuzz0b libheif-plugin-aomdec libheif1 libhunspell-1.7-0 libhwasan0
#13 8.594   libhwy1t64 libhyphen0 libice-dev libice6 libicu-dev libicu74 libid3tag0
#13 8.594   libidn12 libiec61883-0 libijs-0.35 libimagequant0 libimlib2t64 libisl23
#13 8.594   libitm1 libjansson4 libjavascriptcoregtk-4.1-0 libjavascriptcoregtk-4.1-dev
#13 8.594   libjbig-dev libjbig0 libjbig2dec0 libjpeg-dev libjpeg-turbo8
#13 8.594   libjpeg-turbo8-dev libjpeg8 libjpeg8-dev libjxl0.7 libk5crypto3 libkeyutils1
#13 8.594   libkrb5-3 libkrb5support0 liblcms2-2 libldap2 liblerc-dev liblerc4 libllvm18
#13 8.594   libllvm20 liblsan0 liblzma-dev liblzo2-2 libmanette-0.2-0 libmount-dev
#13 8.594   libmp3lame0 libmpc3 libmpfr6 libmpg123-0t64 libncurses6 libnghttp2-14
#13 8.594   libnghttp2-dev libobjc-13-dev libobjc4 libobrender32v5 libobt2v5 libogg0
#13 8.594   libopengl-dev libopengl0 libopenjp2-7 libopus0 liborc-0.4-0t64
#13 8.594   libpango-1.0-0 libpango1.0-dev libpangocairo-1.0-0 libpangoft2-1.0-0
#13 8.594   libpangoxft-1.0-0 libpaper1 libpcre2-16-0 libpcre2-32-0 libpcre2-dev
#13 8.594   libpcre2-posix3 libperl5.38t64 libpipewire-0.3-0t64 libpixman-1-0
#13 8.594   libpixman-1-dev libpkgconf3 libpng-dev libpng16-16t64 libproxy1v5 libpsl-dev
#13 8.594   libpsl5t64 libpthread-stubs0-dev libpulse0 libpython3-stdlib
#13 8.594   libpython3.12-minimal libpython3.12-stdlib libraqm0 libraw1394-11
#13 8.594   libreadline8t64 librsvg2-2 librsvg2-common librtmp1 libsasl2-2
#13 8.594   libsasl2-modules-db libsecret-1-0 libsecret-common libselinux1-dev
#13 8.594   libsensors-config libsensors5 libsepol-dev libsframe1 libsharpyuv-dev
#13 8.594   libsharpyuv0 libshout3 libslang2 libsm-dev libsm6 libsndfile1 libsoup-3.0-0
#13 8.594   libsoup-3.0-common libsoup-3.0-dev libspa-0.2-dev libspa-0.2-modules
#13 8.594   libspectre1 libspeex1 libsqlite3-0 libsqlite3-dev libssh-4 libssl3t64
#13 8.594   libstartup-notification0 libstdc++-13-dev libsysprof-capture-4-dev libtag1v5
#13 8.594   libtag1v5-vanilla libtext-iconv-perl libthai-data libthai-dev libthai0
#13 8.594   libtheora0 libtiff-dev libtiff6 libtiffxx6 libtsan2 libtwolame0 libubsan1
#13 8.594   libunwind8 libv4l-0t64 libv4lconvert0t64 libvisual-0.4-0 libvorbis0a
#13 8.594   libvorbisenc2 libvpx9 libvulkan1 libwavpack1 libwayland-bin
#13 8.594   libwayland-client0 libwayland-cursor0 libwayland-egl1 libwayland-server0
#13 8.594   libwebkit2gtk-4.1-0 libwebp-dev libwebp7 libwebpdecoder3 libwebpdemux2
#13 8.594   libwebpmux3 libwebrtc-audio-processing1 libwnck-3-0 libwnck-3-common
#13 8.594   libx11-6 libx11-data libx11-dev libx11-xcb1 libxau-dev libxau6 libxaw7
#13 8.594   libxcb-dri3-0 libxcb-glx0 libxcb-present0 libxcb-randr0 libxcb-render0
#13 8.594   libxcb-render0-dev libxcb-shape0 libxcb-shm0 libxcb-shm0-dev libxcb-sync1
#13 8.594   libxcb-util1 libxcb-xfixes0 libxcb1 libxcomposite-dev libxcomposite1
#13 8.594   libxcursor-dev libxcursor1 libxdamage-dev libxdamage1 libxdmcp-dev libxdmcp6
#13 8.594   libxdo3 libxext-dev libxext6 libxfce4panel-2.0-4 libxfce4ui-2-0
#13 8.594   libxfce4ui-common libxfce4util-common libxfce4util7 libxfconf-0-3
#13 8.594   libxfixes-dev libxfixes3 libxfont2 libxft-dev libxft2 libxi-dev libxi6
#13 8.594   libxinerama-dev libxinerama1 libxkbcommon-dev libxkbcommon0 libxkbfile1
#13 8.594   libxml2 libxmu6 libxmuu1 libxpm4 libxrandr2 libxrender-dev libxrender1
#13 8.594   libxres1 libxshmfence1 libxslt1.1 libxt6t64 libxtst-dev libxtst6 libxv1
#13 8.594   libxxf86dga1 libxxf86vm1 libzstd-dev linux-libc-dev lto-disabled-list make
#13 8.594   media-types mesa-libgallium netbase openssl pango1.0-tools patch perl
#13 8.594   perl-modules-5.38 pkgconf pkgconf-bin poppler-data python3-cairo
#13 8.594   python3-minimal python3-packaging python3.12 python3.12-minimal
#13 8.594   readline-common rpcsvc-proto session-migration sgml-base shared-mime-info
#13 8.594   tzdata ubuntu-mono ucf uuid-dev wayland-protocols x11-common x11-xkb-utils
#13 8.594   x11proto-dev xdg-dbus-proxy xfonts-encodings xfonts-utils xkb-data xml-core
#13 8.594   xorg-sgml-doctools xserver-common xtrans-dev xz-utils zlib1g-dev
#13 8.595 Suggested packages:
#13 8.595   binutils-doc gprofng-gui bzip2-doc cpp-doc gcc-13-locales cpp-13-doc ispell
#13 8.595   | aspell | hunspell wordlist debian-keyring fonts-freefont-otf
#13 8.595   | fonts-freefont-ttf fonts-texgyre gcc-13-doc gcc-multilib manpages-dev
#13 8.595   autoconf automake libtool flex bison gdb gcc-doc gdb-aarch64-linux-gnu
#13 8.595   gettext-base git-daemon-run | git-daemon-sysvinit git-doc git-email git-gui
#13 8.595   gitk gitweb git-cvs git-mediawiki git-svn gvfs hunspell
#13 8.595   openoffice.org-hunspell | openoffice.org-core isoquery alsa-utils
#13 8.595   libasound2-plugins aspell glibc-doc libcairo2-doc colord cups-common
#13 8.595   libdatrie-doc gnupg | sq | sqop | pgpainless-cli | sequoia-chameleon-gnupg
#13 8.595   bzr libdv-bin oss-compat libenchant-2-voikko freetype2-doc gdbm-l10n
#13 8.595   low-memory-monitor libglib2.0-doc libxml2-utils gpm libgraphite2-utils
#13 8.595   krb5-doc krb5-user libvisual-0.4-plugins gstreamer1.0-tools libgtk-3-doc
#13 8.595   libheif-plugin-libde265 libheif-plugin-x265 libheif-plugin-ffmpegdec
#13 8.595   libheif-plugin-jpegdec libheif-plugin-jpegenc libheif-plugin-j2kdec
#13 8.595   libheif-plugin-j2kenc libheif-plugin-rav1e libheif-plugin-svtenc libice-doc
#13 8.595   icu-doc liblcms2-utils liblzma-doc libnghttp2-doc opus-tools libpango1.0-doc
#13 8.595   pipewire pipewire-doc pulseaudio libraw1394-doc librsvg2-bin librsvg2-doc
#13 8.595   lm-sensors libsm-doc libsoup-3.0-doc speex sqlite3-doc libssl-doc
#13 8.595   libstdc++-13-doc libthai-doc libwayland-doc gstreamer1.0-libav
#13 8.595   gstreamer1.0-plugins-bad gstreamer1.0-alsa libx11-doc libxcb-doc libxext-doc
#13 8.595   devhelp make-doc fonts-dejavu libxml2-dev tint2 openbox-gnome-session
#13 8.595   openbox-kde-session graphicsmagick ed diffutils-doc perl-doc
#13 8.595   libterm-readline-gnu-perl | libterm-readline-perl-perl
#13 8.595   libtap-harness-archive-perl poppler-utils ghostscript fonts-japanese-mincho
#13 8.595   | fonts-ipafont-mincho fonts-japanese-gothic | fonts-ipafont-gothic
#13 8.595   fonts-arphic-ukai fonts-arphic-uming fonts-nanum python3-doc python3-tk
#13 8.595   python3-venv python-pil-doc python3.12-venv python3.12-doc binfmt-support
#13 8.595   readline-doc sgml-base-doc mesa-utils nickle cairo-5c xorg-docs-core
#13 8.595   debhelper
#13 8.595 Recommended packages:
#13 8.595   fakeroot gnupg | sq | sqop | pgpainless-cli | sequoia-chameleon-gnupg
#13 8.595   libalgorithm-merge-perl less ssh-client gstreamer1.0-x alsa-ucm-conf
#13 8.595   alsa-topology-conf aspell-en | aspell-dictionary | aspell6a-dictionary
#13 8.595   bzip2-doc manpages manpages-dev libc-devtools libpam-cap libclang-rt-18-dev
#13 8.595   dbus libfile-fcntllock-perl liblocale-gettext-perl enchant-2 liburi-perl
#13 8.595   xdg-user-dirs fonts-droid-fallback gstreamer1.0-gl libgtk-3-bin
#13 8.595   libheif-plugin-aomenc krb5-locales libldap-common libpaper-utils
#13 8.595   libpipewire-0.3-common libpng-tools publicsuffix libsasl2-modules
#13 8.595   mesa-vulkan-drivers | vulkan-icd xdg-desktop-portal-gtk libxfce4util-bin
#13 8.595   obconf | obconf-qt python3-olefile luit xfonts-base
#13 8.897 The following NEW packages will be installed:
#13 8.897   adwaita-icon-theme at-spi2-common at-spi2-core binutils
#13 8.897   binutils-aarch64-linux-gnu binutils-common bubblewrap build-essential bzip2
#13 8.897   ca-certificates cpp cpp-13 cpp-13-aarch64-linux-gnu cpp-aarch64-linux-gnu
#13 8.897   curl dbus-bin dbus-daemon dbus-session-bus-common dbus-x11
#13 8.897   dconf-gsettings-backend dconf-service dictionaries-common dpkg-dev
#13 8.897   emacsen-common exo-utils fontconfig fontconfig-config fonts-dejavu-core
#13 8.897   fonts-dejavu-mono fonts-urw-base35 g++ g++-13 g++-13-aarch64-linux-gnu
#13 8.897   g++-aarch64-linux-gnu gcc gcc-13 gcc-13-aarch64-linux-gnu gcc-13-base
#13 8.897   gcc-aarch64-linux-gnu gir1.2-atk-1.0 gir1.2-atspi-2.0
#13 8.897   gir1.2-ayatanaappindicator3-0.1 gir1.2-ayatanaido3-0.4
#13 8.897   gir1.2-dbusmenu-glib-0.4 gir1.2-freedesktop gir1.2-freedesktop-dev
#13 8.897   gir1.2-gdkpixbuf-2.0 gir1.2-girepository-2.0 gir1.2-glib-2.0
#13 8.897   gir1.2-glib-2.0-dev gir1.2-gtk-3.0 gir1.2-harfbuzz-0.0
#13 8.897   gir1.2-javascriptcoregtk-4.1 gir1.2-pango-1.0 gir1.2-rsvg-2.0
#13 8.897   gir1.2-soup-3.0 gir1.2-webkit2-4.1 git git-man glib-networking
#13 8.897   glib-networking-common glib-networking-services gsettings-desktop-schemas
#13 8.897   gstreamer1.0-plugins-base gstreamer1.0-plugins-good gtk-update-icon-cache
#13 8.897   hicolor-icon-theme humanity-icon-theme hunspell-en-us icu-devtools iso-codes
#13 8.897   libaa1 libaom3 libapparmor1 libasan8 libasound2-data libasound2t64
#13 8.897   libaspell15 libasyncns0 libatk-bridge2.0-0t64 libatk-bridge2.0-dev
#13 8.897   libatk1.0-0t64 libatk1.0-dev libatomic1 libatspi2.0-0t64 libatspi2.0-dev
#13 8.897   libavahi-client3 libavahi-common-data libavahi-common3 libavc1394-0
#13 8.897   libayatana-appindicator3-1 libayatana-appindicator3-dev
#13 8.897   libayatana-ido3-0.4-0 libayatana-ido3-dev libayatana-indicator3-7
#13 8.897   libayatana-indicator3-dev libbinutils libblkid-dev libbrotli-dev libbrotli1
#13 8.897   libbsd0 libbz2-dev libc-dev-bin libc6-dev libcaca0 libcairo-gobject2
#13 8.897   libcairo-script-interpreter2 libcairo2 libcairo2-dev libcap2-bin libcc1-0
#13 8.897   libcdparanoia0 libclang-18-dev libclang-common-18-dev libclang-dev
#13 8.897   libclang1-18 libcolord2 libcrypt-dev libctf-nobfd0 libctf0 libcups2t64
#13 8.897   libcurl3t64-gnutls libcurl4t64 libdatrie-dev libdatrie1 libdbus-1-3
#13 8.897   libdbus-1-dev libdbusmenu-glib-dev libdbusmenu-glib4 libdbusmenu-gtk3-4
#13 8.897   libdconf1 libdeflate-dev libdeflate0 libdpkg-perl libdrm-amdgpu1
#13 8.897   libdrm-common libdrm2 libduktape207 libdv4t64 libdw1t64 libedit2 libegl-dev
#13 8.897   libegl-mesa0 libegl1 libegl1-mesa-dev libelf1t64 libenchant-2-2 libepoxy-dev
#13 8.897   libepoxy0 liberror-perl libevdev2 libexo-2-0 libexo-common libexpat1
#13 8.897   libexpat1-dev libffi-dev libflac12t64 libfontconfig-dev libfontconfig1
#13 8.897   libfontenc1 libfreetype-dev libfreetype6 libfribidi-dev libfribidi0
#13 8.897   libgarcon-1-0 libgarcon-common libgarcon-gtk3-1-0 libgbm-dev libgbm1 libgc1
#13 8.897   libgcc-13-dev libgdbm-compat4t64 libgdbm6t64 libgdk-pixbuf-2.0-0
#13 8.897   libgdk-pixbuf-2.0-dev libgdk-pixbuf2.0-bin libgdk-pixbuf2.0-common libgif7
#13 8.897   libgirepository-1.0-1 libgirepository-2.0-0 libgl-dev libgl1 libgl1-mesa-dri
#13 8.897   libgles-dev libgles1 libgles2 libglib2.0-0t64 libglib2.0-bin libglib2.0-data
#13 8.897   libglib2.0-dev libglib2.0-dev-bin libglvnd-core-dev libglvnd-dev libglvnd0
#13 8.897   libglx-dev libglx-mesa0 libglx0 libgomp1 libgpm2 libgprofng0 libgraphite2-3
#13 8.897   libgraphite2-dev libgs-common libgs10 libgs10-common libgssapi-krb5-2
#13 8.897   libgstreamer-gl1.0-0 libgstreamer-plugins-base1.0-0
#13 8.897   libgstreamer-plugins-good1.0-0 libgstreamer1.0-0 libgtk-3-0t64
#13 8.897   libgtk-3-common libgtk-3-dev libgudev-1.0-0 libharfbuzz-cairo0
#13 8.897   libharfbuzz-dev libharfbuzz-gobject0 libharfbuzz-icu0 libharfbuzz-subset0
#13 8.897   libharfbuzz0b libheif-plugin-aomdec libheif1 libhunspell-1.7-0 libhwasan0
#13 8.897   libhwy1t64 libhyphen0 libice-dev libice6 libicu-dev libicu74 libid3tag0
#13 8.897   libidn12 libiec61883-0 libijs-0.35 libimagequant0 libimlib2t64 libisl23
#13 8.897   libitm1 libjansson4 libjavascriptcoregtk-4.1-0 libjavascriptcoregtk-4.1-dev
#13 8.897   libjbig-dev libjbig0 libjbig2dec0 libjpeg-dev libjpeg-turbo8
#13 8.897   libjpeg-turbo8-dev libjpeg8 libjpeg8-dev libjxl0.7 libk5crypto3 libkeyutils1
#13 8.897   libkrb5-3 libkrb5support0 liblcms2-2 libldap2 liblerc-dev liblerc4 libllvm18
#13 8.897   libllvm20 liblsan0 liblzma-dev liblzo2-2 libmanette-0.2-0 libmount-dev
#13 8.897   libmp3lame0 libmpc3 libmpfr6 libmpg123-0t64 libncurses6 libnghttp2-14
#13 8.897   libnghttp2-dev libobjc-13-dev libobjc4 libobrender32v5 libobt2v5 libogg0
#13 8.897   libopengl-dev libopengl0 libopenjp2-7 libopus0 liborc-0.4-0t64
#13 8.897   libpango-1.0-0 libpango1.0-dev libpangocairo-1.0-0 libpangoft2-1.0-0
#13 8.897   libpangoxft-1.0-0 libpaper1 libpcre2-16-0 libpcre2-32-0 libpcre2-dev
#13 8.897   libpcre2-posix3 libperl5.38t64 libpipewire-0.3-0t64 libpipewire-0.3-dev
#13 8.897   libpixman-1-0 libpixman-1-dev libpkgconf3 libpng-dev libpng16-16t64
#13 8.897   libproxy1v5 libpsl-dev libpsl5t64 libpthread-stubs0-dev libpulse0
#13 8.897   libpython3-stdlib libpython3.12-minimal libpython3.12-stdlib libraqm0
#13 8.897   libraw1394-11 libreadline8t64 librsvg2-2 librsvg2-common librsvg2-dev
#13 8.897   librtmp1 libsasl2-2 libsasl2-modules-db libsecret-1-0 libsecret-common
#13 8.897   libselinux1-dev libsensors-config libsensors5 libsepol-dev libsframe1
#13 8.897   libsharpyuv-dev libsharpyuv0 libshout3 libslang2 libsm-dev libsm6
#13 8.897   libsndfile1 libsoup-3.0-0 libsoup-3.0-common libsoup-3.0-dev libspa-0.2-dev
#13 8.897   libspa-0.2-modules libspectre1 libspeex1 libsqlite3-0 libsqlite3-dev
#13 8.897   libssh-4 libssl-dev libstartup-notification0 libstdc++-13-dev
#13 8.897   libsysprof-capture-4-dev libtag1v5 libtag1v5-vanilla libtext-iconv-perl
#13 8.897   libthai-data libthai-dev libthai0 libtheora0 libtiff-dev libtiff6 libtiffxx6
#13 8.897   libtsan2 libtwolame0 libubsan1 libunwind8 libv4l-0t64 libv4lconvert0t64
#13 8.897   libvisual-0.4-0 libvorbis0a libvorbisenc2 libvpx9 libvulkan1 libwavpack1
#13 8.897   libwayland-bin libwayland-client0 libwayland-cursor0 libwayland-dev
#13 8.897   libwayland-egl1 libwayland-server0 libwebkit2gtk-4.1-0 libwebkit2gtk-4.1-dev
#13 8.897   libwebp-dev libwebp7 libwebpdecoder3 libwebpdemux2 libwebpmux3
#13 8.897   libwebrtc-audio-processing1 libwnck-3-0 libwnck-3-common libx11-6
#13 8.897   libx11-data libx11-dev libx11-xcb1 libxau-dev libxau6 libxaw7 libxcb-dri3-0
#13 8.897   libxcb-glx0 libxcb-present0 libxcb-randr0 libxcb-render0 libxcb-render0-dev
#13 8.897   libxcb-shape0 libxcb-shm0 libxcb-shm0-dev libxcb-sync1 libxcb-util1
#13 8.897   libxcb-xfixes0 libxcb1 libxcb1-dev libxcomposite-dev libxcomposite1
#13 8.897   libxcursor-dev libxcursor1 libxdamage-dev libxdamage1 libxdmcp-dev libxdmcp6
#13 8.897   libxdo-dev libxdo3 libxext-dev libxext6 libxfce4panel-2.0-4 libxfce4ui-2-0
#13 8.897   libxfce4ui-common libxfce4util-common libxfce4util7 libxfconf-0-3
#13 8.897   libxfixes-dev libxfixes3 libxfont2 libxft-dev libxft2 libxi-dev libxi6
#13 8.897   libxinerama-dev libxinerama1 libxkbcommon-dev libxkbcommon0 libxkbfile1
#13 8.897   libxml2 libxmu6 libxmuu1 libxpm4 libxrandr-dev libxrandr2 libxrender-dev
#13 8.897   libxrender1 libxres1 libxshmfence1 libxslt1.1 libxt6t64 libxtst-dev libxtst6
#13 8.898   libxv1 libxxf86dga1 libxxf86vm1 libzstd-dev linux-libc-dev lto-disabled-list
#13 8.898   make media-types mesa-libgallium netbase openbox openssl pango1.0-tools
#13 8.898   patch patchelf perl perl-modules-5.38 pkg-config pkgconf pkgconf-bin
#13 8.898   poppler-data python3 python3-cairo python3-gi python3-gi-cairo
#13 8.898   python3-minimal python3-packaging python3-pil python3.12 python3.12-minimal
#13 8.898   readline-common rpcsvc-proto scrot session-migration sgml-base
#13 8.898   shared-mime-info tzdata ubuntu-mono ucf uuid-dev wayland-protocols wmctrl
#13 8.898   x11-common x11-utils x11-xkb-utils x11-xserver-utils x11proto-dev xauth
#13 8.898   xclip xcompmgr xdg-dbus-proxy xdotool xfce4-panel xfconf xfonts-encodings
#13 8.898   xfonts-utils xkb-data xml-core xorg-sgml-doctools xserver-common xtrans-dev
#13 8.898   xvfb xz-utils zlib1g-dev
#13 8.898 The following packages will be upgraded:
#13 8.898   libssl3t64
#13 9.250 1 upgraded, 512 newly installed, 0 to remove and 2 not upgraded.
#13 9.250 Need to get 340 MB of archives.
#13 9.250 After this operation, 1645 MB of additional disk space will be used.
#13 9.250 Get:1 http://ports.ubuntu.com/ubuntu-ports noble-updates/main arm64 libssl3t64 arm64 3.0.13-0ubuntu3.16 [1838 kB]
#13 10.76 Get:2 http://ports.ubuntu.com/ubuntu-ports noble-updates/main arm64 libpython3.12-minimal arm64 3.12.3-1ubuntu0.17 [835 kB]
#13 10.80 Get:3 http://ports.ubuntu.com/ubuntu-ports noble-updates/main arm64 libexpat1 arm64 2.6.1-2ubuntu0.6 [89.8 kB]
#13 10.81 Get:4 http://ports.ubuntu.com/ubuntu-ports noble-updates/main arm64 python3.12-minimal arm64 3.12.3-1ubuntu0.17 [2253 kB]
#13 10.94 Get:5 http://ports.ubuntu.com/ubuntu-ports noble-updates/main arm64 python3-minimal arm64 3.12.3-0ubuntu2.1 [27.4 kB]
#13 10.94 Get:6 http://ports.ubuntu.com/ubuntu-ports noble/main arm64 media-types all 10.1.0 [27.5 kB]
#13 10.94 Get:7 http://ports.ubuntu.com/ubuntu-ports noble/main arm64 netbase all 6.4 [13.1 kB]
#13 10.94 Get:8 http://ports.ubuntu.com/ubuntu-ports noble-updates/main arm64 tzdata all 2026c-0ubuntu0.24.04.1 [280 kB]
#13 10.95 Get:9 http://ports.ubuntu.com/ubuntu-ports noble/main arm64 readline-common all 8.2-4build1 [56.5 kB]
#13 10.95 Get:10 http://ports.ubuntu.com/ubuntu-ports noble/main arm64 libreadline8t64 arm64 8.2-4build1 [153 kB]
#13 10.95 Get:11 http://ports.ubuntu.com/ubuntu-ports noble-updates/main arm64 libsqlite3-0 arm64 3.45.1-1ubuntu2.8 [691 kB]
#13 10.97 Get:12 http://ports.ubuntu.com/ubuntu-ports noble-updates/main arm64 libpython3.12-stdlib arm64 3.12.3-1ubuntu0.17 [2039 kB]
#13 11.02 Get:13 http://ports.ubuntu.com/ubuntu-ports noble-updates/main arm64 python3.12 arm64 3.12.3-1ubuntu0.17 [651 kB]
#13 11.04 Get:14 http://ports.ubuntu.com/ubuntu-ports noble-updates/main arm64 libpython3-stdlib arm64 3.12.3-0ubuntu2.1 [10.1 kB]
#13 11.04 Get:15 http://ports.ubuntu.com/ubuntu-ports noble-updates/main arm64 python3 arm64 3.12.3-0ubuntu2.1 [23.0 kB]
#13 11.04 Get:16 http://ports.ubuntu.com/ubuntu-ports noble-updates/main arm64 perl-modules-5.38 all 5.38.2-3.2ubuntu0.6 [3110 kB]
#13 11.11 Get:17 http://ports.ubuntu.com/ubuntu-ports noble/main arm64 libgdbm6t64 arm64 1.23-5.1build1 [34.4 kB]
#13 11.11 Get:18 http://ports.ubuntu.com/ubuntu-ports noble/main arm64 libgdbm-compat4t64 arm64 1.23-5.1build1 [6578 B]
#13 11.11 Get:19 http://ports.ubuntu.com/ubuntu-ports noble-updates/main arm64 libperl5.38t64 arm64 5.38.2-3.2ubuntu0.6 [4785 kB]
#13 11.24 Get:20 http://ports.ubuntu.com/ubuntu-ports noble-updates/main arm64 perl arm64 5.38.2-3.2ubuntu0.6 [231 kB]
#13 11.25 Get:21 http://ports.ubuntu.com/ubuntu-ports noble/main arm64 poppler-data all 0.4.12-1 [2060 kB]
#13 11.32 Get:22 http://ports.ubuntu.com/ubuntu-ports noble/main arm64 sgml-base all 1.31 [11.4 kB]
#13 11.32 Get:23 http://ports.ubuntu.com/ubuntu-ports noble-updates/main arm64 openssl arm64 3.0.13-0ubuntu3.16 [985 kB]
#13 11.35 Get:24 http://ports.ubuntu.com/ubuntu-ports noble-updates/main arm64 ca-certificates all 20260601~24.04.1 [139 kB]
#13 11.36 Get:25 http://ports.ubuntu.com/ubuntu-ports noble-updates/main arm64 libdbus-1-3 arm64 1.14.10-4ubuntu4.1 [210 kB]
#13 11.36 Get:26 http://ports.ubuntu.com/ubuntu-ports noble-updates/main arm64 dbus-bin arm64 1.14.10-4ubuntu4.1 [38.8 kB]
#13 11.36 Get:27 http://ports.ubuntu.com/ubuntu-ports noble-updates/main arm64 dbus-session-bus-common all 1.14.10-4ubuntu4.1 [80.5 kB]
#13 11.36 Get:28 http://ports.ubuntu.com/ubuntu-ports noble-updates/main arm64 libapparmor1 arm64 4.0.1really4.0.1-0ubuntu0.24.04.8 [51.9 kB]
#13 11.36 Get:29 http://ports.ubuntu.com/ubuntu-ports noble-updates/main arm64 dbus-daemon arm64 1.14.10-4ubuntu4.1 [115 kB]
#13 11.37 Get:30 http://ports.ubuntu.com/ubuntu-ports noble-updates/main arm64 libglib2.0-0t64 arm64 2.80.0-6ubuntu3.9 [1533 kB]
#13 11.41 Get:31 http://ports.ubuntu.com/ubuntu-ports noble-updates/main arm64 gir1.2-glib-2.0 arm64 2.80.0-6ubuntu3.9 [182 kB]
#13 11.42 Get:32 http://ports.ubuntu.com/ubuntu-ports noble/main arm64 libgirepository-1.0-1 arm64 1.80.1-1 [81.2 kB]
#13 11.45 Get:33 http://ports.ubuntu.com/ubuntu-ports noble/main arm64 gir1.2-girepository-2.0 arm64 1.80.1-1 [24.5 kB]
#13 11.45 Get:34 http://ports.ubuntu.com/ubuntu-ports noble/main arm64 iso-codes all 4.16.0-1 [3492 kB]
#13 11.64 Get:35 http://ports.ubuntu.com/ubuntu-ports noble-updates/main arm64 libbsd0 arm64 0.12.1-1build1.1 [41.0 kB]
#13 11.64 Get:36 http://ports.ubuntu.com/ubuntu-ports noble-updates/main arm64 libcap2-bin arm64 1:2.66-5ubuntu2.4 [33.5 kB]
#13 11.64 Get:37 http://ports.ubuntu.com/ubuntu-ports noble-updates/main arm64 libelf1t64 arm64 0.190-1.1ubuntu0.1 [58.4 kB]
#13 11.64 Get:38 http://ports.ubuntu.com/ubuntu-ports noble/main arm64 libfribidi0 arm64 1.0.13-3build1 [26.5 kB]
#13 11.64 Get:39 http://ports.ubuntu.com/ubuntu-ports noble-updates/main arm64 libglib2.0-data all 2.80.0-6ubuntu3.9 [50.1 kB]
#13 11.64 Get:40 http://ports.ubuntu.com/ubuntu-ports noble-updates/main arm64 libkrb5support0 arm64 1.20.1-6ubuntu2.10 [35.4 kB]
#13 11.65 Get:41 http://ports.ubuntu.com/ubuntu-ports noble-updates/main arm64 libk5crypto3 arm64 1.20.1-6ubuntu2.10 [85.8 kB]
#13 11.65 Get:42 http://ports.ubuntu.com/ubuntu-ports noble/main arm64 libkeyutils1 arm64 1.6.3-3build1 [9654 B]
#13 11.65 Get:43 http://ports.ubuntu.com/ubuntu-ports noble-updates/main arm64 libkrb5-3 arm64 1.20.1-6ubuntu2.10 [350 kB]
#13 11.74 Get:44 http://ports.ubuntu.com/ubuntu-ports noble-updates/main arm64 libgssapi-krb5-2 arm64 1.20.1-6ubuntu2.10 [142 kB]
#13 11.74 Get:45 http://ports.ubuntu.com/ubuntu-ports noble-updates/main arm64 libicu74 arm64 74.2-1ubuntu3.1 [10.8 MB]
#13 12.34 Get:46 http://ports.ubuntu.com/ubuntu-ports noble/main arm64 libslang2 arm64 2.3.3-3build2 [476 kB]
#13 12.36 Get:47 http://ports.ubuntu.com/ubuntu-ports noble/main arm64 libtext-iconv-perl arm64 1.7-8build3 [13.1 kB]
#13 12.36 Get:48 http://ports.ubuntu.com/ubuntu-ports noble-security/main arm64 libxml2 arm64 2.9.14+dfsg-1.3ubuntu3.10 [736 kB]
#13 12.39 Get:49 http://ports.ubuntu.com/ubuntu-ports noble/main arm64 python3-gi arm64 3.48.2-1 [233 kB]
#13 12.39 Get:50 http://ports.ubuntu.com/ubuntu-ports noble/main arm64 shared-mime-info arm64 2.4-4 [472 kB]
#13 12.41 Get:51 http://ports.ubuntu.com/ubuntu-ports noble/main arm64 ucf all 3.0043+nmu1 [56.5 kB]
#13 12.41 Get:52 http://ports.ubuntu.com/ubuntu-ports noble-updates/main arm64 xkb-data all 2.41-2ubuntu1.1 [397 kB]
#13 12.43 Get:53 http://ports.ubuntu.com/ubuntu-ports noble-updates/main arm64 libdrm-common all 2.4.125-1ubuntu0.1~24.04.2 [9250 B]
#13 12.43 Get:54 http://ports.ubuntu.com/ubuntu-ports noble-updates/main arm64 libdrm2 arm64 2.4.125-1ubuntu0.1~24.04.2 [42.9 kB]
#13 12.45 Get:55 http://ports.ubuntu.com/ubuntu-ports noble/main arm64 libedit2 arm64 3.1-20230828-1build1 [97.5 kB]
#13 12.46 Get:56 http://ports.ubuntu.com/ubuntu-ports noble/main arm64 libevdev2 arm64 1.13.1+dfsg-1build1 [35.8 kB]
#13 12.46 Get:57 http://ports.ubuntu.com/ubuntu-ports noble/main arm64 libgpm2 arm64 1.20.7-11 [14.7 kB]
#13 12.48 Get:58 http://ports.ubuntu.com/ubuntu-ports noble/main arm64 libjansson4 arm64 2.14-2build2 [34.4 kB]
#13 12.49 Get:59 http://ports.ubuntu.com/ubuntu-ports noble-updates/main arm64 libncurses6 arm64 6.4+20240113-1ubuntu2.2 [110 kB]
#13 12.51 Get:60 http://ports.ubuntu.com/ubuntu-ports noble-updates/main arm64 libnghttp2-14 arm64 1.59.0-1ubuntu0.4 [74.8 kB]
#13 12.51 Get:61 http://ports.ubuntu.com/ubuntu-ports noble-updates/main arm64 libpng16-16t64 arm64 1.6.43-5ubuntu0.7 [187 kB]
#13 12.52 Get:62 http://ports.ubuntu.com/ubuntu-ports noble/main arm64 libpsl5t64 arm64 0.21.2-1.1build1 [57.4 kB]
#13 12.52 Get:63 http://ports.ubuntu.com/ubuntu-ports noble/main arm64 libsensors-config all 1:3.6.0-9build1 [5546 B]
#13 12.52 Get:64 http://ports.ubuntu.com/ubuntu-ports noble/main arm64 libsensors5 arm64 1:3.6.0-9build1 [27.0 kB]
#13 12.55 Get:65 http://ports.ubuntu.com/ubuntu-ports noble/main arm64 libxau6 arm64 1:1.0.9-1build6 [7264 B]
#13 12.56 Get:66 http://ports.ubuntu.com/ubuntu-ports noble/main arm64 libxdmcp6 arm64 1:1.1.3-0ubuntu6 [10.4 kB]
#13 12.56 Get:67 http://ports.ubuntu.com/ubuntu-ports noble/main arm64 libxcb1 arm64 1.15-1ubuntu2 [49.4 kB]
#13 12.58 Get:68 http://ports.ubuntu.com/ubuntu-ports noble/main arm64 libx11-data all 2:1.8.7-1build1 [115 kB]
#13 12.59 Get:69 http://ports.ubuntu.com/ubuntu-ports noble/main arm64 libx11-6 arm64 2:1.8.7-1build1 [649 kB]
#13 12.61 Get:70 http://ports.ubuntu.com/ubuntu-ports noble/main arm64 libxext6 arm64 2:1.3.4-1build2 [30.4 kB]
#13 12.62 Get:71 http://ports.ubuntu.com/ubuntu-ports noble/main arm64 libxkbcommon0 arm64 1.6.0-1build1 [122 kB]
#13 12.62 Get:72 http://ports.ubuntu.com/ubuntu-ports noble/main arm64 libxmuu1 arm64 2:1.1.3-3build2 [9140 B]
#13 12.62 Get:73 http://ports.ubuntu.com/ubuntu-ports noble/main arm64 xauth arm64 1:1.1.2-1build1 [25.3 kB]
#13 12.62 Get:74 http://ports.ubuntu.com/ubuntu-ports noble-updates/main arm64 xz-utils arm64 5.6.1+really5.4.5-1ubuntu0.3 [268 kB]
#13 12.65 Get:75 http://ports.ubuntu.com/ubuntu-ports noble-updates/main arm64 libgdk-pixbuf2.0-common all 2.42.10+dfsg-3ubuntu3.3 [8302 B]
#13 12.65 Get:76 http://ports.ubuntu.com/ubuntu-ports noble/main arm64 libjpeg-turbo8 arm64 2.1.5-2ubuntu2 [163 kB]
#13 12.66 Get:77 http://ports.ubuntu.com/ubuntu-ports noble/main arm64 libjpeg8 arm64 8c-2ubuntu11 [2148 B]
#13 12.68 Get:78 http://ports.ubuntu.com/ubuntu-ports noble-updates/main arm64 libdeflate0 arm64 1.19-1build1.1 [43.5 kB]
#13 12.72 Get:79 http://ports.ubuntu.com/ubuntu-ports noble/main arm64 libjbig0 arm64 2.1-6.1ubuntu2 [29.3 kB]
#13 12.72 Get:80 http://ports.ubuntu.com/ubuntu-ports noble/main arm64 liblerc4 arm64 4.0.0+ds-4ubuntu2 [154 kB]
#13 12.72 Get:81 http://ports.ubuntu.com/ubuntu-ports noble/main arm64 libsharpyuv0 arm64 1.3.2-0.4build3 [14.5 kB]
#13 12.72 Get:82 http://ports.ubuntu.com/ubuntu-ports noble/main arm64 libwebp7 arm64 1.3.2-0.4build3 [191 kB]
#13 12.73 Get:83 http://ports.ubuntu.com/ubuntu-ports noble-updates/main arm64 libtiff6 arm64 4.5.1+git230720-4ubuntu2.5 [192 kB]
#13 12.74 Get:84 http://ports.ubuntu.com/ubuntu-ports noble-updates/main arm64 libgdk-pixbuf-2.0-0 arm64 2.42.10+dfsg-3ubuntu3.3 [146 kB]
#13 12.75 Get:85 http://ports.ubuntu.com/ubuntu-ports noble-updates/main arm64 gtk-update-icon-cache arm64 3.24.41-4ubuntu1.3 [52.2 kB]
#13 12.76 Get:86 http://ports.ubuntu.com/ubuntu-ports noble/main arm64 hicolor-icon-theme all 0.17-2 [9976 B]
#13 12.76 Get:87 http://ports.ubuntu.com/ubuntu-ports noble/main arm64 humanity-icon-theme all 0.6.16 [1282 kB]
#13 12.80 Get:88 http://ports.ubuntu.com/ubuntu-ports noble/main arm64 ubuntu-mono all 24.04-0ubuntu1 [151 kB]
#13 12.82 Get:89 http://ports.ubuntu.com/ubuntu-ports noble/main arm64 adwaita-icon-theme all 46.0-1 [723 kB]
#13 12.85 Get:90 http://ports.ubuntu.com/ubuntu-ports noble/main arm64 at-spi2-common all 2.52.0-1build1 [8674 B]
#13 12.85 Get:91 http://ports.ubuntu.com/ubuntu-ports noble/main arm64 libxi6 arm64 2:1.8.1-1build1 [31.9 kB]
#13 12.85 Get:92 http://ports.ubuntu.com/ubuntu-ports noble/main arm64 libatspi2.0-0t64 arm64 2.52.0-1build1 [80.9 kB]
#13 12.86 Get:93 http://ports.ubuntu.com/ubuntu-ports noble/main arm64 x11-common all 1:7.7+23ubuntu3 [21.7 kB]
#13 12.86 Get:94 http://ports.ubuntu.com/ubuntu-ports noble/main arm64 libxtst6 arm64 2:1.2.3-1.1build1 [13.0 kB]
#13 12.86 Get:95 http://ports.ubuntu.com/ubuntu-ports noble-updates/main arm64 dbus-x11 arm64 1.14.10-4ubuntu4.1 [23.2 kB]
#13 12.88 Get:96 http://ports.ubuntu.com/ubuntu-ports noble-updates/main arm64 libdconf1 arm64 0.40.0-4ubuntu0.1 [39.9 kB]
#13 12.89 Get:97 http://ports.ubuntu.com/ubuntu-ports noble-updates/main arm64 dconf-service arm64 0.40.0-4ubuntu0.1 [27.0 kB]
#13 12.91 Get:98 http://ports.ubuntu.com/ubuntu-ports noble-updates/main arm64 dconf-gsettings-backend arm64 0.40.0-4ubuntu0.1 [22.0 kB]
#13 12.95 Get:99 http://ports.ubuntu.com/ubuntu-ports noble/main arm64 session-migration arm64 0.3.9build1 [8958 B]
#13 12.95 Get:100 http://ports.ubuntu.com/ubuntu-ports noble-updates/main arm64 gsettings-desktop-schemas all 46.1-0ubuntu1 [35.6 kB]
#13 12.95 Get:101 http://ports.ubuntu.com/ubuntu-ports noble/main arm64 at-spi2-core arm64 2.52.0-1build1 [55.8 kB]
#13 13.15 Get:102 http://ports.ubuntu.com/ubuntu-ports noble-updates/main arm64 binutils-common arm64 2.42-4ubuntu2.10 [240 kB]
#13 13.70 Get:103 http://ports.ubuntu.com/ubuntu-ports noble-updates/main arm64 libsframe1 arm64 2.42-4ubuntu2.10 [15.4 kB]
#13 13.71 Get:104 http://ports.ubuntu.com/ubuntu-ports noble-updates/main arm64 libbinutils arm64 2.42-4ubuntu2.10 [766 kB]
#13 13.94 Get:105 http://ports.ubuntu.com/ubuntu-ports noble-updates/main arm64 libctf-nobfd0 arm64 2.42-4ubuntu2.10 [101 kB]
#13 13.95 Get:106 http://ports.ubuntu.com/ubuntu-ports noble-updates/main arm64 libctf0 arm64 2.42-4ubuntu2.10 [95.7 kB]
#13 13.96 Get:107 http://ports.ubuntu.com/ubuntu-ports noble-updates/main arm64 libgprofng0 arm64 2.42-4ubuntu2.10 [776 kB]
#13 14.06 Get:108 http://ports.ubuntu.com/ubuntu-ports noble-updates/main arm64 binutils-aarch64-linux-gnu arm64 2.42-4ubuntu2.10 [3304 kB]
#13 14.27 Get:109 http://ports.ubuntu.com/ubuntu-ports noble-updates/main arm64 binutils arm64 2.42-4ubuntu2.10 [18.1 kB]
#13 14.27 Get:110 http://ports.ubuntu.com/ubuntu-ports noble-security/main arm64 bubblewrap arm64 0.9.0-1ubuntu0.3 [50.0 kB]
#13 14.27 Get:111 http://ports.ubuntu.com/ubuntu-ports noble-updates/main arm64 libc-dev-bin arm64 2.39-0ubuntu8.9 [19.7 kB]
#13 14.27 Get:112 http://ports.ubuntu.com/ubuntu-ports noble-updates/main arm64 linux-libc-dev arm64 6.8.0-146.146 [1515 kB]
#13 14.34 Get:113 http://ports.ubuntu.com/ubuntu-ports noble/main arm64 libcrypt-dev arm64 1:4.4.36-4build1 [118 kB]
#13 14.34 Get:114 http://ports.ubuntu.com/ubuntu-ports noble/main arm64 rpcsvc-proto arm64 1.4.2-0ubuntu7 [64.8 kB]
#13 14.35 Get:115 http://ports.ubuntu.com/ubuntu-ports noble-updates/main arm64 libc6-dev arm64 2.39-0ubuntu8.9 [1596 kB]
#13 14.41 Get:116 http://ports.ubuntu.com/ubuntu-ports noble-updates/main arm64 gcc-13-base arm64 13.3.0-6ubuntu2~24.04.1 [51.6 kB]
#13 14.41 Get:117 http://ports.ubuntu.com/ubuntu-ports noble-updates/main arm64 libisl23 arm64 0.26-3build1.1 [669 kB]
#13 14.45 Get:118 http://ports.ubuntu.com/ubuntu-ports noble-updates/main arm64 libmpfr6 arm64 4.2.1-1build1.1 [329 kB]
#13 14.46 Get:119 http://ports.ubuntu.com/ubuntu-ports noble-updates/main arm64 libmpc3 arm64 1.3.1-1build1.1 [56.4 kB]
#13 14.46 Get:120 http://ports.ubuntu.com/ubuntu-ports noble-updates/main arm64 cpp-13-aarch64-linux-gnu arm64 13.3.0-6ubuntu2~24.04.1 [9560 kB]
#13 14.79 Get:121 http://ports.ubuntu.com/ubuntu-ports noble-updates/main arm64 cpp-13 arm64 13.3.0-6ubuntu2~24.04.1 [1038 B]
#13 14.79 Get:122 http://ports.ubuntu.com/ubuntu-ports noble/main arm64 cpp-aarch64-linux-gnu arm64 4:13.2.0-7ubuntu1 [5316 B]
#13 14.79 Get:123 http://ports.ubuntu.com/ubuntu-ports noble/main arm64 cpp arm64 4:13.2.0-7ubuntu1 [22.4 kB]
#13 14.79 Get:124 http://ports.ubuntu.com/ubuntu-ports noble-updates/main arm64 libcc1-0 arm64 14.2.0-4ubuntu2~24.04.1 [49.7 kB]
#13 14.80 Get:125 http://ports.ubuntu.com/ubuntu-ports noble-updates/main arm64 libgomp1 arm64 14.2.0-4ubuntu2~24.04.1 [145 kB]
#13 14.80 Get:126 http://ports.ubuntu.com/ubuntu-ports noble-updates/main arm64 libitm1 arm64 14.2.0-4ubuntu2~24.04.1 [28.2 kB]
#13 14.80 Get:127 http://ports.ubuntu.com/ubuntu-ports noble-updates/main arm64 libatomic1 arm64 14.2.0-4ubuntu2~24.04.1 [11.6 kB]
#13 14.80 Get:128 http://ports.ubuntu.com/ubuntu-ports noble-updates/main arm64 libasan8 arm64 14.2.0-4ubuntu2~24.04.1 [2928 kB]
#13 14.88 Get:129 http://ports.ubuntu.com/ubuntu-ports noble-updates/main arm64 liblsan0 arm64 14.2.0-4ubuntu2~24.04.1 [1289 kB]
#13 14.92 Get:130 http://ports.ubuntu.com/ubuntu-ports noble-updates/main arm64 libtsan2 arm64 14.2.0-4ubuntu2~24.04.1 [2697 kB]
#13 14.98 Get:131 http://ports.ubuntu.com/ubuntu-ports noble-updates/main arm64 libubsan1 arm64 14.2.0-4ubuntu2~24.04.1 [1157 kB]
#13 15.03 Get:132 http://ports.ubuntu.com/ubuntu-ports noble-updates/main arm64 libhwasan0 arm64 14.2.0-4ubuntu2~24.04.1 [1605 kB]
#13 15.06 Get:133 http://ports.ubuntu.com/ubuntu-ports noble-updates/main arm64 libgcc-13-dev arm64 13.3.0-6ubuntu2~24.04.1 [2473 kB]
#13 15.13 Get:134 http://ports.ubuntu.com/ubuntu-ports noble-updates/main arm64 gcc-13-aarch64-linux-gnu arm64 13.3.0-6ubuntu2~24.04.1 [18.7 MB]
#13 15.59 Get:135 http://ports.ubuntu.com/ubuntu-ports noble-updates/main arm64 gcc-13 arm64 13.3.0-6ubuntu2~24.04.1 [484 kB]
#13 15.60 Get:136 http://ports.ubuntu.com/ubuntu-ports noble/main arm64 gcc-aarch64-linux-gnu arm64 4:13.2.0-7ubuntu1 [1198 B]
#13 15.60 Get:137 http://ports.ubuntu.com/ubuntu-ports noble/main arm64 gcc arm64 4:13.2.0-7ubuntu1 [5018 B]
#13 15.60 Get:138 http://ports.ubuntu.com/ubuntu-ports noble-updates/main arm64 libstdc++-13-dev arm64 13.3.0-6ubuntu2~24.04.1 [2397 kB]
#13 15.66 Get:139 http://ports.ubuntu.com/ubuntu-ports noble-updates/main arm64 g++-13-aarch64-linux-gnu arm64 13.3.0-6ubuntu2~24.04.1 [10.9 MB]
#13 16.19 Get:140 http://ports.ubuntu.com/ubuntu-ports noble-updates/main arm64 g++-13 arm64 13.3.0-6ubuntu2~24.04.1 [16.0 kB]
#13 16.19 Get:141 http://ports.ubuntu.com/ubuntu-ports noble/main arm64 g++-aarch64-linux-gnu arm64 4:13.2.0-7ubuntu1 [962 B]
#13 16.19 Get:142 http://ports.ubuntu.com/ubuntu-ports noble/main arm64 g++ arm64 4:13.2.0-7ubuntu1 [1082 B]
#13 16.19 Get:143 http://ports.ubuntu.com/ubuntu-ports noble/main arm64 make arm64 4.3-4.1build2 [178 kB]
#13 16.56 Get:144 http://ports.ubuntu.com/ubuntu-ports noble-updates/main arm64 libdpkg-perl all 1.22.6ubuntu6.6 [268 kB]
#13 16.56 Get:145 http://ports.ubuntu.com/ubuntu-ports noble-updates/main arm64 bzip2 arm64 1.0.8-5.1ubuntu0.1 [34.0 kB]
#13 16.56 Get:146 http://ports.ubuntu.com/ubuntu-ports noble/main arm64 patch arm64 2.7.6-7build3 [101 kB]
#13 16.57 Get:147 http://ports.ubuntu.com/ubuntu-ports noble/main arm64 lto-disabled-list all 47 [12.4 kB]
#13 16.57 Get:148 http://ports.ubuntu.com/ubuntu-ports noble-updates/main arm64 dpkg-dev all 1.22.6ubuntu6.6 [1074 kB]
#13 16.57 Get:149 http://ports.ubuntu.com/ubuntu-ports noble/main arm64 build-essential arm64 12.10ubuntu1 [4932 B]
#13 16.57 Get:150 http://ports.ubuntu.com/ubuntu-ports noble/main arm64 libbrotli1 arm64 1.1.0-2build2 [339 kB]
#13 16.58 Get:151 http://ports.ubuntu.com/ubuntu-ports noble-updates/main arm64 libsasl2-modules-db arm64 2.1.28+dfsg1-5ubuntu3.1 [21.6 kB]
#13 16.58 Get:152 http://ports.ubuntu.com/ubuntu-ports noble-updates/main arm64 libsasl2-2 arm64 2.1.28+dfsg1-5ubuntu3.1 [54.7 kB]
#13 16.58 Get:153 http://ports.ubuntu.com/ubuntu-ports noble-updates/main arm64 libldap2 arm64 2.6.10+dfsg-0ubuntu0.24.04.1 [196 kB]
#13 16.66 Get:154 http://ports.ubuntu.com/ubuntu-ports noble/main arm64 librtmp1 arm64 2.4+20151223.gitfa8646d.1-2build7 [57.8 kB]
#13 16.66 Get:155 http://ports.ubuntu.com/ubuntu-ports noble-updates/main arm64 libssh-4 arm64 0.10.6-2ubuntu0.5 [192 kB]
#13 16.67 Get:156 http://ports.ubuntu.com/ubuntu-ports noble-updates/main arm64 libcurl4t64 arm64 8.5.0-2ubuntu10.15 [337 kB]
#13 16.67 Get:157 http://ports.ubuntu.com/ubuntu-ports noble-updates/main arm64 curl arm64 8.5.0-2ubuntu10.15 [222 kB]
#13 16.68 Get:158 http://ports.ubuntu.com/ubuntu-ports noble/main arm64 emacsen-common all 3.0.5 [12.1 kB]
#13 16.68 Get:159 http://ports.ubuntu.com/ubuntu-ports noble/main arm64 dictionaries-common all 1.29.7 [188 kB]
#13 16.68 Get:160 http://ports.ubuntu.com/ubuntu-ports noble/universe arm64 libexo-common all 4.18.0-1build4 [4054 B]
#13 16.68 Get:161 http://ports.ubuntu.com/ubuntu-ports noble/main arm64 libatk1.0-0t64 arm64 2.52.0-1build1 [55.1 kB]
#13 16.69 Get:162 http://ports.ubuntu.com/ubuntu-ports noble-updates/main arm64 libfreetype6 arm64 2.13.2+dfsg-1ubuntu0.2 [393 kB]
#13 16.69 Get:163 http://ports.ubuntu.com/ubuntu-ports noble/main arm64 fonts-dejavu-mono all 2.37-8 [502 kB]
#13 16.76 Get:164 http://ports.ubuntu.com/ubuntu-ports noble/main arm64 fonts-dejavu-core all 2.37-8 [835 kB]
#13 16.79 Get:165 http://ports.ubuntu.com/ubuntu-ports noble/main arm64 libfontenc1 arm64 1:1.1.8-1build1 [13.9 kB]
#13 16.79 Get:166 http://ports.ubuntu.com/ubuntu-ports noble/main arm64 xfonts-encodings all 1:1.0.5-0ubuntu2 [578 kB]
#13 16.80 Get:167 http://ports.ubuntu.com/ubuntu-ports noble/main arm64 xfonts-utils arm64 1:7.7+6build3 [93.1 kB]
#13 16.80 Get:168 http://ports.ubuntu.com/ubuntu-ports noble/main arm64 fonts-urw-base35 all 20200910-8 [11.0 MB]
#13 17.83 Get:169 http://ports.ubuntu.com/ubuntu-ports noble/main arm64 fontconfig-config arm64 2.15.0-1.1ubuntu2 [37.4 kB]
#13 17.83 Get:170 http://ports.ubuntu.com/ubuntu-ports noble/main arm64 libfontconfig1 arm64 2.15.0-1.1ubuntu2 [142 kB]
#13 17.83 Get:171 http://ports.ubuntu.com/ubuntu-ports noble/main arm64 libpixman-1-0 arm64 0.42.2-1build1 [204 kB]
#13 17.85 Get:172 http://ports.ubuntu.com/ubuntu-ports noble/main arm64 libxcb-render0 arm64 1.15-1ubuntu2 [16.6 kB]
#13 17.85 Get:173 http://ports.ubuntu.com/ubuntu-ports noble/main arm64 libxcb-shm0 arm64 1.15-1ubuntu2 [5876 B]
#13 17.85 Get:174 http://ports.ubuntu.com/ubuntu-ports noble/main arm64 libxrender1 arm64 1:0.9.10-1.1build1 [18.8 kB]
#13 17.85 Get:175 http://ports.ubuntu.com/ubuntu-ports noble/main arm64 libcairo2 arm64 1.18.0-3build1 [555 kB]
#13 17.88 Get:176 http://ports.ubuntu.com/ubuntu-ports noble/main arm64 libatk-bridge2.0-0t64 arm64 2.52.0-1build1 [66.3 kB]
#13 17.89 Get:177 http://ports.ubuntu.com/ubuntu-ports noble/main arm64 libcairo-gobject2 arm64 1.18.0-3build1 [127 kB]
#13 17.94 Get:178 http://ports.ubuntu.com/ubuntu-ports noble-updates/main arm64 liblcms2-2 arm64 2.14-2ubuntu0.1 [161 kB]
#13 17.94 Get:179 http://ports.ubuntu.com/ubuntu-ports noble/main arm64 libcolord2 arm64 1.4.7-1build2 [149 kB]
#13 17.94 Get:180 http://ports.ubuntu.com/ubuntu-ports noble-updates/main arm64 libavahi-common-data arm64 0.8-13ubuntu6.2 [30.0 kB]
#13 17.95 Get:181 http://ports.ubuntu.com/ubuntu-ports noble-updates/main arm64 libavahi-common3 arm64 0.8-13ubuntu6.2 [23.3 kB]
#13 17.95 Get:182 http://ports.ubuntu.com/ubuntu-ports noble-updates/main arm64 libavahi-client3 arm64 0.8-13ubuntu6.2 [27.3 kB]
#13 17.95 Get:183 http://ports.ubuntu.com/ubuntu-ports noble-updates/main arm64 libcups2t64 arm64 2.4.7-1.2ubuntu7.14 [277 kB]
#13 17.97 Get:184 http://ports.ubuntu.com/ubuntu-ports noble/main arm64 libepoxy0 arm64 1.5.10-1build1 [240 kB]
#13 17.98 Get:185 http://ports.ubuntu.com/ubuntu-ports noble-updates/main arm64 libgraphite2-3 arm64 1.3.14-2ubuntu0.24.04.1 [71.1 kB]
#13 18.00 Get:186 http://ports.ubuntu.com/ubuntu-ports noble/main arm64 libharfbuzz0b arm64 8.3.0-2build2 [463 kB]
#13 18.23 Get:187 http://ports.ubuntu.com/ubuntu-ports noble/main arm64 fontconfig arm64 2.15.0-1.1ubuntu2 [190 kB]
#13 18.23 Get:188 http://ports.ubuntu.com/ubuntu-ports noble/main arm64 libthai-data all 0.1.29-2build1 [158 kB]
#13 18.23 Get:189 http://ports.ubuntu.com/ubuntu-ports noble/main arm64 libdatrie1 arm64 0.2.13-3build1 [19.2 kB]
#13 18.23 Get:190 http://ports.ubuntu.com/ubuntu-ports noble/main arm64 libthai0 arm64 0.1.29-2build1 [18.2 kB]
#13 18.24 Get:191 http://ports.ubuntu.com/ubuntu-ports noble/main arm64 libpango-1.0-0 arm64 1.52.1+ds-1build1 [228 kB]
#13 18.24 Get:192 http://ports.ubuntu.com/ubuntu-ports noble/main arm64 libpangoft2-1.0-0 arm64 1.52.1+ds-1build1 [42.0 kB]
#13 18.24 Get:193 http://ports.ubuntu.com/ubuntu-ports noble/main arm64 libpangocairo-1.0-0 arm64 1.52.1+ds-1build1 [27.4 kB]
#13 18.24 Get:194 http://ports.ubuntu.com/ubuntu-ports noble/main arm64 libwayland-client0 arm64 1.22.0-2.1build1 [25.9 kB]
#13 18.24 Get:195 http://ports.ubuntu.com/ubuntu-ports noble/main arm64 libwayland-cursor0 arm64 1.22.0-2.1build1 [10.3 kB]
#13 18.33 Get:196 http://ports.ubuntu.com/ubuntu-ports noble/main arm64 libwayland-egl1 arm64 1.22.0-2.1build1 [5622 B]
#13 18.33 Get:197 http://ports.ubuntu.com/ubuntu-ports noble/main arm64 libxcomposite1 arm64 1:0.4.5-1build3 [6336 B]
#13 18.34 Get:198 http://ports.ubuntu.com/ubuntu-ports noble/main arm64 libxfixes3 arm64 1:6.0.0-2build1 [11.2 kB]
#13 18.34 Get:199 http://ports.ubuntu.com/ubuntu-ports noble/main arm64 libxcursor1 arm64 1:1.2.1-1build1 [21.1 kB]
#13 18.34 Get:200 http://ports.ubuntu.com/ubuntu-ports noble/main arm64 libxdamage1 arm64 1:1.1.6-1build1 [6236 B]
#13 18.34 Get:201 http://ports.ubuntu.com/ubuntu-ports noble/main arm64 libxinerama1 arm64 2:1.1.4-3build1 [6394 B]
#13 18.34 Get:202 http://ports.ubuntu.com/ubuntu-ports noble/main arm64 libxrandr2 arm64 2:1.5.2-2build1 [19.6 kB]
#13 18.55 Get:203 http://ports.ubuntu.com/ubuntu-ports noble-updates/main arm64 libgtk-3-common all 3.24.41-4ubuntu1.3 [1426 kB]
#13 19.33 Get:204 http://ports.ubuntu.com/ubuntu-ports noble-updates/main arm64 libgtk-3-0t64 arm64 3.24.41-4ubuntu1.3 [2881 kB]
#13 19.49 Get:205 http://ports.ubuntu.com/ubuntu-ports noble/universe arm64 libxfce4util-common all 4.18.1-2build3 [60.5 kB]
#13 19.49 Get:206 http://ports.ubuntu.com/ubuntu-ports noble/universe arm64 libxfce4util7 arm64 4.18.1-2build3 [29.9 kB]
#13 19.49 Get:207 http://ports.ubuntu.com/ubuntu-ports noble/universe arm64 libexo-2-0 arm64 4.18.0-1build4 [246 kB]
#13 19.50 Get:208 http://ports.ubuntu.com/ubuntu-ports noble/universe arm64 libxfce4ui-common all 4.18.4-1build4 [237 kB]
#13 19.51 Get:209 http://ports.ubuntu.com/ubuntu-ports noble/main arm64 libice6 arm64 2:1.0.10-1build3 [41.1 kB]
#13 19.51 Get:210 http://ports.ubuntu.com/ubuntu-ports noble/main arm64 libsm6 arm64 2:1.2.3-1build3 [15.6 kB]
#13 19.51 Get:211 http://ports.ubuntu.com/ubuntu-ports noble/main arm64 libx11-xcb1 arm64 2:1.8.7-1build1 [7870 B]
#13 19.51 Get:212 http://ports.ubuntu.com/ubuntu-ports noble/main arm64 libxcb-util1 arm64 0.4.0-1build3 [10.7 kB]
#13 19.51 Get:213 http://ports.ubuntu.com/ubuntu-ports noble/main arm64 libstartup-notification0 arm64 0.12-6build3 [18.9 kB]
#13 19.58 Get:214 http://ports.ubuntu.com/ubuntu-ports noble/universe arm64 xfconf arm64 4.18.1-1build3 [125 kB]
#13 19.59 Get:215 http://ports.ubuntu.com/ubuntu-ports noble/universe arm64 libxfconf-0-3 arm64 4.18.1-1build3 [29.0 kB]
#13 19.59 Get:216 http://ports.ubuntu.com/ubuntu-ports noble/universe arm64 libxfce4ui-2-0 arm64 4.18.4-1build4 [61.3 kB]
#13 19.60 Get:217 http://ports.ubuntu.com/ubuntu-ports noble/universe arm64 exo-utils arm64 4.18.0-1build4 [31.9 kB]
#13 19.61 Get:218 http://ports.ubuntu.com/ubuntu-ports noble/main arm64 gir1.2-atk-1.0 arm64 2.52.0-1build1 [23.1 kB]
#13 19.61 Get:219 http://ports.ubuntu.com/ubuntu-ports noble/main arm64 gir1.2-freedesktop arm64 1.80.1-1 [49.7 kB]
#13 19.61 Get:220 http://ports.ubuntu.com/ubuntu-ports noble/main arm64 gir1.2-atspi-2.0 arm64 2.52.0-1build1 [19.8 kB]
#13 19.61 Get:221 http://ports.ubuntu.com/ubuntu-ports noble-updates/main arm64 gir1.2-gdkpixbuf-2.0 arm64 2.42.10+dfsg-3ubuntu3.3 [9486 B]
#13 19.61 Get:222 http://ports.ubuntu.com/ubuntu-ports noble/main arm64 libharfbuzz-gobject0 arm64 8.3.0-2build2 [32.8 kB]
#13 19.61 Get:223 http://ports.ubuntu.com/ubuntu-ports noble/main arm64 gir1.2-harfbuzz-0.0 arm64 8.3.0-2build2 [44.5 kB]
#13 19.68 Get:224 http://ports.ubuntu.com/ubuntu-ports noble/main arm64 libxft2 arm64 2.3.6-1build1 [44.1 kB]
#13 19.68 Get:225 http://ports.ubuntu.com/ubuntu-ports noble/main arm64 libpangoxft-1.0-0 arm64 1.52.1+ds-1build1 [20.1 kB]
#13 19.68 Get:226 http://ports.ubuntu.com/ubuntu-ports noble/main arm64 gir1.2-pango-1.0 arm64 1.52.1+ds-1build1 [34.8 kB]
#13 19.69 Get:227 http://ports.ubuntu.com/ubuntu-ports noble-updates/main arm64 gir1.2-gtk-3.0 arm64 3.24.41-4ubuntu1.3 [245 kB]
#13 19.70 Get:228 http://ports.ubuntu.com/ubuntu-ports noble/main arm64 libayatana-ido3-0.4-0 arm64 0.10.1-1build2 [54.0 kB]
#13 19.70 Get:229 http://ports.ubuntu.com/ubuntu-ports noble/main arm64 libayatana-indicator3-7 arm64 0.9.4-1build1 [31.2 kB]
#13 19.70 Get:230 http://ports.ubuntu.com/ubuntu-ports noble/main arm64 libdbusmenu-glib4 arm64 18.10.20180917~bzr492+repack1-3.1ubuntu5 [42.7 kB]
#13 19.71 Get:231 http://ports.ubuntu.com/ubuntu-ports noble/main arm64 libdbusmenu-gtk3-4 arm64 18.10.20180917~bzr492+repack1-3.1ubuntu5 [26.7 kB]
#13 19.71 Get:232 http://ports.ubuntu.com/ubuntu-ports noble/main arm64 libayatana-appindicator3-1 arm64 0.5.93-1build3 [24.4 kB]
#13 19.71 Get:233 http://ports.ubuntu.com/ubuntu-ports noble/main arm64 gir1.2-ayatanaappindicator3-0.1 arm64 0.5.93-1build3 [5832 B]
#13 19.77 Get:234 http://ports.ubuntu.com/ubuntu-ports noble/main arm64 gir1.2-ayatanaido3-0.4 arm64 0.10.1-1build2 [6406 B]
#13 19.77 Get:235 http://ports.ubuntu.com/ubuntu-ports noble/main arm64 gir1.2-dbusmenu-glib-0.4 arm64 18.10.20180917~bzr492+repack1-3.1ubuntu5 [7080 B]
#13 19.78 Get:236 http://ports.ubuntu.com/ubuntu-ports noble-updates/main arm64 gir1.2-glib-2.0-dev arm64 2.80.0-6ubuntu3.9 [848 kB]
#13 19.80 Get:237 http://ports.ubuntu.com/ubuntu-ports noble/main arm64 gir1.2-freedesktop-dev arm64 1.80.1-1 [28.8 kB]
#13 19.80 Get:238 http://ports.ubuntu.com/ubuntu-ports noble-updates/main arm64 libjavascriptcoregtk-4.1-0 arm64 2.52.6-0ubuntu0.24.04.1 [7543 kB]
#13 19.98 Get:239 http://ports.ubuntu.com/ubuntu-ports noble-updates/main arm64 gir1.2-javascriptcoregtk-4.1 arm64 2.52.6-0ubuntu0.24.04.1 [38.7 kB]
#13 19.98 Get:240 http://ports.ubuntu.com/ubuntu-ports noble-updates/main arm64 librsvg2-2 arm64 2.58.0+dfsg-1ubuntu0.1 [2037 kB]
#13 20.03 Get:241 http://ports.ubuntu.com/ubuntu-ports noble-updates/main arm64 gir1.2-rsvg-2.0 arm64 2.58.0+dfsg-1ubuntu0.1 [11.1 kB]
#13 20.03 Get:242 http://ports.ubuntu.com/ubuntu-ports noble-updates/main arm64 libcurl3t64-gnutls arm64 8.5.0-2ubuntu10.15 [330 kB]
#13 20.04 Get:243 http://ports.ubuntu.com/ubuntu-ports noble/main arm64 libduktape207 arm64 2.7.0+tests-0ubuntu3 [144 kB]
#13 20.05 Get:244 http://ports.ubuntu.com/ubuntu-ports noble/main arm64 libproxy1v5 arm64 0.5.4-4build1 [26.1 kB]
#13 20.05 Get:245 http://ports.ubuntu.com/ubuntu-ports noble/main arm64 glib-networking-common all 2.80.0-1build1 [6702 B]
#13 20.05 Get:246 http://ports.ubuntu.com/ubuntu-ports noble/main arm64 glib-networking-services arm64 2.80.0-1build1 [12.7 kB]
#13 20.05 Get:247 http://ports.ubuntu.com/ubuntu-ports noble/main arm64 glib-networking arm64 2.80.0-1build1 [63.9 kB]
#13 20.08 Get:248 http://ports.ubuntu.com/ubuntu-ports noble-updates/main arm64 libsoup-3.0-common all 3.4.4-5ubuntu0.9 [12.3 kB]
#13 20.08 Get:249 http://ports.ubuntu.com/ubuntu-ports noble-updates/main arm64 libsoup-3.0-0 arm64 3.4.4-5ubuntu0.9 [291 kB]
#13 20.13 Get:250 http://ports.ubuntu.com/ubuntu-ports noble-updates/main arm64 gir1.2-soup-3.0 arm64 3.4.4-5ubuntu0.9 [22.5 kB]
#13 20.13 Get:251 http://ports.ubuntu.com/ubuntu-ports noble/main arm64 libcdparanoia0 arm64 3.10.2+debian-14build3 [46.9 kB]
#13 20.14 Get:252 http://ports.ubuntu.com/ubuntu-ports noble-updates/main arm64 libdw1t64 arm64 0.190-1.1ubuntu0.1 [258 kB]
#13 20.15 Get:253 http://ports.ubuntu.com/ubuntu-ports noble-updates/main arm64 libunwind8 arm64 1.6.2-3build1.1 [53.6 kB]
#13 20.15 Get:254 http://ports.ubuntu.com/ubuntu-ports noble-updates/main arm64 libgstreamer1.0-0 arm64 1.24.2-1ubuntu0.1 [1147 kB]
#13 20.17 Get:255 http://ports.ubuntu.com/ubuntu-ports noble-updates/main arm64 liborc-0.4-0t64 arm64 1:0.4.38-1ubuntu0.1 [205 kB]
#13 20.17 Get:256 http://ports.ubuntu.com/ubuntu-ports noble-updates/main arm64 libgstreamer-plugins-base1.0-0 arm64 1.24.2-1ubuntu0.5 [830 kB]
#13 20.19 Get:257 http://ports.ubuntu.com/ubuntu-ports noble/main arm64 libogg0 arm64 1.3.5-3build1 [22.6 kB]
#13 20.19 Get:258 http://ports.ubuntu.com/ubuntu-ports noble/main arm64 libopus0 arm64 1.4-1build1 [198 kB]
#13 20.19 Get:259 http://ports.ubuntu.com/ubuntu-ports noble/main arm64 libtheora0 arm64 1.1.1+dfsg.1-16.1build3 [224 kB]
#13 20.23 Get:260 http://ports.ubuntu.com/ubuntu-ports noble/main arm64 libvisual-0.4-0 arm64 0.4.2-2build1 [110 kB]
#13 20.23 Get:261 http://ports.ubuntu.com/ubuntu-ports noble/main arm64 libvorbis0a arm64 1.3.7-1build3 [94.0 kB]
#13 20.24 Get:262 http://ports.ubuntu.com/ubuntu-ports noble/main arm64 libvorbisenc2 arm64 1.3.7-1build3 [80.0 kB]
#13 20.25 Get:263 http://ports.ubuntu.com/ubuntu-ports noble-updates/main arm64 gstreamer1.0-plugins-base arm64 1.24.2-1ubuntu0.5 [691 kB]
#13 20.27 Get:264 http://ports.ubuntu.com/ubuntu-ports noble/main arm64 libaa1 arm64 1.4p5-51.1 [49.7 kB]
#13 20.27 Get:265 http://ports.ubuntu.com/ubuntu-ports noble/main arm64 libraw1394-11 arm64 2.1.2-2build3 [26.9 kB]
#13 20.29 Get:266 http://ports.ubuntu.com/ubuntu-ports noble/main arm64 libavc1394-0 arm64 0.5.4-5build3 [15.8 kB]
#13 20.29 Get:267 http://ports.ubuntu.com/ubuntu-ports noble-updates/main arm64 libcaca0 arm64 0.99.beta20-4ubuntu0.2 [206 kB]
#13 20.29 Get:268 http://ports.ubuntu.com/ubuntu-ports noble/main arm64 libdv4t64 arm64 1.0.0-17.1build1 [60.2 kB]
#13 20.29 Get:269 http://ports.ubuntu.com/ubuntu-ports noble/main arm64 libflac12t64 arm64 1.4.3+ds-2.1ubuntu2 [170 kB]
#13 20.32 Get:270 http://ports.ubuntu.com/ubuntu-ports noble-updates/main arm64 libgstreamer-plugins-good1.0-0 arm64 1.24.2-1ubuntu1.8 [34.0 kB]
#13 20.32 Get:271 http://ports.ubuntu.com/ubuntu-ports noble/main arm64 libgudev-1.0-0 arm64 1:238-5ubuntu1 [15.1 kB]
#13 20.34 Get:272 http://ports.ubuntu.com/ubuntu-ports noble/main arm64 libiec61883-0 arm64 1.2.0-6build1 [24.3 kB]
#13 20.36 Get:273 http://ports.ubuntu.com/ubuntu-ports noble/main arm64 libmp3lame0 arm64 3.100-6build1 [141 kB]
#13 20.37 Get:274 http://ports.ubuntu.com/ubuntu-ports noble-updates/main arm64 libmpg123-0t64 arm64 1.32.5-1ubuntu1.1 [172 kB]
#13 20.37 Get:275 http://ports.ubuntu.com/ubuntu-ports noble/main arm64 libasyncns0 arm64 0.8-6build4 [11.2 kB]
#13 20.38 Get:276 http://ports.ubuntu.com/ubuntu-ports noble-updates/main arm64 libsndfile1 arm64 1.2.2-1ubuntu5.24.04.1 [208 kB]
#13 20.39 Get:277 http://ports.ubuntu.com/ubuntu-ports noble-updates/main arm64 libpulse0 arm64 1:16.1+dfsg1-2ubuntu10.1 [271 kB]
#13 20.39 Get:278 http://ports.ubuntu.com/ubuntu-ports noble-updates/main arm64 libspeex1 arm64 1.2.1-2ubuntu2.24.04.1 [56.2 kB]
#13 20.39 Get:279 http://ports.ubuntu.com/ubuntu-ports noble/main arm64 libshout3 arm64 2.4.6-1build2 [51.0 kB]
#13 20.42 Get:280 http://ports.ubuntu.com/ubuntu-ports noble/main arm64 libtag1v5-vanilla arm64 1.13.1-1build1 [303 kB]
#13 20.42 Get:281 http://ports.ubuntu.com/ubuntu-ports noble/main arm64 libtag1v5 arm64 1.13.1-1build1 [11.7 kB]
#13 20.43 Get:282 http://ports.ubuntu.com/ubuntu-ports noble/main arm64 libtwolame0 arm64 0.4.0-2build3 [51.7 kB]
#13 20.46 Get:283 http://ports.ubuntu.com/ubuntu-ports noble/main arm64 libv4lconvert0t64 arm64 1.26.1-4build3 [88.6 kB]
#13 20.46 Get:284 http://ports.ubuntu.com/ubuntu-ports noble/main arm64 libv4l-0t64 arm64 1.26.1-4build3 [46.4 kB]
#13 20.46 Get:285 http://ports.ubuntu.com/ubuntu-ports noble-updates/main arm64 libvpx9 arm64 1.14.0-1ubuntu2.3 [1233 kB]
#13 20.49 Get:286 http://ports.ubuntu.com/ubuntu-ports noble/main arm64 libwavpack1 arm64 5.6.0-1build1 [79.2 kB]
#13 20.49 Get:287 http://ports.ubuntu.com/ubuntu-ports noble-updates/main arm64 gstreamer1.0-plugins-good arm64 1.24.2-1ubuntu1.8 [2155 kB]
#13 20.54 Get:288 http://ports.ubuntu.com/ubuntu-ports noble/main arm64 libglvnd0 arm64 1.7.0-1build1 [60.6 kB]
#13 20.54 Get:289 http://ports.ubuntu.com/ubuntu-ports noble/main arm64 libgles2 arm64 1.7.0-1build1 [17.6 kB]
#13 20.54 Get:290 http://ports.ubuntu.com/ubuntu-ports noble-updates/main arm64 xdg-dbus-proxy arm64 0.1.5-1ubuntu0.2 [25.8 kB]
#13 20.54 Get:291 http://ports.ubuntu.com/ubuntu-ports noble/main arm64 hunspell-en-us all 1:2020.12.07-2 [280 kB]
#13 20.55 Get:292 http://ports.ubuntu.com/ubuntu-ports noble/main arm64 libaspell15 arm64 0.60.8.1-1build1 [316 kB]
#13 20.56 Get:293 http://ports.ubuntu.com/ubuntu-ports noble/main arm64 libhunspell-1.7-0 arm64 1.7.2+really1.7.2-10build3 [274 kB]
#13 20.57 Get:294 http://ports.ubuntu.com/ubuntu-ports noble/main arm64 libenchant-2-2 arm64 2.3.3-2build2 [50.3 kB]
#13 20.59 Get:295 http://ports.ubuntu.com/ubuntu-ports noble-updates/main arm64 libdrm-amdgpu1 arm64 2.4.125-1ubuntu0.1~24.04.2 [21.9 kB]
#13 20.59 Get:296 http://ports.ubuntu.com/ubuntu-ports noble-updates/main arm64 libllvm20 arm64 1:20.1.2-0ubuntu1~24.04.3 [29.3 MB]
#13 21.31 Get:297 http://ports.ubuntu.com/ubuntu-ports noble/main arm64 libxcb-dri3-0 arm64 1.15-1ubuntu2 [7196 B]
#13 21.31 Get:298 http://ports.ubuntu.com/ubuntu-ports noble/main arm64 libxcb-present0 arm64 1.15-1ubuntu2 [5866 B]
#13 21.31 Get:299 http://ports.ubuntu.com/ubuntu-ports noble/main arm64 libxcb-randr0 arm64 1.15-1ubuntu2 [18.4 kB]
#13 21.31 Get:300 http://ports.ubuntu.com/ubuntu-ports noble/main arm64 libxcb-sync1 arm64 1.15-1ubuntu2 [9682 B]
#13 21.31 Get:301 http://ports.ubuntu.com/ubuntu-ports noble/main arm64 libxcb-xfixes0 arm64 1.15-1ubuntu2 [10.6 kB]
#13 21.31 Get:302 http://ports.ubuntu.com/ubuntu-ports noble/main arm64 libxshmfence1 arm64 1.3-1build5 [4938 B]
#13 21.31 Get:303 http://ports.ubuntu.com/ubuntu-ports noble-updates/main arm64 mesa-libgallium arm64 25.2.8-0ubuntu0.24.04.4 [12.1 MB]
#13 21.80 Get:304 http://ports.ubuntu.com/ubuntu-ports noble-updates/main arm64 libgbm1 arm64 25.2.8-0ubuntu0.24.04.4 [35.0 kB]
#13 22.02 Get:305 http://ports.ubuntu.com/ubuntu-ports noble-updates/main arm64 libegl-mesa0 arm64 25.2.8-0ubuntu0.24.04.4 [117 kB]
#13 22.24 Get:306 http://ports.ubuntu.com/ubuntu-ports noble/main arm64 libegl1 arm64 1.7.0-1build1 [29.5 kB]
#13 22.26 Get:307 http://ports.ubuntu.com/ubuntu-ports noble/main arm64 libxcb-glx0 arm64 1.15-1ubuntu2 [25.5 kB]
#13 22.28 Get:308 http://ports.ubuntu.com/ubuntu-ports noble/main arm64 libxxf86vm1 arm64 1:1.1.4-1build4 [9130 B]
#13 22.29 Get:309 http://ports.ubuntu.com/ubuntu-ports noble/main arm64 libvulkan1 arm64 1.3.275.0-1build1 [150 kB]
#13 22.37 Get:310 http://ports.ubuntu.com/ubuntu-ports noble-updates/main arm64 libgl1-mesa-dri arm64 25.2.8-0ubuntu0.24.04.4 [37.0 kB]
#13 22.39 Get:311 http://ports.ubuntu.com/ubuntu-ports noble-updates/main arm64 libglx-mesa0 arm64 25.2.8-0ubuntu0.24.04.4 [111 kB]
#13 22.44 Get:312 http://ports.ubuntu.com/ubuntu-ports noble/main arm64 libglx0 arm64 1.7.0-1build1 [33.2 kB]
#13 22.45 Get:313 http://ports.ubuntu.com/ubuntu-ports noble/main arm64 libgl1 arm64 1.7.0-1build1 [106 kB]
#13 22.47 Get:314 http://ports.ubuntu.com/ubuntu-ports noble-updates/main arm64 libgstreamer-gl1.0-0 arm64 1.24.2-1ubuntu0.5 [209 kB]
#13 22.51 Get:315 http://ports.ubuntu.com/ubuntu-ports noble/main arm64 libharfbuzz-icu0 arm64 8.3.0-2build2 [13.2 kB]
#13 22.51 Get:316 http://ports.ubuntu.com/ubuntu-ports noble/main arm64 libhyphen0 arm64 2.8.8-7build3 [26.4 kB]
#13 22.52 Get:317 http://ports.ubuntu.com/ubuntu-ports noble/main arm64 libmanette-0.2-0 arm64 0.2.7-1build2 [30.4 kB]
#13 22.52 Get:318 http://ports.ubuntu.com/ubuntu-ports noble/main arm64 libsecret-common all 0.21.4-1build3 [4962 B]
#13 22.52 Get:319 http://ports.ubuntu.com/ubuntu-ports noble/main arm64 libsecret-1-0 arm64 0.21.4-1build3 [116 kB]
#13 22.54 Get:320 http://ports.ubuntu.com/ubuntu-ports noble/main arm64 libwayland-server0 arm64 1.22.0-2.1build1 [34.6 kB]
#13 22.55 Get:321 http://ports.ubuntu.com/ubuntu-ports noble/main arm64 libwebpdemux2 arm64 1.3.2-0.4build3 [12.3 kB]
#13 22.55 Get:322 http://ports.ubuntu.com/ubuntu-ports noble/main arm64 libwebpmux3 arm64 1.3.2-0.4build3 [25.0 kB]
#13 22.56 Get:323 http://ports.ubuntu.com/ubuntu-ports noble-updates/main arm64 libxslt1.1 arm64 1.1.39-0exp1ubuntu0.24.04.3 [167 kB]
#13 22.60 Get:324 http://ports.ubuntu.com/ubuntu-ports noble-updates/main arm64 libwebkit2gtk-4.1-0 arm64 2.52.6-0ubuntu0.24.04.1 [24.9 MB]
#13 23.34 Get:325 http://ports.ubuntu.com/ubuntu-ports noble-updates/main arm64 gir1.2-webkit2-4.1 arm64 2.52.6-0ubuntu0.24.04.1 [105 kB]
#13 23.34 Get:326 http://ports.ubuntu.com/ubuntu-ports noble/main arm64 liberror-perl all 0.17029-2 [25.6 kB]
#13 23.34 Get:327 http://ports.ubuntu.com/ubuntu-ports noble-updates/main arm64 git-man all 1:2.43.0-1ubuntu7.3 [1100 kB]
#13 23.37 Get:328 http://ports.ubuntu.com/ubuntu-ports noble-updates/main arm64 git arm64 1:2.43.0-1ubuntu7.3 [3774 kB]
#13 23.47 Get:329 http://ports.ubuntu.com/ubuntu-ports noble-updates/main arm64 icu-devtools arm64 74.2-1ubuntu3.1 [209 kB]
#13 23.47 Get:330 http://ports.ubuntu.com/ubuntu-ports noble-updates/main arm64 libaom3 arm64 3.8.2-2ubuntu0.2 [1620 kB]
#13 23.51 Get:331 http://ports.ubuntu.com/ubuntu-ports noble-updates/main arm64 libasound2-data all 1.2.11-1ubuntu0.3 [21.4 kB]
#13 23.51 Get:332 http://ports.ubuntu.com/ubuntu-ports noble-updates/main arm64 libasound2t64 arm64 1.2.11-1ubuntu0.3 [387 kB]
#13 23.52 Get:333 http://ports.ubuntu.com/ubuntu-ports noble/main arm64 libpkgconf3 arm64 1.8.1-2build1 [31.2 kB]
#13 23.52 Get:334 http://ports.ubuntu.com/ubuntu-ports noble/main arm64 pkgconf-bin arm64 1.8.1-2build1 [20.5 kB]
#13 23.52 Get:335 http://ports.ubuntu.com/ubuntu-ports noble/main arm64 pkgconf arm64 1.8.1-2build1 [16.8 kB]
#13 23.52 Get:336 http://ports.ubuntu.com/ubuntu-ports noble/main arm64 libffi-dev arm64 3.4.6-1build1 [59.5 kB]
#13 23.53 Get:337 http://ports.ubuntu.com/ubuntu-ports noble-updates/main arm64 libglib2.0-bin arm64 2.80.0-6ubuntu3.9 [97.1 kB]
#13 23.56 Get:338 http://ports.ubuntu.com/ubuntu-ports noble/main arm64 python3-packaging all 24.0-1 [41.1 kB]
#13 23.57 Get:339 http://ports.ubuntu.com/ubuntu-ports noble-updates/main arm64 libglib2.0-dev-bin arm64 2.80.0-6ubuntu3.9 [138 kB]
#13 23.61 Get:340 http://ports.ubuntu.com/ubuntu-ports noble-updates/main arm64 uuid-dev arm64 2.39.3-9ubuntu6.6 [34.8 kB]
#13 23.61 Get:341 http://ports.ubuntu.com/ubuntu-ports noble-updates/main arm64 libblkid-dev arm64 2.39.3-9ubuntu6.6 [219 kB]
#13 23.62 Get:342 http://ports.ubuntu.com/ubuntu-ports noble/main arm64 libsepol-dev arm64 3.5-2build1 [395 kB]
#13 23.62 Get:343 http://ports.ubuntu.com/ubuntu-ports noble-updates/main arm64 libpcre2-16-0 arm64 10.42-4ubuntu2.1 [196 kB]
#13 23.63 Get:344 http://ports.ubuntu.com/ubuntu-ports noble-updates/main arm64 libpcre2-32-0 arm64 10.42-4ubuntu2.1 [184 kB]
#13 23.64 Get:345 http://ports.ubuntu.com/ubuntu-ports noble-updates/main arm64 libpcre2-posix3 arm64 10.42-4ubuntu2.1 [6604 B]
#13 23.64 Get:346 http://ports.ubuntu.com/ubuntu-ports noble-updates/main arm64 libpcre2-dev arm64 10.42-4ubuntu2.1 [680 kB]
#13 23.65 Get:347 http://ports.ubuntu.com/ubuntu-ports noble-updates/main arm64 libselinux1-dev arm64 3.5-2ubuntu2.1 [172 kB]
#13 23.66 Get:348 http://ports.ubuntu.com/ubuntu-ports noble-updates/main arm64 libmount-dev arm64 2.39.3-9ubuntu6.6 [14.9 kB]
#13 23.66 Get:349 http://ports.ubuntu.com/ubuntu-ports noble-updates/main arm64 zlib1g-dev arm64 1:1.3.dfsg-3.1ubuntu2.2 [894 kB]
#13 23.70 Get:350 http://ports.ubuntu.com/ubuntu-ports noble-updates/main arm64 libgirepository-2.0-0 arm64 2.80.0-6ubuntu3.9 [71.5 kB]
#13 23.70 Get:351 http://ports.ubuntu.com/ubuntu-ports noble-updates/main arm64 libglib2.0-dev arm64 2.80.0-6ubuntu3.9 [1964 kB]
#13 23.75 Get:352 http://ports.ubuntu.com/ubuntu-ports noble/main arm64 libatk1.0-dev arm64 2.52.0-1build1 [100 kB]
#13 23.75 Get:353 http://ports.ubuntu.com/ubuntu-ports noble/main arm64 xml-core all 0.19 [20.3 kB]
#13 23.75 Get:354 http://ports.ubuntu.com/ubuntu-ports noble-updates/main arm64 libdbus-1-dev arm64 1.14.10-4ubuntu4.1 [200 kB]
#13 23.75 Get:355 http://ports.ubuntu.com/ubuntu-ports noble/main arm64 xorg-sgml-doctools all 1:1.11-1.1 [10.9 kB]
#13 23.75 Get:356 http://ports.ubuntu.com/ubuntu-ports noble/main arm64 x11proto-dev all 2023.2-1 [602 kB]
#13 23.77 Get:357 http://ports.ubuntu.com/ubuntu-ports noble/main arm64 libxau-dev arm64 1:1.0.9-1build6 [10.0 kB]
#13 23.77 Get:358 http://ports.ubuntu.com/ubuntu-ports noble/main arm64 libxdmcp-dev arm64 1:1.1.3-0ubuntu6 [26.3 kB]
#13 23.77 Get:359 http://ports.ubuntu.com/ubuntu-ports noble/main arm64 xtrans-dev all 1.4.0-1 [68.9 kB]
#13 23.80 Get:360 http://ports.ubuntu.com/ubuntu-ports noble/main arm64 libpthread-stubs0-dev arm64 0.4-1build3 [4734 B]
#13 23.85 Get:361 http://ports.ubuntu.com/ubuntu-ports noble/main arm64 libxcb1-dev arm64 1.15-1ubuntu2 [91.2 kB]
#13 23.88 Get:362 http://ports.ubuntu.com/ubuntu-ports noble/main arm64 libx11-dev arm64 2:1.8.7-1build1 [742 kB]
#13 23.88 Get:363 http://ports.ubuntu.com/ubuntu-ports noble/main arm64 libxext-dev arm64 2:1.3.4-1build2 [84.9 kB]
#13 23.88 Get:364 http://ports.ubuntu.com/ubuntu-ports noble/main arm64 libxfixes-dev arm64 1:6.0.0-2build1 [13.0 kB]
#13 23.88 Get:365 http://ports.ubuntu.com/ubuntu-ports noble/main arm64 libxi-dev arm64 2:1.8.1-1build1 [193 kB]
#13 23.88 Get:366 http://ports.ubuntu.com/ubuntu-ports noble/main arm64 libxtst-dev arm64 2:1.2.3-1.1build1 [16.6 kB]
#13 23.88 Get:367 http://ports.ubuntu.com/ubuntu-ports noble/main arm64 libatspi2.0-dev arm64 2.52.0-1build1 [76.2 kB]
#13 23.88 Get:368 http://ports.ubuntu.com/ubuntu-ports noble/main arm64 libatk-bridge2.0-dev arm64 2.52.0-1build1 [4278 B]
#13 23.88 Get:369 http://ports.ubuntu.com/ubuntu-ports noble/main arm64 liblzo2-2 arm64 2.10-2build4 [50.6 kB]
#13 23.89 Get:370 http://ports.ubuntu.com/ubuntu-ports noble/main arm64 libcairo-script-interpreter2 arm64 1.18.0-3build1 [60.9 kB]
#13 23.97 Get:371 http://ports.ubuntu.com/ubuntu-ports noble-updates/main arm64 libexpat1-dev arm64 2.6.1-2ubuntu0.6 [134 kB]
#13 23.97 Get:372 http://ports.ubuntu.com/ubuntu-ports noble/main arm64 libbrotli-dev arm64 1.1.0-2build2 [360 kB]
#13 23.98 Get:373 http://ports.ubuntu.com/ubuntu-ports noble-updates/main arm64 libbz2-dev arm64 1.0.8-5.1ubuntu0.1 [35.8 kB]
#13 23.98 Get:374 http://ports.ubuntu.com/ubuntu-ports noble-updates/main arm64 libpng-dev arm64 1.6.43-5ubuntu0.7 [268 kB]
#13 23.99 Get:375 http://ports.ubuntu.com/ubuntu-ports noble-updates/main arm64 libfreetype-dev arm64 2.13.2+dfsg-1ubuntu0.2 [574 kB]
#13 24.00 Get:376 http://ports.ubuntu.com/ubuntu-ports noble/main arm64 libfontconfig-dev arm64 2.15.0-1.1ubuntu2 [165 kB]
#13 24.00 Get:377 http://ports.ubuntu.com/ubuntu-ports noble/main arm64 libpixman-1-dev arm64 0.42.2-1build1 [228 kB]
#13 24.01 Get:378 http://ports.ubuntu.com/ubuntu-ports noble/main arm64 libice-dev arm64 2:1.0.10-1build3 [52.3 kB]
#13 24.02 Get:379 http://ports.ubuntu.com/ubuntu-ports noble/main arm64 libsm-dev arm64 2:1.2.3-1build3 [18.9 kB]
#13 24.02 Get:380 http://ports.ubuntu.com/ubuntu-ports noble/main arm64 libxcb-render0-dev arm64 1.15-1ubuntu2 [20.9 kB]
#13 24.07 Get:381 http://ports.ubuntu.com/ubuntu-ports noble/main arm64 libxcb-shm0-dev arm64 1.15-1ubuntu2 [8750 B]
#13 24.08 Get:382 http://ports.ubuntu.com/ubuntu-ports noble/main arm64 libxrender-dev arm64 1:0.9.10-1.1build1 [26.9 kB]
#13 24.08 Get:383 http://ports.ubuntu.com/ubuntu-ports noble/main arm64 libcairo2-dev arm64 1.18.0-3build1 [41.1 kB]
#13 24.08 Get:384 http://ports.ubuntu.com/ubuntu-ports noble/main arm64 libglx-dev arm64 1.7.0-1build1 [14.2 kB]
#13 24.10 Get:385 http://ports.ubuntu.com/ubuntu-ports noble/main arm64 libgl-dev arm64 1.7.0-1build1 [102 kB]
#13 24.10 Get:386 http://ports.ubuntu.com/ubuntu-ports noble/main arm64 libegl-dev arm64 1.7.0-1build1 [18.2 kB]
#13 24.11 Get:387 http://ports.ubuntu.com/ubuntu-ports noble/main arm64 libglvnd-core-dev arm64 1.7.0-1build1 [13.5 kB]
#13 24.11 Get:388 http://ports.ubuntu.com/ubuntu-ports noble/main arm64 libgles1 arm64 1.7.0-1build1 [11.6 kB]
#13 24.11 Get:389 http://ports.ubuntu.com/ubuntu-ports noble/main arm64 libgles-dev arm64 1.7.0-1build1 [50.4 kB]
#13 24.11 Get:390 http://ports.ubuntu.com/ubuntu-ports noble/main arm64 libopengl0 arm64 1.7.0-1build1 [35.1 kB]
#13 24.16 Get:391 http://ports.ubuntu.com/ubuntu-ports noble/main arm64 libopengl-dev arm64 1.7.0-1build1 [3440 B]
#13 24.17 Get:392 http://ports.ubuntu.com/ubuntu-ports noble/main arm64 libglvnd-dev arm64 1.7.0-1build1 [3196 B]
#13 24.17 Get:393 http://ports.ubuntu.com/ubuntu-ports noble-updates/main arm64 libegl1-mesa-dev arm64 25.2.8-0ubuntu0.24.04.4 [26.8 kB]
#13 24.18 Get:394 http://ports.ubuntu.com/ubuntu-ports noble/main arm64 libepoxy-dev arm64 1.5.10-1build1 [132 kB]
#13 24.19 Get:395 http://ports.ubuntu.com/ubuntu-ports noble/main arm64 libfribidi-dev arm64 1.0.13-3build1 [65.0 kB]
#13 24.20 Get:396 http://ports.ubuntu.com/ubuntu-ports noble-updates/main arm64 libgdk-pixbuf2.0-bin arm64 2.42.10+dfsg-3ubuntu3.3 [14.2 kB]
#13 24.20 Get:397 http://ports.ubuntu.com/ubuntu-ports noble/main arm64 libjpeg-turbo8-dev arm64 2.1.5-2ubuntu2 [305 kB]
#13 24.21 Get:398 http://ports.ubuntu.com/ubuntu-ports noble/main arm64 libjpeg8-dev arm64 8c-2ubuntu11 [1484 B]
#13 24.21 Get:399 http://ports.ubuntu.com/ubuntu-ports noble/main arm64 libjpeg-dev arm64 8c-2ubuntu11 [1482 B]
#13 24.21 Get:400 http://ports.ubuntu.com/ubuntu-ports noble/main arm64 libjbig-dev arm64 2.1-6.1ubuntu2 [27.5 kB]
#13 24.26 Get:401 http://ports.ubuntu.com/ubuntu-ports noble-updates/main arm64 liblzma-dev arm64 5.6.1+really5.4.5-1ubuntu0.3 [178 kB]
#13 24.26 Get:402 http://ports.ubuntu.com/ubuntu-ports noble-updates/main arm64 libzstd-dev arm64 1.5.5+dfsg2-2build1.1 [344 kB]
#13 24.27 Get:403 http://ports.ubuntu.com/ubuntu-ports noble/main arm64 libwebpdecoder3 arm64 1.3.2-0.4build3 [88.7 kB]
#13 24.27 Get:404 http://ports.ubuntu.com/ubuntu-ports noble/main arm64 libsharpyuv-dev arm64 1.3.2-0.4build3 [15.1 kB]
#13 24.46 Get:405 http://ports.ubuntu.com/ubuntu-ports noble/main arm64 libwebp-dev arm64 1.3.2-0.4build3 [334 kB]
#13 25.02 Get:406 http://ports.ubuntu.com/ubuntu-ports noble-updates/main arm64 libtiffxx6 arm64 4.5.1+git230720-4ubuntu2.5 [5646 B]
#13 25.02 Get:407 http://ports.ubuntu.com/ubuntu-ports noble-updates/main arm64 libdeflate-dev arm64 1.19-1build1.1 [51.2 kB]
#13 25.03 Get:408 http://ports.ubuntu.com/ubuntu-ports noble/main arm64 liblerc-dev arm64 4.0.0+ds-4ubuntu2 [168 kB]
#13 25.06 Get:409 http://ports.ubuntu.com/ubuntu-ports noble-updates/main arm64 libtiff-dev arm64 4.5.1+git230720-4ubuntu2.5 [337 kB]
#13 25.15 Get:410 http://ports.ubuntu.com/ubuntu-ports noble-updates/main arm64 libgdk-pixbuf-2.0-dev arm64 2.42.10+dfsg-3ubuntu3.3 [47.9 kB]
#13 25.16 Get:411 http://ports.ubuntu.com/ubuntu-ports noble/main arm64 libharfbuzz-subset0 arm64 8.3.0-2build2 [413 kB]
#13 25.22 Get:412 http://ports.ubuntu.com/ubuntu-ports noble/main arm64 libharfbuzz-cairo0 arm64 8.3.0-2build2 [25.1 kB]
#13 25.22 Get:413 http://ports.ubuntu.com/ubuntu-ports noble-updates/main arm64 libgraphite2-dev arm64 1.3.14-2ubuntu0.24.04.1 [14.7 kB]
#13 25.22 Get:414 http://ports.ubuntu.com/ubuntu-ports noble-updates/main arm64 libicu-dev arm64 74.2-1ubuntu3.1 [11.9 MB]
#13 25.64 Get:415 http://ports.ubuntu.com/ubuntu-ports noble/main arm64 libharfbuzz-dev arm64 8.3.0-2build2 [142 kB]
#13 25.64 Get:416 http://ports.ubuntu.com/ubuntu-ports noble/main arm64 libdatrie-dev arm64 0.2.13-3build1 [20.3 kB]
#13 25.64 Get:417 http://ports.ubuntu.com/ubuntu-ports noble/main arm64 libthai-dev arm64 0.1.29-2build1 [26.3 kB]
#13 25.64 Get:418 http://ports.ubuntu.com/ubuntu-ports noble/main arm64 libxft-dev arm64 2.3.6-1build1 [65.0 kB]
#13 25.64 Get:419 http://ports.ubuntu.com/ubuntu-ports noble/main arm64 pango1.0-tools arm64 1.52.1+ds-1build1 [36.3 kB]
#13 25.65 Get:420 http://ports.ubuntu.com/ubuntu-ports noble/main arm64 libpango1.0-dev arm64 1.52.1+ds-1build1 [147 kB]
#13 25.65 Get:421 http://ports.ubuntu.com/ubuntu-ports noble/main arm64 libwayland-bin arm64 1.22.0-2.1build1 [20.3 kB]
#13 25.65 Get:422 http://ports.ubuntu.com/ubuntu-ports noble/main arm64 libwayland-dev arm64 1.22.0-2.1build1 [71.3 kB]
#13 25.65 Get:423 http://ports.ubuntu.com/ubuntu-ports noble/main arm64 libxcomposite-dev arm64 1:0.4.5-1build3 [9618 B]
#13 25.74 Get:424 http://ports.ubuntu.com/ubuntu-ports noble/main arm64 libxcursor-dev arm64 1:1.2.1-1build1 [33.3 kB]
#13 25.74 Get:425 http://ports.ubuntu.com/ubuntu-ports noble/main arm64 libxdamage-dev arm64 1:1.1.6-1build1 [5508 B]
#13 25.74 Get:426 http://ports.ubuntu.com/ubuntu-ports noble/main arm64 libxinerama-dev arm64 2:1.1.4-3build1 [8148 B]
#13 25.74 Get:427 http://ports.ubuntu.com/ubuntu-ports noble/main arm64 libxkbcommon-dev arm64 1.6.0-1build1 [56.3 kB]
#13 25.74 Get:428 http://ports.ubuntu.com/ubuntu-ports noble/main arm64 libxrandr-dev arm64 2:1.5.2-2build1 [27.2 kB]
#13 25.74 Get:429 http://ports.ubuntu.com/ubuntu-ports noble-updates/main arm64 wayland-protocols all 1.45-1~ubuntu0.24.04.2 [114 kB]
#13 25.74 Get:430 http://ports.ubuntu.com/ubuntu-ports noble-updates/main arm64 libgtk-3-dev arm64 3.24.41-4ubuntu1.3 [1096 kB]
#13 25.77 Get:431 http://ports.ubuntu.com/ubuntu-ports noble/main arm64 pkg-config arm64 1.8.1-2build1 [7264 B]
#13 25.78 Get:432 http://ports.ubuntu.com/ubuntu-ports noble/main arm64 libayatana-ido3-dev arm64 0.10.1-1build2 [14.2 kB]
#13 25.78 Get:433 http://ports.ubuntu.com/ubuntu-ports noble/main arm64 libayatana-indicator3-dev arm64 0.9.4-1build1 [6944 B]
#13 25.83 Get:434 http://ports.ubuntu.com/ubuntu-ports noble/main arm64 libdbusmenu-glib-dev arm64 18.10.20180917~bzr492+repack1-3.1ubuntu5 [75.0 kB]
#13 25.83 Get:435 http://ports.ubuntu.com/ubuntu-ports noble/main arm64 libayatana-appindicator3-dev arm64 0.5.93-1build3 [15.0 kB]
#13 25.83 Get:436 http://ports.ubuntu.com/ubuntu-ports noble/main arm64 libgc1 arm64 1:8.2.6-1build1 [89.1 kB]
#13 25.83 Get:437 http://ports.ubuntu.com/ubuntu-ports noble-updates/universe arm64 libobjc4 arm64 14.2.0-4ubuntu2~24.04.1 [45.5 kB]
#13 25.83 Get:438 http://ports.ubuntu.com/ubuntu-ports noble-updates/universe arm64 libobjc-13-dev arm64 13.3.0-6ubuntu2~24.04.1 [190 kB]
#13 25.84 Get:439 http://ports.ubuntu.com/ubuntu-ports noble-updates/main arm64 libllvm18 arm64 1:18.1.3-1ubuntu1 [26.3 MB]
#13 26.54 Get:440 http://ports.ubuntu.com/ubuntu-ports noble-updates/main arm64 libclang1-18 arm64 1:18.1.3-1ubuntu1 [7533 kB]
#13 26.73 Get:441 http://ports.ubuntu.com/ubuntu-ports noble-updates/universe arm64 libclang-common-18-dev arm64 1:18.1.3-1ubuntu1 [736 kB]
#13 26.75 Get:442 http://ports.ubuntu.com/ubuntu-ports noble-updates/universe arm64 libclang-18-dev arm64 1:18.1.3-1ubuntu1 [29.4 MB]
#13 27.49 Get:443 http://ports.ubuntu.com/ubuntu-ports noble/universe arm64 libclang-dev arm64 1:18.0-59~exp2 [5424 B]
#13 27.49 Get:444 http://ports.ubuntu.com/ubuntu-ports noble/universe arm64 libgarcon-common all 4.18.1-1build3 [59.5 kB]
#13 27.49 Get:445 http://ports.ubuntu.com/ubuntu-ports noble/universe arm64 libgarcon-1-0 arm64 4.18.1-1build3 [43.9 kB]
#13 27.49 Get:446 http://ports.ubuntu.com/ubuntu-ports noble/universe arm64 libgarcon-gtk3-1-0 arm64 4.18.1-1build3 [12.6 kB]
#13 27.49 Get:447 http://ports.ubuntu.com/ubuntu-ports noble-updates/main arm64 libgbm-dev arm64 25.2.8-0ubuntu0.24.04.4 [12.7 kB]
#13 27.49 Get:448 http://ports.ubuntu.com/ubuntu-ports noble-updates/main arm64 libgif7 arm64 5.2.2-1ubuntu1.2 [36.1 kB]
#13 27.49 Get:449 http://ports.ubuntu.com/ubuntu-ports noble-updates/main arm64 libgs-common all 10.02.1~dfsg1-0ubuntu7.9 [176 kB]
#13 27.50 Get:450 http://ports.ubuntu.com/ubuntu-ports noble-updates/main arm64 libgs10-common all 10.02.1~dfsg1-0ubuntu7.9 [488 kB]
#13 27.50 Get:451 http://ports.ubuntu.com/ubuntu-ports noble-updates/main arm64 libidn12 arm64 1.42-1ubuntu0.1 [57.1 kB]
#13 27.59 Get:452 http://ports.ubuntu.com/ubuntu-ports noble/main arm64 libijs-0.35 arm64 0.35-15.1build1 [15.3 kB]
#13 27.59 Get:453 http://ports.ubuntu.com/ubuntu-ports noble-updates/main arm64 libjbig2dec0 arm64 0.20-1ubuntu0.24.04.1 [63.4 kB]
#13 27.59 Get:454 http://ports.ubuntu.com/ubuntu-ports noble-updates/main arm64 libopenjp2-7 arm64 2.5.0-2ubuntu0.5 [171 kB]
#13 27.59 Get:455 http://ports.ubuntu.com/ubuntu-ports noble/main arm64 libpaper1 arm64 1.1.29build1 [13.4 kB]
#13 27.60 Get:456 http://ports.ubuntu.com/ubuntu-ports noble/main arm64 libxt6t64 arm64 1:1.2.1-1.2build1 [168 kB]
#13 27.60 Get:457 http://ports.ubuntu.com/ubuntu-ports noble-updates/main arm64 libgs10 arm64 10.02.1~dfsg1-0ubuntu7.9 [3777 kB]
#13 27.68 Get:458 http://ports.ubuntu.com/ubuntu-ports noble-updates/main arm64 libheif1 arm64 1.17.6-1ubuntu4.9 [261 kB]
#13 27.71 Get:459 http://ports.ubuntu.com/ubuntu-ports noble-updates/main arm64 libheif-plugin-aomdec arm64 1.17.6-1ubuntu4.9 [11.7 kB]
#13 27.71 Get:460 http://ports.ubuntu.com/ubuntu-ports noble/universe arm64 libhwy1t64 arm64 1.0.7-8.1build1 [437 kB]
#13 27.72 Get:461 http://ports.ubuntu.com/ubuntu-ports noble/universe arm64 libid3tag0 arm64 0.15.1b-14build1 [32.9 kB]
#13 27.72 Get:462 http://ports.ubuntu.com/ubuntu-ports noble/main arm64 libimagequant0 arm64 2.18.0-1build1 [37.1 kB]
#13 27.72 Get:463 http://ports.ubuntu.com/ubuntu-ports noble-updates/universe arm64 libjxl0.7 arm64 0.7.0-10.2ubuntu6.1 [690 kB]
#13 27.73 Get:464 http://ports.ubuntu.com/ubuntu-ports noble/main arm64 libspectre1 arm64 0.2.12-1build2 [29.6 kB]
#13 27.73 Get:465 http://ports.ubuntu.com/ubuntu-ports noble/universe arm64 libimlib2t64 arm64 1.12.1-1.1build2 [201 kB]
#13 27.74 Get:466 http://ports.ubuntu.com/ubuntu-ports noble-updates/universe arm64 libjavascriptcoregtk-4.1-dev arm64 2.52.6-0ubuntu0.24.04.1 [69.8 kB]
#13 27.78 Get:467 http://ports.ubuntu.com/ubuntu-ports noble-updates/main arm64 libnghttp2-dev arm64 1.59.0-1ubuntu0.4 [118 kB]
#13 27.81 Get:468 http://ports.ubuntu.com/ubuntu-ports noble/universe arm64 libobt2v5 arm64 3.6.1-12build5 [32.9 kB]
#13 27.81 Get:469 http://ports.ubuntu.com/ubuntu-ports noble/universe arm64 libobrender32v5 arm64 3.6.1-12build5 [39.7 kB]
#13 27.82 Get:470 http://ports.ubuntu.com/ubuntu-ports noble/main arm64 libwebrtc-audio-processing1 arm64 0.3.1-0ubuntu6 [285 kB]
#13 27.82 Get:471 http://ports.ubuntu.com/ubuntu-ports noble-updates/main arm64 libspa-0.2-modules arm64 1.0.5-1ubuntu3.3 [576 kB]
#13 27.83 Get:472 http://ports.ubuntu.com/ubuntu-ports noble-updates/main arm64 libpipewire-0.3-0t64 arm64 1.0.5-1ubuntu3.3 [247 kB]
#13 27.84 Get:473 http://ports.ubuntu.com/ubuntu-ports noble-updates/main arm64 libspa-0.2-dev arm64 1.0.5-1ubuntu3.3 [109 kB]
#13 27.84 Get:474 http://ports.ubuntu.com/ubuntu-ports noble-updates/main arm64 libpipewire-0.3-dev arm64 1.0.5-1ubuntu3.3 [53.3 kB]
#13 27.84 Get:475 http://ports.ubuntu.com/ubuntu-ports noble/main arm64 libpsl-dev arm64 0.21.2-1.1build1 [77.2 kB]
#13 27.85 Get:476 http://ports.ubuntu.com/ubuntu-ports noble/main arm64 libraqm0 arm64 0.10.1-1build1 [14.7 kB]
#13 27.88 Get:477 http://ports.ubuntu.com/ubuntu-ports noble-updates/main arm64 librsvg2-common arm64 2.58.0+dfsg-1ubuntu0.1 [11.5 kB]
#13 27.90 Get:478 http://ports.ubuntu.com/ubuntu-ports noble-updates/universe arm64 librsvg2-dev arm64 2.58.0+dfsg-1ubuntu0.1 [38.0 kB]
#13 27.90 Get:479 http://ports.ubuntu.com/ubuntu-ports noble-updates/main arm64 libsqlite3-dev arm64 3.45.1-1ubuntu2.8 [916 kB]
#13 27.92 Get:480 http://ports.ubuntu.com/ubuntu-ports noble/universe arm64 libsysprof-capture-4-dev arm64 46.0-1build1 [53.9 kB]
#13 27.93 Get:481 http://ports.ubuntu.com/ubuntu-ports noble-updates/universe arm64 libsoup-3.0-dev arm64 3.4.4-5ubuntu0.9 [105 kB]
#13 27.93 Get:482 http://ports.ubuntu.com/ubuntu-ports noble-updates/main arm64 libssl-dev arm64 3.0.13-0ubuntu3.16 [2379 kB]
#13 27.98 Get:483 http://ports.ubuntu.com/ubuntu-ports noble-updates/universe arm64 libwebkit2gtk-4.1-dev arm64 2.52.6-0ubuntu0.24.04.1 [290 kB]
#13 27.99 Get:484 http://ports.ubuntu.com/ubuntu-ports noble/main arm64 libxres1 arm64 2:1.2.1-1build1 [6724 B]
#13 27.99 Get:485 http://ports.ubuntu.com/ubuntu-ports noble/main arm64 libwnck-3-common all 43.0-3build4 [19.5 kB]
#13 27.99 Get:486 http://ports.ubuntu.com/ubuntu-ports noble/main arm64 libwnck-3-0 arm64 43.0-3build4 [111 kB]
#13 27.99 Get:487 http://ports.ubuntu.com/ubuntu-ports noble/main arm64 libxmu6 arm64 2:1.1.3-3build2 [47.5 kB]
#13 28.00 Get:488 http://ports.ubuntu.com/ubuntu-ports noble-updates/main arm64 libxpm4 arm64 1:3.5.17-1ubuntu0.24.04.2 [35.3 kB]
#13 28.02 Get:489 http://ports.ubuntu.com/ubuntu-ports noble/main arm64 libxaw7 arm64 2:1.0.14-1build2 [183 kB]
#13 28.02 Get:490 http://ports.ubuntu.com/ubuntu-ports noble/main arm64 libxcb-shape0 arm64 1.15-1ubuntu2 [6250 B]
#13 28.03 Get:491 http://ports.ubuntu.com/ubuntu-ports noble-updates/universe arm64 libxfce4panel-2.0-4 arm64 4.18.4-1ubuntu0.1 [35.9 kB]
#13 28.08 Get:492 http://ports.ubuntu.com/ubuntu-ports noble-updates/main arm64 libxfont2 arm64 1:2.0.6-1+deb13u1build0.24.04.2 [89.8 kB]
#13 28.08 Get:493 http://ports.ubuntu.com/ubuntu-ports noble/main arm64 libxkbfile1 arm64 1:1.1.0-1build4 [69.4 kB]
#13 28.09 Get:494 http://ports.ubuntu.com/ubuntu-ports noble/main arm64 libxv1 arm64 2:1.0.11-1.1build1 [10.7 kB]
#13 28.09 Get:495 http://ports.ubuntu.com/ubuntu-ports noble/main arm64 libxxf86dga1 arm64 2:1.1.5-1build1 [11.3 kB]
#13 28.09 Get:496 http://ports.ubuntu.com/ubuntu-ports noble/universe arm64 openbox arm64 3.6.1-12build5 [301 kB]
#13 28.09 Get:497 http://ports.ubuntu.com/ubuntu-ports noble/universe arm64 patchelf arm64 0.18.0-1.1build1 [98.1 kB]
#13 28.10 Get:498 http://ports.ubuntu.com/ubuntu-ports noble/main arm64 python3-cairo arm64 1.25.1-2build2 [121 kB]
#13 28.11 Get:499 http://ports.ubuntu.com/ubuntu-ports noble/main arm64 python3-gi-cairo arm64 3.48.2-1 [7754 B]
#13 28.11 Get:500 http://ports.ubuntu.com/ubuntu-ports noble-updates/main arm64 python3-pil arm64 10.2.0-1ubuntu1.3 [444 kB]
#13 28.13 Get:501 http://ports.ubuntu.com/ubuntu-ports noble/universe arm64 scrot arm64 1.10-1build2 [71.3 kB]
#13 28.19 Get:502 http://ports.ubuntu.com/ubuntu-ports noble/universe arm64 wmctrl arm64 1.07-7ubuntu3 [19.6 kB]
#13 28.19 Get:503 http://ports.ubuntu.com/ubuntu-ports noble/main arm64 x11-utils arm64 7.7+6build2 [188 kB]
#13 28.19 Get:504 http://ports.ubuntu.com/ubuntu-ports noble/main arm64 x11-xkb-utils arm64 7.7+8build2 [165 kB]
#13 28.19 Get:505 http://ports.ubuntu.com/ubuntu-ports noble/main arm64 x11-xserver-utils arm64 7.7+10build2 [168 kB]
#13 28.39 Get:506 http://ports.ubuntu.com/ubuntu-ports noble/universe arm64 xclip arm64 0.13-3 [17.0 kB]
#13 28.58 Get:507 http://ports.ubuntu.com/ubuntu-ports noble/universe arm64 xcompmgr arm64 1.1.8-1 [16.8 kB]
#13 28.62 Get:508 http://ports.ubuntu.com/ubuntu-ports noble-updates/universe arm64 xfce4-panel arm64 4.18.4-1ubuntu0.1 [813 kB]
#13 29.06 Get:509 http://ports.ubuntu.com/ubuntu-ports noble-updates/main arm64 xserver-common all 2:21.1.12-1ubuntu1.8 [34.8 kB]
#13 29.07 Get:510 http://ports.ubuntu.com/ubuntu-ports noble-updates/universe arm64 xvfb arm64 2:21.1.12-1ubuntu1.8 [873 kB]
#13 29.17 Get:511 http://ports.ubuntu.com/ubuntu-ports noble/universe arm64 libxdo3 arm64 1:3.20160805.1-5build1 [21.7 kB]
#13 29.17 Get:512 http://ports.ubuntu.com/ubuntu-ports noble/universe arm64 libxdo-dev arm64 1:3.20160805.1-5build1 [69.1 kB]
#13 29.18 Get:513 http://ports.ubuntu.com/ubuntu-ports noble/universe arm64 xdotool arm64 1:3.20160805.1-5build1 [42.2 kB]
#13 29.26 debconf: delaying package configuration, since apt-utils is not installed
#13 29.28 Fetched 340 MB in 20s (16.8 MB/s)
#13 29.29 (Reading database ... (Reading database ... 5%(Reading database ... 10%(Reading database ... 15%(Reading database ... 20%(Reading database ... 25%(Reading database ... 30%(Reading database ... 35%(Reading database ... 40%(Reading database ... 45%(Reading database ... 50%(Reading database ... 55%(Reading database ... 60%(Reading database ... 65%(Reading database ... 70%(Reading database ... 75%(Reading database ... 80%(Reading database ... 85%(Reading database ... 90%(Reading database ... 95%(Reading database ... 100%(Reading database ... 4376 files and directories currently installed.)
#13 29.29 Preparing to unpack .../libssl3t64_3.0.13-0ubuntu3.16_arm64.deb ...
#13 29.29 Unpacking libssl3t64:arm64 (3.0.13-0ubuntu3.16) over (3.0.13-0ubuntu3.15) ...
#13 29.34 Setting up libssl3t64:arm64 (3.0.13-0ubuntu3.16) ...
#13 29.35 Selecting previously unselected package libpython3.12-minimal:arm64.
#13 29.35 (Reading database ... (Reading database ... 5%(Reading database ... 10%(Reading database ... 15%(Reading database ... 20%(Reading database ... 25%(Reading database ... 30%(Reading database ... 35%(Reading database ... 40%(Reading database ... 45%(Reading database ... 50%(Reading database ... 55%(Reading database ... 60%(Reading database ... 65%(Reading database ... 70%(Reading database ... 75%(Reading database ... 80%(Reading database ... 85%(Reading database ... 90%(Reading database ... 95%(Reading database ... 100%(Reading database ... 4376 files and directories currently installed.)
#13 29.35 Preparing to unpack .../libpython3.12-minimal_3.12.3-1ubuntu0.17_arm64.deb ...
#13 29.35 Unpacking libpython3.12-minimal:arm64 (3.12.3-1ubuntu0.17) ...
#13 29.39 Selecting previously unselected package libexpat1:arm64.
#13 29.39 Preparing to unpack .../libexpat1_2.6.1-2ubuntu0.6_arm64.deb ...
#13 29.39 Unpacking libexpat1:arm64 (2.6.1-2ubuntu0.6) ...
#13 29.40 Selecting previously unselected package python3.12-minimal.
#13 29.40 Preparing to unpack .../python3.12-minimal_3.12.3-1ubuntu0.17_arm64.deb ...
#13 29.40 Unpacking python3.12-minimal (3.12.3-1ubuntu0.17) ...
#13 29.43 Setting up libpython3.12-minimal:arm64 (3.12.3-1ubuntu0.17) ...
#13 29.43 Setting up libexpat1:arm64 (2.6.1-2ubuntu0.6) ...
#13 29.44 Setting up python3.12-minimal (3.12.3-1ubuntu0.17) ...
#13 29.82 Selecting previously unselected package python3-minimal.
#13 29.82 (Reading database ... (Reading database ... 5%(Reading database ... 10%(Reading database ... 15%(Reading database ... 20%(Reading database ... 25%(Reading database ... 30%(Reading database ... 35%(Reading database ... 40%(Reading database ... 45%(Reading database ... 50%(Reading database ... 55%(Reading database ... 60%(Reading database ... 65%(Reading database ... 70%(Reading database ... 75%(Reading database ... 80%(Reading database ... 85%(Reading database ... 90%(Reading database ... 95%(Reading database ... 100%(Reading database ... 4695 files and directories currently installed.)
#13 29.82 Preparing to unpack .../0-python3-minimal_3.12.3-0ubuntu2.1_arm64.deb ...
#13 29.82 Unpacking python3-minimal (3.12.3-0ubuntu2.1) ...
#13 29.83 Selecting previously unselected package media-types.
#13 29.84 Preparing to unpack .../1-media-types_10.1.0_all.deb ...
#13 29.84 Unpacking media-types (10.1.0) ...
#13 29.85 Selecting previously unselected package netbase.
#13 29.85 Preparing to unpack .../2-netbase_6.4_all.deb ...
#13 29.85 Unpacking netbase (6.4) ...
#13 29.87 Selecting previously unselected package tzdata.
#13 29.87 Preparing to unpack .../3-tzdata_2026c-0ubuntu0.24.04.1_all.deb ...
#13 29.87 Unpacking tzdata (2026c-0ubuntu0.24.04.1) ...
#13 29.92 Selecting previously unselected package readline-common.
#13 29.92 Preparing to unpack .../4-readline-common_8.2-4build1_all.deb ...
#13 29.92 Unpacking readline-common (8.2-4build1) ...
#13 29.93 Selecting previously unselected package libreadline8t64:arm64.
#13 29.93 Preparing to unpack .../5-libreadline8t64_8.2-4build1_arm64.deb ...
#13 29.93 Adding 'diversion of /lib/aarch64-linux-gnu/libhistory.so.8 to /lib/aarch64-linux-gnu/libhistory.so.8.usr-is-merged by libreadline8t64'
#13 29.94 Adding 'diversion of /lib/aarch64-linux-gnu/libhistory.so.8.2 to /lib/aarch64-linux-gnu/libhistory.so.8.2.usr-is-merged by libreadline8t64'
#13 29.94 Adding 'diversion of /lib/aarch64-linux-gnu/libreadline.so.8 to /lib/aarch64-linux-gnu/libreadline.so.8.usr-is-merged by libreadline8t64'
#13 29.94 Adding 'diversion of /lib/aarch64-linux-gnu/libreadline.so.8.2 to /lib/aarch64-linux-gnu/libreadline.so.8.2.usr-is-merged by libreadline8t64'
#13 29.94 Unpacking libreadline8t64:arm64 (8.2-4build1) ...
#13 29.95 Selecting previously unselected package libsqlite3-0:arm64.
#13 29.95 Preparing to unpack .../6-libsqlite3-0_3.45.1-1ubuntu2.8_arm64.deb ...
#13 29.95 Unpacking libsqlite3-0:arm64 (3.45.1-1ubuntu2.8) ...
#13 29.97 Selecting previously unselected package libpython3.12-stdlib:arm64.
#13 29.97 Preparing to unpack .../7-libpython3.12-stdlib_3.12.3-1ubuntu0.17_arm64.deb ...
#13 29.97 Unpacking libpython3.12-stdlib:arm64 (3.12.3-1ubuntu0.17) ...
#13 30.03 Selecting previously unselected package python3.12.
#13 30.03 Preparing to unpack .../8-python3.12_3.12.3-1ubuntu0.17_arm64.deb ...
#13 30.03 Unpacking python3.12 (3.12.3-1ubuntu0.17) ...
#13 30.04 Selecting previously unselected package libpython3-stdlib:arm64.
#13 30.04 Preparing to unpack .../9-libpython3-stdlib_3.12.3-0ubuntu2.1_arm64.deb ...
#13 30.04 Unpacking libpython3-stdlib:arm64 (3.12.3-0ubuntu2.1) ...
#13 30.06 Setting up python3-minimal (3.12.3-0ubuntu2.1) ...
#13 30.21 Selecting previously unselected package python3.
#13 30.21 (Reading database ... (Reading database ... 5%(Reading database ... 10%(Reading database ... 15%(Reading database ... 20%(Reading database ... 25%(Reading database ... 30%(Reading database ... 35%(Reading database ... 40%(Reading database ... 45%(Reading database ... 50%(Reading database ... 55%(Reading database ... 60%(Reading database ... 65%(Reading database ... 70%(Reading database ... 75%(Reading database ... 80%(Reading database ... 85%(Reading database ... 90%(Reading database ... 95%(Reading database ... 100%(Reading database ... 5701 files and directories currently installed.)
#13 30.21 Preparing to unpack .../000-python3_3.12.3-0ubuntu2.1_arm64.deb ...
#13 30.21 Unpacking python3 (3.12.3-0ubuntu2.1) ...
#13 30.22 Selecting previously unselected package perl-modules-5.38.
#13 30.22 Preparing to unpack .../001-perl-modules-5.38_5.38.2-3.2ubuntu0.6_all.deb ...
#13 30.22 Unpacking perl-modules-5.38 (5.38.2-3.2ubuntu0.6) ...
#13 31.01 Selecting previously unselected package libgdbm6t64:arm64.
#13 31.01 Preparing to unpack .../002-libgdbm6t64_1.23-5.1build1_arm64.deb ...
#13 31.01 Unpacking libgdbm6t64:arm64 (1.23-5.1build1) ...
#13 31.03 Selecting previously unselected package libgdbm-compat4t64:arm64.
#13 31.03 Preparing to unpack .../003-libgdbm-compat4t64_1.23-5.1build1_arm64.deb ...
#13 31.03 Unpacking libgdbm-compat4t64:arm64 (1.23-5.1build1) ...
#13 31.04 Selecting previously unselected package libperl5.38t64:arm64.
#13 31.04 Preparing to unpack .../004-libperl5.38t64_5.38.2-3.2ubuntu0.6_arm64.deb ...
#13 31.04 Unpacking libperl5.38t64:arm64 (5.38.2-3.2ubuntu0.6) ...
#13 31.15 Selecting previously unselected package perl.
#13 31.15 Preparing to unpack .../005-perl_5.38.2-3.2ubuntu0.6_arm64.deb ...
#13 31.16 Unpacking perl (5.38.2-3.2ubuntu0.6) ...
#13 31.17 Selecting previously unselected package poppler-data.
#13 31.17 Preparing to unpack .../006-poppler-data_0.4.12-1_all.deb ...
#13 31.17 Unpacking poppler-data (0.4.12-1) ...
#13 31.23 Selecting previously unselected package sgml-base.
#13 31.23 Preparing to unpack .../007-sgml-base_1.31_all.deb ...
#13 31.24 Unpacking sgml-base (1.31) ...
#13 31.25 Selecting previously unselected package openssl.
#13 31.25 Preparing to unpack .../008-openssl_3.0.13-0ubuntu3.16_arm64.deb ...
#13 31.25 Unpacking openssl (3.0.13-0ubuntu3.16) ...
#13 31.27 Selecting previously unselected package ca-certificates.
#13 31.27 Preparing to unpack .../009-ca-certificates_20260601~24.04.1_all.deb ...
#13 31.27 Unpacking ca-certificates (20260601~24.04.1) ...
#13 31.28 Selecting previously unselected package libdbus-1-3:arm64.
#13 31.28 Preparing to unpack .../010-libdbus-1-3_1.14.10-4ubuntu4.1_arm64.deb ...
#13 31.28 Unpacking libdbus-1-3:arm64 (1.14.10-4ubuntu4.1) ...
#13 31.29 Selecting previously unselected package dbus-bin.
#13 31.29 Preparing to unpack .../011-dbus-bin_1.14.10-4ubuntu4.1_arm64.deb ...
#13 31.29 Unpacking dbus-bin (1.14.10-4ubuntu4.1) ...
#13 31.30 Selecting previously unselected package dbus-session-bus-common.
#13 31.30 Preparing to unpack .../012-dbus-session-bus-common_1.14.10-4ubuntu4.1_all.deb ...
#13 31.30 Unpacking dbus-session-bus-common (1.14.10-4ubuntu4.1) ...
#13 31.31 Selecting previously unselected package libapparmor1:arm64.
#13 31.31 Preparing to unpack .../013-libapparmor1_4.0.1really4.0.1-0ubuntu0.24.04.8_arm64.deb ...
#13 31.31 Unpacking libapparmor1:arm64 (4.0.1really4.0.1-0ubuntu0.24.04.8) ...
#13 31.32 Selecting previously unselected package dbus-daemon.
#13 31.32 Preparing to unpack .../014-dbus-daemon_1.14.10-4ubuntu4.1_arm64.deb ...
#13 31.32 Unpacking dbus-daemon (1.14.10-4ubuntu4.1) ...
#13 31.33 Selecting previously unselected package libglib2.0-0t64:arm64.
#13 31.33 Preparing to unpack .../015-libglib2.0-0t64_2.80.0-6ubuntu3.9_arm64.deb ...
#13 31.33 Unpacking libglib2.0-0t64:arm64 (2.80.0-6ubuntu3.9) ...
#13 31.35 Selecting previously unselected package gir1.2-glib-2.0:arm64.
#13 31.35 Preparing to unpack .../016-gir1.2-glib-2.0_2.80.0-6ubuntu3.9_arm64.deb ...
#13 31.35 Unpacking gir1.2-glib-2.0:arm64 (2.80.0-6ubuntu3.9) ...
#13 31.36 Selecting previously unselected package libgirepository-1.0-1:arm64.
#13 31.36 Preparing to unpack .../017-libgirepository-1.0-1_1.80.1-1_arm64.deb ...
#13 31.36 Unpacking libgirepository-1.0-1:arm64 (1.80.1-1) ...
#13 31.37 Selecting previously unselected package gir1.2-girepository-2.0:arm64.
#13 31.37 Preparing to unpack .../018-gir1.2-girepository-2.0_1.80.1-1_arm64.deb ...
#13 31.37 Unpacking gir1.2-girepository-2.0:arm64 (1.80.1-1) ...
#13 31.38 Selecting previously unselected package iso-codes.
#13 31.38 Preparing to unpack .../019-iso-codes_4.16.0-1_all.deb ...
#13 31.38 Unpacking iso-codes (4.16.0-1) ...
#13 31.48 Selecting previously unselected package libbsd0:arm64.
#13 31.48 Preparing to unpack .../020-libbsd0_0.12.1-1build1.1_arm64.deb ...
#13 31.48 Unpacking libbsd0:arm64 (0.12.1-1build1.1) ...
#13 31.49 Selecting previously unselected package libcap2-bin.
#13 31.49 Preparing to unpack .../021-libcap2-bin_1%3a2.66-5ubuntu2.4_arm64.deb ...
#13 31.49 Unpacking libcap2-bin (1:2.66-5ubuntu2.4) ...
#13 31.50 Selecting previously unselected package libelf1t64:arm64.
#13 31.50 Preparing to unpack .../022-libelf1t64_0.190-1.1ubuntu0.1_arm64.deb ...
#13 31.50 Unpacking libelf1t64:arm64 (0.190-1.1ubuntu0.1) ...
#13 31.51 Selecting previously unselected package libfribidi0:arm64.
#13 31.51 Preparing to unpack .../023-libfribidi0_1.0.13-3build1_arm64.deb ...
#13 31.51 Unpacking libfribidi0:arm64 (1.0.13-3build1) ...
#13 31.52 Selecting previously unselected package libglib2.0-data.
#13 31.52 Preparing to unpack .../024-libglib2.0-data_2.80.0-6ubuntu3.9_all.deb ...
#13 31.52 Unpacking libglib2.0-data (2.80.0-6ubuntu3.9) ...
#13 31.53 Selecting previously unselected package libkrb5support0:arm64.
#13 31.53 Preparing to unpack .../025-libkrb5support0_1.20.1-6ubuntu2.10_arm64.deb ...
#13 31.53 Unpacking libkrb5support0:arm64 (1.20.1-6ubuntu2.10) ...
#13 31.53 Selecting previously unselected package libk5crypto3:arm64.
#13 31.53 Preparing to unpack .../026-libk5crypto3_1.20.1-6ubuntu2.10_arm64.deb ...
#13 31.53 Unpacking libk5crypto3:arm64 (1.20.1-6ubuntu2.10) ...
#13 31.54 Selecting previously unselected package libkeyutils1:arm64.
#13 31.54 Preparing to unpack .../027-libkeyutils1_1.6.3-3build1_arm64.deb ...
#13 31.54 Unpacking libkeyutils1:arm64 (1.6.3-3build1) ...
#13 31.55 Selecting previously unselected package libkrb5-3:arm64.
#13 31.55 Preparing to unpack .../028-libkrb5-3_1.20.1-6ubuntu2.10_arm64.deb ...
#13 31.55 Unpacking libkrb5-3:arm64 (1.20.1-6ubuntu2.10) ...
#13 31.56 Selecting previously unselected package libgssapi-krb5-2:arm64.
#13 31.56 Preparing to unpack .../029-libgssapi-krb5-2_1.20.1-6ubuntu2.10_arm64.deb ...
#13 31.56 Unpacking libgssapi-krb5-2:arm64 (1.20.1-6ubuntu2.10) ...
#13 31.57 Selecting previously unselected package libicu74:arm64.
#13 31.57 Preparing to unpack .../030-libicu74_74.2-1ubuntu3.1_arm64.deb ...
#13 31.57 Unpacking libicu74:arm64 (74.2-1ubuntu3.1) ...
#13 31.67 Selecting previously unselected package libslang2:arm64.
#13 31.67 Preparing to unpack .../031-libslang2_2.3.3-3build2_arm64.deb ...
#13 31.67 Unpacking libslang2:arm64 (2.3.3-3build2) ...
#13 31.69 Selecting previously unselected package libtext-iconv-perl:arm64.
#13 31.69 Preparing to unpack .../032-libtext-iconv-perl_1.7-8build3_arm64.deb ...
#13 31.69 Unpacking libtext-iconv-perl:arm64 (1.7-8build3) ...
#13 31.69 Selecting previously unselected package libxml2:arm64.
#13 31.69 Preparing to unpack .../033-libxml2_2.9.14+dfsg-1.3ubuntu3.10_arm64.deb ...
#13 31.70 Unpacking libxml2:arm64 (2.9.14+dfsg-1.3ubuntu3.10) ...
#13 31.71 Selecting previously unselected package python3-gi.
#13 31.71 Preparing to unpack .../034-python3-gi_3.48.2-1_arm64.deb ...
#13 31.71 Unpacking python3-gi (3.48.2-1) ...
#13 31.72 Selecting previously unselected package shared-mime-info.
#13 31.72 Preparing to unpack .../035-shared-mime-info_2.4-4_arm64.deb ...
#13 31.72 Unpacking shared-mime-info (2.4-4) ...
#13 31.74 Selecting previously unselected package ucf.
#13 31.74 Preparing to unpack .../036-ucf_3.0043+nmu1_all.deb ...
#13 31.74 Moving old data out of the way
#13 31.74 Unpacking ucf (3.0043+nmu1) ...
#13 31.75 Selecting previously unselected package xkb-data.
#13 31.75 Preparing to unpack .../037-xkb-data_2.41-2ubuntu1.1_all.deb ...
#13 31.75 Unpacking xkb-data (2.41-2ubuntu1.1) ...
#13 31.78 Selecting previously unselected package libdrm-common.
#13 31.78 Preparing to unpack .../038-libdrm-common_2.4.125-1ubuntu0.1~24.04.2_all.deb ...
#13 31.78 Unpacking libdrm-common (2.4.125-1ubuntu0.1~24.04.2) ...
#13 31.79 Selecting previously unselected package libdrm2:arm64.
#13 31.79 Preparing to unpack .../039-libdrm2_2.4.125-1ubuntu0.1~24.04.2_arm64.deb ...
#13 31.79 Unpacking libdrm2:arm64 (2.4.125-1ubuntu0.1~24.04.2) ...
#13 31.80 Selecting previously unselected package libedit2:arm64.
#13 31.80 Preparing to unpack .../040-libedit2_3.1-20230828-1build1_arm64.deb ...
#13 31.80 Unpacking libedit2:arm64 (3.1-20230828-1build1) ...
#13 31.81 Selecting previously unselected package libevdev2:arm64.
#13 31.81 Preparing to unpack .../041-libevdev2_1.13.1+dfsg-1build1_arm64.deb ...
#13 31.81 Unpacking libevdev2:arm64 (1.13.1+dfsg-1build1) ...
#13 31.82 Selecting previously unselected package libgpm2:arm64.
#13 31.82 Preparing to unpack .../042-libgpm2_1.20.7-11_arm64.deb ...
#13 31.82 Unpacking libgpm2:arm64 (1.20.7-11) ...
#13 31.83 Selecting previously unselected package libjansson4:arm64.
#13 31.83 Preparing to unpack .../043-libjansson4_2.14-2build2_arm64.deb ...
#13 31.84 Unpacking libjansson4:arm64 (2.14-2build2) ...
#13 31.84 Selecting previously unselected package libncurses6:arm64.
#13 31.84 Preparing to unpack .../044-libncurses6_6.4+20240113-1ubuntu2.2_arm64.deb ...
#13 31.84 Unpacking libncurses6:arm64 (6.4+20240113-1ubuntu2.2) ...
#13 31.85 Selecting previously unselected package libnghttp2-14:arm64.
#13 31.85 Preparing to unpack .../045-libnghttp2-14_1.59.0-1ubuntu0.4_arm64.deb ...
#13 31.86 Unpacking libnghttp2-14:arm64 (1.59.0-1ubuntu0.4) ...
#13 31.86 Selecting previously unselected package libpng16-16t64:arm64.
#13 31.86 Preparing to unpack .../046-libpng16-16t64_1.6.43-5ubuntu0.7_arm64.deb ...
#13 31.87 Unpacking libpng16-16t64:arm64 (1.6.43-5ubuntu0.7) ...
#13 31.88 Selecting previously unselected package libpsl5t64:arm64.
#13 31.88 Preparing to unpack .../047-libpsl5t64_0.21.2-1.1build1_arm64.deb ...
#13 31.88 Unpacking libpsl5t64:arm64 (0.21.2-1.1build1) ...
#13 31.88 Selecting previously unselected package libsensors-config.
#13 31.88 Preparing to unpack .../048-libsensors-config_1%3a3.6.0-9build1_all.deb ...
#13 31.89 Unpacking libsensors-config (1:3.6.0-9build1) ...
#13 31.89 Selecting previously unselected package libsensors5:arm64.
#13 31.89 Preparing to unpack .../049-libsensors5_1%3a3.6.0-9build1_arm64.deb ...
#13 31.91 Unpacking libsensors5:arm64 (1:3.6.0-9build1) ...
#13 31.92 Selecting previously unselected package libxau6:arm64.
#13 31.92 Preparing to unpack .../050-libxau6_1%3a1.0.9-1build6_arm64.deb ...
#13 31.92 Unpacking libxau6:arm64 (1:1.0.9-1build6) ...
#13 31.93 Selecting previously unselected package libxdmcp6:arm64.
#13 31.93 Preparing to unpack .../051-libxdmcp6_1%3a1.1.3-0ubuntu6_arm64.deb ...
#13 31.93 Unpacking libxdmcp6:arm64 (1:1.1.3-0ubuntu6) ...
#13 31.94 Selecting previously unselected package libxcb1:arm64.
#13 31.94 Preparing to unpack .../052-libxcb1_1.15-1ubuntu2_arm64.deb ...
#13 31.94 Unpacking libxcb1:arm64 (1.15-1ubuntu2) ...
#13 31.95 Selecting previously unselected package libx11-data.
#13 31.95 Preparing to unpack .../053-libx11-data_2%3a1.8.7-1build1_all.deb ...
#13 31.95 Unpacking libx11-data (2:1.8.7-1build1) ...
#13 31.99 Selecting previously unselected package libx11-6:arm64.
#13 31.99 Preparing to unpack .../054-libx11-6_2%3a1.8.7-1build1_arm64.deb ...
#13 31.99 Unpacking libx11-6:arm64 (2:1.8.7-1build1) ...
#13 32.01 Selecting previously unselected package libxext6:arm64.
#13 32.01 Preparing to unpack .../055-libxext6_2%3a1.3.4-1build2_arm64.deb ...
#13 32.02 Unpacking libxext6:arm64 (2:1.3.4-1build2) ...
#13 32.02 Selecting previously unselected package libxkbcommon0:arm64.
#13 32.02 Preparing to unpack .../056-libxkbcommon0_1.6.0-1build1_arm64.deb ...
#13 32.03 Unpacking libxkbcommon0:arm64 (1.6.0-1build1) ...
#13 32.04 Selecting previously unselected package libxmuu1:arm64.
#13 32.04 Preparing to unpack .../057-libxmuu1_2%3a1.1.3-3build2_arm64.deb ...
#13 32.04 Unpacking libxmuu1:arm64 (2:1.1.3-3build2) ...
#13 32.05 Selecting previously unselected package xauth.
#13 32.05 Preparing to unpack .../058-xauth_1%3a1.1.2-1build1_arm64.deb ...
#13 32.05 Unpacking xauth (1:1.1.2-1build1) ...
#13 32.06 Selecting previously unselected package xz-utils.
#13 32.06 Preparing to unpack .../059-xz-utils_5.6.1+really5.4.5-1ubuntu0.3_arm64.deb ...
#13 32.06 Unpacking xz-utils (5.6.1+really5.4.5-1ubuntu0.3) ...
#13 32.08 Selecting previously unselected package libgdk-pixbuf2.0-common.
#13 32.08 Preparing to unpack .../060-libgdk-pixbuf2.0-common_2.42.10+dfsg-3ubuntu3.3_all.deb ...
#13 32.08 Unpacking libgdk-pixbuf2.0-common (2.42.10+dfsg-3ubuntu3.3) ...
#13 32.09 Selecting previously unselected package libjpeg-turbo8:arm64.
#13 32.09 Preparing to unpack .../061-libjpeg-turbo8_2.1.5-2ubuntu2_arm64.deb ...
#13 32.09 Unpacking libjpeg-turbo8:arm64 (2.1.5-2ubuntu2) ...
#13 32.10 Selecting previously unselected package libjpeg8:arm64.
#13 32.10 Preparing to unpack .../062-libjpeg8_8c-2ubuntu11_arm64.deb ...
#13 32.10 Unpacking libjpeg8:arm64 (8c-2ubuntu11) ...
#13 32.11 Selecting previously unselected package libdeflate0:arm64.
#13 32.11 Preparing to unpack .../063-libdeflate0_1.19-1build1.1_arm64.deb ...
#13 32.11 Unpacking libdeflate0:arm64 (1.19-1build1.1) ...
#13 32.12 Selecting previously unselected package libjbig0:arm64.
#13 32.12 Preparing to unpack .../064-libjbig0_2.1-6.1ubuntu2_arm64.deb ...
#13 32.12 Unpacking libjbig0:arm64 (2.1-6.1ubuntu2) ...
#13 32.13 Selecting previously unselected package liblerc4:arm64.
#13 32.13 Preparing to unpack .../065-liblerc4_4.0.0+ds-4ubuntu2_arm64.deb ...
#13 32.13 Unpacking liblerc4:arm64 (4.0.0+ds-4ubuntu2) ...
#13 32.14 Selecting previously unselected package libsharpyuv0:arm64.
#13 32.14 Preparing to unpack .../066-libsharpyuv0_1.3.2-0.4build3_arm64.deb ...
#13 32.14 Unpacking libsharpyuv0:arm64 (1.3.2-0.4build3) ...
#13 32.15 Selecting previously unselected package libwebp7:arm64.
#13 32.15 Preparing to unpack .../067-libwebp7_1.3.2-0.4build3_arm64.deb ...
#13 32.16 Unpacking libwebp7:arm64 (1.3.2-0.4build3) ...
#13 32.16 Selecting previously unselected package libtiff6:arm64.
#13 32.16 Preparing to unpack .../068-libtiff6_4.5.1+git230720-4ubuntu2.5_arm64.deb ...
#13 32.16 Unpacking libtiff6:arm64 (4.5.1+git230720-4ubuntu2.5) ...
#13 32.18 Selecting previously unselected package libgdk-pixbuf-2.0-0:arm64.
#13 32.18 Preparing to unpack .../069-libgdk-pixbuf-2.0-0_2.42.10+dfsg-3ubuntu3.3_arm64.deb ...
#13 32.18 Unpacking libgdk-pixbuf-2.0-0:arm64 (2.42.10+dfsg-3ubuntu3.3) ...
#13 32.19 Selecting previously unselected package gtk-update-icon-cache.
#13 32.19 Preparing to unpack .../070-gtk-update-icon-cache_3.24.41-4ubuntu1.3_arm64.deb ...
#13 32.19 Unpacking gtk-update-icon-cache (3.24.41-4ubuntu1.3) ...
#13 32.20 Selecting previously unselected package hicolor-icon-theme.
#13 32.20 Preparing to unpack .../071-hicolor-icon-theme_0.17-2_all.deb ...
#13 32.20 Unpacking hicolor-icon-theme (0.17-2) ...
#13 32.28 Selecting previously unselected package humanity-icon-theme.
#13 32.29 Preparing to unpack .../072-humanity-icon-theme_0.6.16_all.deb ...
#13 32.29 Unpacking humanity-icon-theme (0.6.16) ...
#13 32.59 Selecting previously unselected package ubuntu-mono.
#13 32.59 Preparing to unpack .../073-ubuntu-mono_24.04-0ubuntu1_all.deb ...
#13 32.59 Unpacking ubuntu-mono (24.04-0ubuntu1) ...
#13 32.74 Selecting previously unselected package adwaita-icon-theme.
#13 32.74 Preparing to unpack .../074-adwaita-icon-theme_46.0-1_all.deb ...
#13 32.74 Unpacking adwaita-icon-theme (46.0-1) ...
#13 32.80 Selecting previously unselected package at-spi2-common.
#13 32.81 Preparing to unpack .../075-at-spi2-common_2.52.0-1build1_all.deb ...
#13 32.81 Unpacking at-spi2-common (2.52.0-1build1) ...
#13 32.81 Selecting previously unselected package libxi6:arm64.
#13 32.81 Preparing to unpack .../076-libxi6_2%3a1.8.1-1build1_arm64.deb ...
#13 32.81 Unpacking libxi6:arm64 (2:1.8.1-1build1) ...
#13 32.82 Selecting previously unselected package libatspi2.0-0t64:arm64.
#13 32.82 Preparing to unpack .../077-libatspi2.0-0t64_2.52.0-1build1_arm64.deb ...
#13 32.82 Unpacking libatspi2.0-0t64:arm64 (2.52.0-1build1) ...
#13 32.83 Selecting previously unselected package x11-common.
#13 32.83 Preparing to unpack .../078-x11-common_1%3a7.7+23ubuntu3_all.deb ...
#13 32.83 Unpacking x11-common (1:7.7+23ubuntu3) ...
#13 32.84 Selecting previously unselected package libxtst6:arm64.
#13 32.84 Preparing to unpack .../079-libxtst6_2%3a1.2.3-1.1build1_arm64.deb ...
#13 32.84 Unpacking libxtst6:arm64 (2:1.2.3-1.1build1) ...
#13 32.85 Selecting previously unselected package dbus-x11.
#13 32.85 Preparing to unpack .../080-dbus-x11_1.14.10-4ubuntu4.1_arm64.deb ...
#13 32.85 Unpacking dbus-x11 (1.14.10-4ubuntu4.1) ...
#13 32.86 Selecting previously unselected package libdconf1:arm64.
#13 32.86 Preparing to unpack .../081-libdconf1_0.40.0-4ubuntu0.1_arm64.deb ...
#13 32.86 Unpacking libdconf1:arm64 (0.40.0-4ubuntu0.1) ...
#13 32.87 Selecting previously unselected package dconf-service.
#13 32.87 Preparing to unpack .../082-dconf-service_0.40.0-4ubuntu0.1_arm64.deb ...
#13 32.87 Unpacking dconf-service (0.40.0-4ubuntu0.1) ...
#13 32.88 Selecting previously unselected package dconf-gsettings-backend:arm64.
#13 32.88 Preparing to unpack .../083-dconf-gsettings-backend_0.40.0-4ubuntu0.1_arm64.deb ...
#13 32.88 Unpacking dconf-gsettings-backend:arm64 (0.40.0-4ubuntu0.1) ...
#13 32.89 Selecting previously unselected package session-migration.
#13 32.89 Preparing to unpack .../084-session-migration_0.3.9build1_arm64.deb ...
#13 32.89 Unpacking session-migration (0.3.9build1) ...
#13 32.90 Selecting previously unselected package gsettings-desktop-schemas.
#13 32.90 Preparing to unpack .../085-gsettings-desktop-schemas_46.1-0ubuntu1_all.deb ...
#13 32.90 Unpacking gsettings-desktop-schemas (46.1-0ubuntu1) ...
#13 32.91 Selecting previously unselected package at-spi2-core.
#13 32.92 Preparing to unpack .../086-at-spi2-core_2.52.0-1build1_arm64.deb ...
#13 32.92 Unpacking at-spi2-core (2.52.0-1build1) ...
#13 32.93 Selecting previously unselected package binutils-common:arm64.
#13 32.93 Preparing to unpack .../087-binutils-common_2.42-4ubuntu2.10_arm64.deb ...
#13 32.93 Unpacking binutils-common:arm64 (2.42-4ubuntu2.10) ...
#13 32.94 Selecting previously unselected package libsframe1:arm64.
#13 32.94 Preparing to unpack .../088-libsframe1_2.42-4ubuntu2.10_arm64.deb ...
#13 32.94 Unpacking libsframe1:arm64 (2.42-4ubuntu2.10) ...
#13 32.95 Selecting previously unselected package libbinutils:arm64.
#13 32.95 Preparing to unpack .../089-libbinutils_2.42-4ubuntu2.10_arm64.deb ...
#13 32.95 Unpacking libbinutils:arm64 (2.42-4ubuntu2.10) ...
#13 32.96 Selecting previously unselected package libctf-nobfd0:arm64.
#13 32.96 Preparing to unpack .../090-libctf-nobfd0_2.42-4ubuntu2.10_arm64.deb ...
#13 32.97 Unpacking libctf-nobfd0:arm64 (2.42-4ubuntu2.10) ...
#13 32.98 Selecting previously unselected package libctf0:arm64.
#13 32.98 Preparing to unpack .../091-libctf0_2.42-4ubuntu2.10_arm64.deb ...
#13 32.98 Unpacking libctf0:arm64 (2.42-4ubuntu2.10) ...
#13 32.98 Selecting previously unselected package libgprofng0:arm64.
#13 32.99 Preparing to unpack .../092-libgprofng0_2.42-4ubuntu2.10_arm64.deb ...
#13 32.99 Unpacking libgprofng0:arm64 (2.42-4ubuntu2.10) ...
#13 33.00 Selecting previously unselected package binutils-aarch64-linux-gnu.
#13 33.00 Preparing to unpack .../093-binutils-aarch64-linux-gnu_2.42-4ubuntu2.10_arm64.deb ...
#13 33.00 Unpacking binutils-aarch64-linux-gnu (2.42-4ubuntu2.10) ...
#13 33.06 Selecting previously unselected package binutils.
#13 33.06 Preparing to unpack .../094-binutils_2.42-4ubuntu2.10_arm64.deb ...
#13 33.07 Unpacking binutils (2.42-4ubuntu2.10) ...
#13 33.07 Selecting previously unselected package bubblewrap.
#13 33.07 Preparing to unpack .../095-bubblewrap_0.9.0-1ubuntu0.3_arm64.deb ...
#13 33.07 Unpacking bubblewrap (0.9.0-1ubuntu0.3) ...
#13 33.08 Selecting previously unselected package libc-dev-bin.
#13 33.08 Preparing to unpack .../096-libc-dev-bin_2.39-0ubuntu8.9_arm64.deb ...
#13 33.08 Unpacking libc-dev-bin (2.39-0ubuntu8.9) ...
#13 33.09 Selecting previously unselected package linux-libc-dev:arm64.
#13 33.09 Preparing to unpack .../097-linux-libc-dev_6.8.0-146.146_arm64.deb ...
#13 33.09 Unpacking linux-libc-dev:arm64 (6.8.0-146.146) ...
#13 33.16 Selecting previously unselected package libcrypt-dev:arm64.
#13 33.16 Preparing to unpack .../098-libcrypt-dev_1%3a4.4.36-4build1_arm64.deb ...
#13 33.16 Unpacking libcrypt-dev:arm64 (1:4.4.36-4build1) ...
#13 33.17 Selecting previously unselected package rpcsvc-proto.
#13 33.17 Preparing to unpack .../099-rpcsvc-proto_1.4.2-0ubuntu7_arm64.deb ...
#13 33.17 Unpacking rpcsvc-proto (1.4.2-0ubuntu7) ...
#13 33.18 Selecting previously unselected package libc6-dev:arm64.
#13 33.18 Preparing to unpack .../100-libc6-dev_2.39-0ubuntu8.9_arm64.deb ...
#13 33.18 Unpacking libc6-dev:arm64 (2.39-0ubuntu8.9) ...
#13 33.24 Selecting previously unselected package gcc-13-base:arm64.
#13 33.24 Preparing to unpack .../101-gcc-13-base_13.3.0-6ubuntu2~24.04.1_arm64.deb ...
#13 33.24 Unpacking gcc-13-base:arm64 (13.3.0-6ubuntu2~24.04.1) ...
#13 33.25 Selecting previously unselected package libisl23:arm64.
#13 33.25 Preparing to unpack .../102-libisl23_0.26-3build1.1_arm64.deb ...
#13 33.25 Unpacking libisl23:arm64 (0.26-3build1.1) ...
#13 33.26 Selecting previously unselected package libmpfr6:arm64.
#13 33.26 Preparing to unpack .../103-libmpfr6_4.2.1-1build1.1_arm64.deb ...
#13 33.26 Unpacking libmpfr6:arm64 (4.2.1-1build1.1) ...
#13 33.28 Selecting previously unselected package libmpc3:arm64.
#13 33.28 Preparing to unpack .../104-libmpc3_1.3.1-1build1.1_arm64.deb ...
#13 33.28 Unpacking libmpc3:arm64 (1.3.1-1build1.1) ...
#13 33.28 Selecting previously unselected package cpp-13-aarch64-linux-gnu.
#13 33.29 Preparing to unpack .../105-cpp-13-aarch64-linux-gnu_13.3.0-6ubuntu2~24.04.1_arm64.deb ...
#13 33.29 Unpacking cpp-13-aarch64-linux-gnu (13.3.0-6ubuntu2~24.04.1) ...
#13 33.37 Selecting previously unselected package cpp-13.
#13 33.37 Preparing to unpack .../106-cpp-13_13.3.0-6ubuntu2~24.04.1_arm64.deb ...
#13 33.37 Unpacking cpp-13 (13.3.0-6ubuntu2~24.04.1) ...
#13 33.38 Selecting previously unselected package cpp-aarch64-linux-gnu.
#13 33.38 Preparing to unpack .../107-cpp-aarch64-linux-gnu_4%3a13.2.0-7ubuntu1_arm64.deb ...
#13 33.38 Unpacking cpp-aarch64-linux-gnu (4:13.2.0-7ubuntu1) ...
#13 33.39 Selecting previously unselected package cpp.
#13 33.39 Preparing to unpack .../108-cpp_4%3a13.2.0-7ubuntu1_arm64.deb ...
#13 33.39 Unpacking cpp (4:13.2.0-7ubuntu1) ...
#13 33.40 Selecting previously unselected package libcc1-0:arm64.
#13 33.40 Preparing to unpack .../109-libcc1-0_14.2.0-4ubuntu2~24.04.1_arm64.deb ...
#13 33.40 Unpacking libcc1-0:arm64 (14.2.0-4ubuntu2~24.04.1) ...
#13 33.41 Selecting previously unselected package libgomp1:arm64.
#13 33.41 Preparing to unpack .../110-libgomp1_14.2.0-4ubuntu2~24.04.1_arm64.deb ...
#13 33.41 Unpacking libgomp1:arm64 (14.2.0-4ubuntu2~24.04.1) ...
#13 33.45 Selecting previously unselected package libitm1:arm64.
#13 33.45 Preparing to unpack .../111-libitm1_14.2.0-4ubuntu2~24.04.1_arm64.deb ...
#13 33.45 Unpacking libitm1:arm64 (14.2.0-4ubuntu2~24.04.1) ...
#13 33.45 Selecting previously unselected package libatomic1:arm64.
#13 33.46 Preparing to unpack .../112-libatomic1_14.2.0-4ubuntu2~24.04.1_arm64.deb ...
#13 33.46 Unpacking libatomic1:arm64 (14.2.0-4ubuntu2~24.04.1) ...
#13 33.46 Selecting previously unselected package libasan8:arm64.
#13 33.46 Preparing to unpack .../113-libasan8_14.2.0-4ubuntu2~24.04.1_arm64.deb ...
#13 33.47 Unpacking libasan8:arm64 (14.2.0-4ubuntu2~24.04.1) ...
#13 33.50 Selecting previously unselected package liblsan0:arm64.
#13 33.50 Preparing to unpack .../114-liblsan0_14.2.0-4ubuntu2~24.04.1_arm64.deb ...
#13 33.50 Unpacking liblsan0:arm64 (14.2.0-4ubuntu2~24.04.1) ...
#13 33.52 Selecting previously unselected package libtsan2:arm64.
#13 33.52 Preparing to unpack .../115-libtsan2_14.2.0-4ubuntu2~24.04.1_arm64.deb ...
#13 33.52 Unpacking libtsan2:arm64 (14.2.0-4ubuntu2~24.04.1) ...
#13 33.56 Selecting previously unselected package libubsan1:arm64.
#13 33.56 Preparing to unpack .../116-libubsan1_14.2.0-4ubuntu2~24.04.1_arm64.deb ...
#13 33.56 Unpacking libubsan1:arm64 (14.2.0-4ubuntu2~24.04.1) ...
#13 33.57 Selecting previously unselected package libhwasan0:arm64.
#13 33.58 Preparing to unpack .../117-libhwasan0_14.2.0-4ubuntu2~24.04.1_arm64.deb ...
#13 33.58 Unpacking libhwasan0:arm64 (14.2.0-4ubuntu2~24.04.1) ...
#13 33.60 Selecting previously unselected package libgcc-13-dev:arm64.
#13 33.60 Preparing to unpack .../118-libgcc-13-dev_13.3.0-6ubuntu2~24.04.1_arm64.deb ...
#13 33.60 Unpacking libgcc-13-dev:arm64 (13.3.0-6ubuntu2~24.04.1) ...
#13 33.65 Selecting previously unselected package gcc-13-aarch64-linux-gnu.
#13 33.65 Preparing to unpack .../119-gcc-13-aarch64-linux-gnu_13.3.0-6ubuntu2~24.04.1_arm64.deb ...
#13 33.66 Unpacking gcc-13-aarch64-linux-gnu (13.3.0-6ubuntu2~24.04.1) ...
#13 33.81 Selecting previously unselected package gcc-13.
#13 33.81 Preparing to unpack .../120-gcc-13_13.3.0-6ubuntu2~24.04.1_arm64.deb ...
#13 33.81 Unpacking gcc-13 (13.3.0-6ubuntu2~24.04.1) ...
#13 33.82 Selecting previously unselected package gcc-aarch64-linux-gnu.
#13 33.82 Preparing to unpack .../121-gcc-aarch64-linux-gnu_4%3a13.2.0-7ubuntu1_arm64.deb ...
#13 33.82 Unpacking gcc-aarch64-linux-gnu (4:13.2.0-7ubuntu1) ...
#13 33.83 Selecting previously unselected package gcc.
#13 33.83 Preparing to unpack .../122-gcc_4%3a13.2.0-7ubuntu1_arm64.deb ...
#13 33.83 Unpacking gcc (4:13.2.0-7ubuntu1) ...
#13 33.84 Selecting previously unselected package libstdc++-13-dev:arm64.
#13 33.84 Preparing to unpack .../123-libstdc++-13-dev_13.3.0-6ubuntu2~24.04.1_arm64.deb ...
#13 33.84 Unpacking libstdc++-13-dev:arm64 (13.3.0-6ubuntu2~24.04.1) ...
#13 33.93 Selecting previously unselected package g++-13-aarch64-linux-gnu.
#13 33.93 Preparing to unpack .../124-g++-13-aarch64-linux-gnu_13.3.0-6ubuntu2~24.04.1_arm64.deb ...
#13 33.93 Unpacking g++-13-aarch64-linux-gnu (13.3.0-6ubuntu2~24.04.1) ...
#13 34.03 Selecting previously unselected package g++-13.
#13 34.03 Preparing to unpack .../125-g++-13_13.3.0-6ubuntu2~24.04.1_arm64.deb ...
#13 34.03 Unpacking g++-13 (13.3.0-6ubuntu2~24.04.1) ...
#13 34.04 Selecting previously unselected package g++-aarch64-linux-gnu.
#13 34.04 Preparing to unpack .../126-g++-aarch64-linux-gnu_4%3a13.2.0-7ubuntu1_arm64.deb ...
#13 34.04 Unpacking g++-aarch64-linux-gnu (4:13.2.0-7ubuntu1) ...
#13 34.04 Selecting previously unselected package g++.
#13 34.04 Preparing to unpack .../127-g++_4%3a13.2.0-7ubuntu1_arm64.deb ...
#13 34.05 Unpacking g++ (4:13.2.0-7ubuntu1) ...
#13 34.05 Selecting previously unselected package make.
#13 34.05 Preparing to unpack .../128-make_4.3-4.1build2_arm64.deb ...
#13 34.05 Unpacking make (4.3-4.1build2) ...
#13 34.06 Selecting previously unselected package libdpkg-perl.
#13 34.06 Preparing to unpack .../129-libdpkg-perl_1.22.6ubuntu6.6_all.deb ...
#13 34.06 Unpacking libdpkg-perl (1.22.6ubuntu6.6) ...
#13 34.08 Selecting previously unselected package bzip2.
#13 34.08 Preparing to unpack .../130-bzip2_1.0.8-5.1ubuntu0.1_arm64.deb ...
#13 34.08 Unpacking bzip2 (1.0.8-5.1ubuntu0.1) ...
#13 34.09 Selecting previously unselected package patch.
#13 34.09 Preparing to unpack .../131-patch_2.7.6-7build3_arm64.deb ...
#13 34.09 Unpacking patch (2.7.6-7build3) ...
#13 34.10 Selecting previously unselected package lto-disabled-list.
#13 34.10 Preparing to unpack .../132-lto-disabled-list_47_all.deb ...
#13 34.10 Unpacking lto-disabled-list (47) ...
#13 34.11 Selecting previously unselected package dpkg-dev.
#13 34.11 Preparing to unpack .../133-dpkg-dev_1.22.6ubuntu6.6_all.deb ...
#13 34.11 Unpacking dpkg-dev (1.22.6ubuntu6.6) ...
#13 34.12 Selecting previously unselected package build-essential.
#13 34.12 Preparing to unpack .../134-build-essential_12.10ubuntu1_arm64.deb ...
#13 34.12 Unpacking build-essential (12.10ubuntu1) ...
#13 34.13 Selecting previously unselected package libbrotli1:arm64.
#13 34.13 Preparing to unpack .../135-libbrotli1_1.1.0-2build2_arm64.deb ...
#13 34.13 Unpacking libbrotli1:arm64 (1.1.0-2build2) ...
#13 34.14 Selecting previously unselected package libsasl2-modules-db:arm64.
#13 34.14 Preparing to unpack .../136-libsasl2-modules-db_2.1.28+dfsg1-5ubuntu3.1_arm64.deb ...
#13 34.14 Unpacking libsasl2-modules-db:arm64 (2.1.28+dfsg1-5ubuntu3.1) ...
#13 34.15 Selecting previously unselected package libsasl2-2:arm64.
#13 34.15 Preparing to unpack .../137-libsasl2-2_2.1.28+dfsg1-5ubuntu3.1_arm64.deb ...
#13 34.15 Unpacking libsasl2-2:arm64 (2.1.28+dfsg1-5ubuntu3.1) ...
#13 34.16 Selecting previously unselected package libldap2:arm64.
#13 34.16 Preparing to unpack .../138-libldap2_2.6.10+dfsg-0ubuntu0.24.04.1_arm64.deb ...
#13 34.16 Unpacking libldap2:arm64 (2.6.10+dfsg-0ubuntu0.24.04.1) ...
#13 34.17 Selecting previously unselected package librtmp1:arm64.
#13 34.17 Preparing to unpack .../139-librtmp1_2.4+20151223.gitfa8646d.1-2build7_arm64.deb ...
#13 34.18 Unpacking librtmp1:arm64 (2.4+20151223.gitfa8646d.1-2build7) ...
#13 34.18 Selecting previously unselected package libssh-4:arm64.
#13 34.18 Preparing to unpack .../140-libssh-4_0.10.6-2ubuntu0.5_arm64.deb ...
#13 34.18 Unpacking libssh-4:arm64 (0.10.6-2ubuntu0.5) ...
#13 34.19 Selecting previously unselected package libcurl4t64:arm64.
#13 34.19 Preparing to unpack .../141-libcurl4t64_8.5.0-2ubuntu10.15_arm64.deb ...
#13 34.19 Unpacking libcurl4t64:arm64 (8.5.0-2ubuntu10.15) ...
#13 34.20 Selecting previously unselected package curl.
#13 34.20 Preparing to unpack .../142-curl_8.5.0-2ubuntu10.15_arm64.deb ...
#13 34.21 Unpacking curl (8.5.0-2ubuntu10.15) ...
#13 34.22 Selecting previously unselected package emacsen-common.
#13 34.22 Preparing to unpack .../143-emacsen-common_3.0.5_all.deb ...
#13 34.22 Unpacking emacsen-common (3.0.5) ...
#13 34.23 Selecting previously unselected package dictionaries-common.
#13 34.24 Preparing to unpack .../144-dictionaries-common_1.29.7_all.deb ...
#13 34.24 Adding 'diversion of /usr/share/dict/words to /usr/share/dict/words.pre-dictionaries-common by dictionaries-common'
#13 34.24 Unpacking dictionaries-common (1.29.7) ...
#13 34.25 Selecting previously unselected package libexo-common.
#13 34.25 Preparing to unpack .../145-libexo-common_4.18.0-1build4_all.deb ...
#13 34.25 Unpacking libexo-common (4.18.0-1build4) ...
#13 34.26 Selecting previously unselected package libatk1.0-0t64:arm64.
#13 34.26 Preparing to unpack .../146-libatk1.0-0t64_2.52.0-1build1_arm64.deb ...
#13 34.26 Unpacking libatk1.0-0t64:arm64 (2.52.0-1build1) ...
#13 34.27 Selecting previously unselected package libfreetype6:arm64.
#13 34.27 Preparing to unpack .../147-libfreetype6_2.13.2+dfsg-1ubuntu0.2_arm64.deb ...
#13 34.27 Unpacking libfreetype6:arm64 (2.13.2+dfsg-1ubuntu0.2) ...
#13 34.28 Selecting previously unselected package fonts-dejavu-mono.
#13 34.28 Preparing to unpack .../148-fonts-dejavu-mono_2.37-8_all.deb ...
#13 34.28 Unpacking fonts-dejavu-mono (2.37-8) ...
#13 34.30 Selecting previously unselected package fonts-dejavu-core.
#13 34.30 Preparing to unpack .../149-fonts-dejavu-core_2.37-8_all.deb ...
#13 34.30 Unpacking fonts-dejavu-core (2.37-8) ...
#13 34.32 Selecting previously unselected package libfontenc1:arm64.
#13 34.32 Preparing to unpack .../150-libfontenc1_1%3a1.1.8-1build1_arm64.deb ...
#13 34.32 Unpacking libfontenc1:arm64 (1:1.1.8-1build1) ...
#13 34.33 Selecting previously unselected package xfonts-encodings.
#13 34.33 Preparing to unpack .../151-xfonts-encodings_1%3a1.0.5-0ubuntu2_all.deb ...
#13 34.33 Unpacking xfonts-encodings (1:1.0.5-0ubuntu2) ...
#13 34.34 Selecting previously unselected package xfonts-utils.
#13 34.34 Preparing to unpack .../152-xfonts-utils_1%3a7.7+6build3_arm64.deb ...
#13 34.34 Unpacking xfonts-utils (1:7.7+6build3) ...
#13 34.35 Selecting previously unselected package fonts-urw-base35.
#13 34.35 Preparing to unpack .../153-fonts-urw-base35_20200910-8_all.deb ...
#13 34.37 Unpacking fonts-urw-base35 (20200910-8) ...
#13 34.43 Selecting previously unselected package fontconfig-config.
#13 34.43 Preparing to unpack .../154-fontconfig-config_2.15.0-1.1ubuntu2_arm64.deb ...
#13 34.48 Unpacking fontconfig-config (2.15.0-1.1ubuntu2) ...
#13 34.49 Selecting previously unselected package libfontconfig1:arm64.
#13 34.49 Preparing to unpack .../155-libfontconfig1_2.15.0-1.1ubuntu2_arm64.deb ...
#13 34.49 Unpacking libfontconfig1:arm64 (2.15.0-1.1ubuntu2) ...
#13 34.50 Selecting previously unselected package libpixman-1-0:arm64.
#13 34.50 Preparing to unpack .../156-libpixman-1-0_0.42.2-1build1_arm64.deb ...
#13 34.51 Unpacking libpixman-1-0:arm64 (0.42.2-1build1) ...
#13 34.51 Selecting previously unselected package libxcb-render0:arm64.
#13 34.52 Preparing to unpack .../157-libxcb-render0_1.15-1ubuntu2_arm64.deb ...
#13 34.52 Unpacking libxcb-render0:arm64 (1.15-1ubuntu2) ...
#13 34.52 Selecting previously unselected package libxcb-shm0:arm64.
#13 34.53 Preparing to unpack .../158-libxcb-shm0_1.15-1ubuntu2_arm64.deb ...
#13 34.53 Unpacking libxcb-shm0:arm64 (1.15-1ubuntu2) ...
#13 34.54 Selecting previously unselected package libxrender1:arm64.
#13 34.54 Preparing to unpack .../159-libxrender1_1%3a0.9.10-1.1build1_arm64.deb ...
#13 34.54 Unpacking libxrender1:arm64 (1:0.9.10-1.1build1) ...
#13 34.54 Selecting previously unselected package libcairo2:arm64.
#13 34.55 Preparing to unpack .../160-libcairo2_1.18.0-3build1_arm64.deb ...
#13 34.55 Unpacking libcairo2:arm64 (1.18.0-3build1) ...
#13 34.56 Selecting previously unselected package libatk-bridge2.0-0t64:arm64.
#13 34.56 Preparing to unpack .../161-libatk-bridge2.0-0t64_2.52.0-1build1_arm64.deb ...
#13 34.56 Unpacking libatk-bridge2.0-0t64:arm64 (2.52.0-1build1) ...
#13 34.57 Selecting previously unselected package libcairo-gobject2:arm64.
#13 34.57 Preparing to unpack .../162-libcairo-gobject2_1.18.0-3build1_arm64.deb ...
#13 34.57 Unpacking libcairo-gobject2:arm64 (1.18.0-3build1) ...
#13 34.58 Selecting previously unselected package liblcms2-2:arm64.
#13 34.58 Preparing to unpack .../163-liblcms2-2_2.14-2ubuntu0.1_arm64.deb ...
#13 34.58 Unpacking liblcms2-2:arm64 (2.14-2ubuntu0.1) ...
#13 34.59 Selecting previously unselected package libcolord2:arm64.
#13 34.59 Preparing to unpack .../164-libcolord2_1.4.7-1build2_arm64.deb ...
#13 34.59 Unpacking libcolord2:arm64 (1.4.7-1build2) ...
#13 34.60 Selecting previously unselected package libavahi-common-data:arm64.
#13 34.60 Preparing to unpack .../165-libavahi-common-data_0.8-13ubuntu6.2_arm64.deb ...
#13 34.60 Unpacking libavahi-common-data:arm64 (0.8-13ubuntu6.2) ...
#13 34.61 Selecting previously unselected package libavahi-common3:arm64.
#13 34.61 Preparing to unpack .../166-libavahi-common3_0.8-13ubuntu6.2_arm64.deb ...
#13 34.61 Unpacking libavahi-common3:arm64 (0.8-13ubuntu6.2) ...
#13 34.62 Selecting previously unselected package libavahi-client3:arm64.
#13 34.62 Preparing to unpack .../167-libavahi-client3_0.8-13ubuntu6.2_arm64.deb ...
#13 34.62 Unpacking libavahi-client3:arm64 (0.8-13ubuntu6.2) ...
#13 34.63 Selecting previously unselected package libcups2t64:arm64.
#13 34.63 Preparing to unpack .../168-libcups2t64_2.4.7-1.2ubuntu7.14_arm64.deb ...
#13 34.63 Unpacking libcups2t64:arm64 (2.4.7-1.2ubuntu7.14) ...
#13 34.64 Selecting previously unselected package libepoxy0:arm64.
#13 34.64 Preparing to unpack .../169-libepoxy0_1.5.10-1build1_arm64.deb ...
#13 34.64 Unpacking libepoxy0:arm64 (1.5.10-1build1) ...
#13 34.65 Selecting previously unselected package libgraphite2-3:arm64.
#13 34.66 Preparing to unpack .../170-libgraphite2-3_1.3.14-2ubuntu0.24.04.1_arm64.deb ...
#13 34.66 Unpacking libgraphite2-3:arm64 (1.3.14-2ubuntu0.24.04.1) ...
#13 34.66 Selecting previously unselected package libharfbuzz0b:arm64.
#13 34.67 Preparing to unpack .../171-libharfbuzz0b_8.3.0-2build2_arm64.deb ...
#13 34.67 Unpacking libharfbuzz0b:arm64 (8.3.0-2build2) ...
#13 34.68 Selecting previously unselected package fontconfig.
#13 34.68 Preparing to unpack .../172-fontconfig_2.15.0-1.1ubuntu2_arm64.deb ...
#13 34.68 Unpacking fontconfig (2.15.0-1.1ubuntu2) ...
#13 34.69 Selecting previously unselected package libthai-data.
#13 34.69 Preparing to unpack .../173-libthai-data_0.1.29-2build1_all.deb ...
#13 34.69 Unpacking libthai-data (0.1.29-2build1) ...
#13 34.70 Selecting previously unselected package libdatrie1:arm64.
#13 34.70 Preparing to unpack .../174-libdatrie1_0.2.13-3build1_arm64.deb ...
#13 34.70 Unpacking libdatrie1:arm64 (0.2.13-3build1) ...
#13 34.71 Selecting previously unselected package libthai0:arm64.
#13 34.71 Preparing to unpack .../175-libthai0_0.1.29-2build1_arm64.deb ...
#13 34.71 Unpacking libthai0:arm64 (0.1.29-2build1) ...
#13 34.72 Selecting previously unselected package libpango-1.0-0:arm64.
#13 34.72 Preparing to unpack .../176-libpango-1.0-0_1.52.1+ds-1build1_arm64.deb ...
#13 34.72 Unpacking libpango-1.0-0:arm64 (1.52.1+ds-1build1) ...
#13 34.73 Selecting previously unselected package libpangoft2-1.0-0:arm64.
#13 34.74 Preparing to unpack .../177-libpangoft2-1.0-0_1.52.1+ds-1build1_arm64.deb ...
#13 34.74 Unpacking libpangoft2-1.0-0:arm64 (1.52.1+ds-1build1) ...
#13 34.74 Selecting previously unselected package libpangocairo-1.0-0:arm64.
#13 34.74 Preparing to unpack .../178-libpangocairo-1.0-0_1.52.1+ds-1build1_arm64.deb ...
#13 34.75 Unpacking libpangocairo-1.0-0:arm64 (1.52.1+ds-1build1) ...
#13 34.75 Selecting previously unselected package libwayland-client0:arm64.
#13 34.75 Preparing to unpack .../179-libwayland-client0_1.22.0-2.1build1_arm64.deb ...
#13 34.75 Unpacking libwayland-client0:arm64 (1.22.0-2.1build1) ...
#13 34.76 Selecting previously unselected package libwayland-cursor0:arm64.
#13 34.76 Preparing to unpack .../180-libwayland-cursor0_1.22.0-2.1build1_arm64.deb ...
#13 34.76 Unpacking libwayland-cursor0:arm64 (1.22.0-2.1build1) ...
#13 34.77 Selecting previously unselected package libwayland-egl1:arm64.
#13 34.77 Preparing to unpack .../181-libwayland-egl1_1.22.0-2.1build1_arm64.deb ...
#13 34.77 Unpacking libwayland-egl1:arm64 (1.22.0-2.1build1) ...
#13 34.78 Selecting previously unselected package libxcomposite1:arm64.
#13 34.78 Preparing to unpack .../182-libxcomposite1_1%3a0.4.5-1build3_arm64.deb ...
#13 34.78 Unpacking libxcomposite1:arm64 (1:0.4.5-1build3) ...
#13 34.79 Selecting previously unselected package libxfixes3:arm64.
#13 34.79 Preparing to unpack .../183-libxfixes3_1%3a6.0.0-2build1_arm64.deb ...
#13 34.79 Unpacking libxfixes3:arm64 (1:6.0.0-2build1) ...
#13 34.80 Selecting previously unselected package libxcursor1:arm64.
#13 34.80 Preparing to unpack .../184-libxcursor1_1%3a1.2.1-1build1_arm64.deb ...
#13 34.80 Unpacking libxcursor1:arm64 (1:1.2.1-1build1) ...
#13 34.81 Selecting previously unselected package libxdamage1:arm64.
#13 34.81 Preparing to unpack .../185-libxdamage1_1%3a1.1.6-1build1_arm64.deb ...
#13 34.81 Unpacking libxdamage1:arm64 (1:1.1.6-1build1) ...
#13 34.82 Selecting previously unselected package libxinerama1:arm64.
#13 34.82 Preparing to unpack .../186-libxinerama1_2%3a1.1.4-3build1_arm64.deb ...
#13 34.82 Unpacking libxinerama1:arm64 (2:1.1.4-3build1) ...
#13 34.83 Selecting previously unselected package libxrandr2:arm64.
#13 34.83 Preparing to unpack .../187-libxrandr2_2%3a1.5.2-2build1_arm64.deb ...
#13 34.83 Unpacking libxrandr2:arm64 (2:1.5.2-2build1) ...
#13 34.84 Selecting previously unselected package libgtk-3-common.
#13 34.84 Preparing to unpack .../188-libgtk-3-common_3.24.41-4ubuntu1.3_all.deb ...
#13 34.84 Unpacking libgtk-3-common (3.24.41-4ubuntu1.3) ...
#13 34.86 Selecting previously unselected package libgtk-3-0t64:arm64.
#13 34.86 Preparing to unpack .../189-libgtk-3-0t64_3.24.41-4ubuntu1.3_arm64.deb ...
#13 34.86 Unpacking libgtk-3-0t64:arm64 (3.24.41-4ubuntu1.3) ...
#13 34.90 Selecting previously unselected package libxfce4util-common.
#13 34.91 Preparing to unpack .../190-libxfce4util-common_4.18.1-2build3_all.deb ...
#13 34.91 Unpacking libxfce4util-common (4.18.1-2build3) ...
#13 34.92 Selecting previously unselected package libxfce4util7:arm64.
#13 34.92 Preparing to unpack .../191-libxfce4util7_4.18.1-2build3_arm64.deb ...
#13 34.92 Unpacking libxfce4util7:arm64 (4.18.1-2build3) ...
#13 34.93 Selecting previously unselected package libexo-2-0:arm64.
#13 34.93 Preparing to unpack .../192-libexo-2-0_4.18.0-1build4_arm64.deb ...
#13 34.93 Unpacking libexo-2-0:arm64 (4.18.0-1build4) ...
#13 34.94 Selecting previously unselected package libxfce4ui-common.
#13 34.95 Preparing to unpack .../193-libxfce4ui-common_4.18.4-1build4_all.deb ...
#13 34.95 Unpacking libxfce4ui-common (4.18.4-1build4) ...
#13 34.96 Selecting previously unselected package libice6:arm64.
#13 34.96 Preparing to unpack .../194-libice6_2%3a1.0.10-1build3_arm64.deb ...
#13 34.96 Unpacking libice6:arm64 (2:1.0.10-1build3) ...
#13 34.97 Selecting previously unselected package libsm6:arm64.
#13 34.97 Preparing to unpack .../195-libsm6_2%3a1.2.3-1build3_arm64.deb ...
#13 34.97 Unpacking libsm6:arm64 (2:1.2.3-1build3) ...
#13 34.98 Selecting previously unselected package libx11-xcb1:arm64.
#13 34.98 Preparing to unpack .../196-libx11-xcb1_2%3a1.8.7-1build1_arm64.deb ...
#13 34.98 Unpacking libx11-xcb1:arm64 (2:1.8.7-1build1) ...
#13 34.99 Selecting previously unselected package libxcb-util1:arm64.
#13 34.99 Preparing to unpack .../197-libxcb-util1_0.4.0-1build3_arm64.deb ...
#13 34.99 Unpacking libxcb-util1:arm64 (0.4.0-1build3) ...
#13 35.00 Selecting previously unselected package libstartup-notification0:arm64.
#13 35.00 Preparing to unpack .../198-libstartup-notification0_0.12-6build3_arm64.deb ...
#13 35.00 Unpacking libstartup-notification0:arm64 (0.12-6build3) ...
#13 35.01 Selecting previously unselected package xfconf.
#13 35.01 Preparing to unpack .../199-xfconf_4.18.1-1build3_arm64.deb ...
#13 35.01 Unpacking xfconf (4.18.1-1build3) ...
#13 35.02 Selecting previously unselected package libxfconf-0-3:arm64.
#13 35.02 Preparing to unpack .../200-libxfconf-0-3_4.18.1-1build3_arm64.deb ...
#13 35.02 Unpacking libxfconf-0-3:arm64 (4.18.1-1build3) ...
#13 35.03 Selecting previously unselected package libxfce4ui-2-0:arm64.
#13 35.03 Preparing to unpack .../201-libxfce4ui-2-0_4.18.4-1build4_arm64.deb ...
#13 35.03 Unpacking libxfce4ui-2-0:arm64 (4.18.4-1build4) ...
#13 35.04 Selecting previously unselected package exo-utils.
#13 35.04 Preparing to unpack .../202-exo-utils_4.18.0-1build4_arm64.deb ...
#13 35.04 Unpacking exo-utils (4.18.0-1build4) ...
#13 35.05 Selecting previously unselected package gir1.2-atk-1.0:arm64.
#13 35.05 Preparing to unpack .../203-gir1.2-atk-1.0_2.52.0-1build1_arm64.deb ...
#13 35.05 Unpacking gir1.2-atk-1.0:arm64 (2.52.0-1build1) ...
#13 35.06 Selecting previously unselected package gir1.2-freedesktop:arm64.
#13 35.06 Preparing to unpack .../204-gir1.2-freedesktop_1.80.1-1_arm64.deb ...
#13 35.06 Unpacking gir1.2-freedesktop:arm64 (1.80.1-1) ...
#13 35.07 Selecting previously unselected package gir1.2-atspi-2.0:arm64.
#13 35.07 Preparing to unpack .../205-gir1.2-atspi-2.0_2.52.0-1build1_arm64.deb ...
#13 35.07 Unpacking gir1.2-atspi-2.0:arm64 (2.52.0-1build1) ...
#13 35.08 Selecting previously unselected package gir1.2-gdkpixbuf-2.0:arm64.
#13 35.08 Preparing to unpack .../206-gir1.2-gdkpixbuf-2.0_2.42.10+dfsg-3ubuntu3.3_arm64.deb ...
#13 35.08 Unpacking gir1.2-gdkpixbuf-2.0:arm64 (2.42.10+dfsg-3ubuntu3.3) ...
#13 35.09 Selecting previously unselected package libharfbuzz-gobject0:arm64.
#13 35.09 Preparing to unpack .../207-libharfbuzz-gobject0_8.3.0-2build2_arm64.deb ...
#13 35.09 Unpacking libharfbuzz-gobject0:arm64 (8.3.0-2build2) ...
#13 35.10 Selecting previously unselected package gir1.2-harfbuzz-0.0:arm64.
#13 35.10 Preparing to unpack .../208-gir1.2-harfbuzz-0.0_8.3.0-2build2_arm64.deb ...
#13 35.10 Unpacking gir1.2-harfbuzz-0.0:arm64 (8.3.0-2build2) ...
#13 35.11 Selecting previously unselected package libxft2:arm64.
#13 35.11 Preparing to unpack .../209-libxft2_2.3.6-1build1_arm64.deb ...
#13 35.11 Unpacking libxft2:arm64 (2.3.6-1build1) ...
#13 35.12 Selecting previously unselected package libpangoxft-1.0-0:arm64.
#13 35.12 Preparing to unpack .../210-libpangoxft-1.0-0_1.52.1+ds-1build1_arm64.deb ...
#13 35.12 Unpacking libpangoxft-1.0-0:arm64 (1.52.1+ds-1build1) ...
#13 35.13 Selecting previously unselected package gir1.2-pango-1.0:arm64.
#13 35.13 Preparing to unpack .../211-gir1.2-pango-1.0_1.52.1+ds-1build1_arm64.deb ...
#13 35.13 Unpacking gir1.2-pango-1.0:arm64 (1.52.1+ds-1build1) ...
#13 35.14 Selecting previously unselected package gir1.2-gtk-3.0:arm64.
#13 35.14 Preparing to unpack .../212-gir1.2-gtk-3.0_3.24.41-4ubuntu1.3_arm64.deb ...
#13 35.14 Unpacking gir1.2-gtk-3.0:arm64 (3.24.41-4ubuntu1.3) ...
#13 35.15 Selecting previously unselected package libayatana-ido3-0.4-0:arm64.
#13 35.15 Preparing to unpack .../213-libayatana-ido3-0.4-0_0.10.1-1build2_arm64.deb ...
#13 35.15 Unpacking libayatana-ido3-0.4-0:arm64 (0.10.1-1build2) ...
#13 35.16 Selecting previously unselected package libayatana-indicator3-7:arm64.
#13 35.16 Preparing to unpack .../214-libayatana-indicator3-7_0.9.4-1build1_arm64.deb ...
#13 35.17 Unpacking libayatana-indicator3-7:arm64 (0.9.4-1build1) ...
#13 35.17 Selecting previously unselected package libdbusmenu-glib4:arm64.
#13 35.17 Preparing to unpack .../215-libdbusmenu-glib4_18.10.20180917~bzr492+repack1-3.1ubuntu5_arm64.deb ...
#13 35.18 Unpacking libdbusmenu-glib4:arm64 (18.10.20180917~bzr492+repack1-3.1ubuntu5) ...
#13 35.18 Selecting previously unselected package libdbusmenu-gtk3-4:arm64.
#13 35.18 Preparing to unpack .../216-libdbusmenu-gtk3-4_18.10.20180917~bzr492+repack1-3.1ubuntu5_arm64.deb ...
#13 35.19 Unpacking libdbusmenu-gtk3-4:arm64 (18.10.20180917~bzr492+repack1-3.1ubuntu5) ...
#13 35.19 Selecting previously unselected package libayatana-appindicator3-1.
#13 35.19 Preparing to unpack .../217-libayatana-appindicator3-1_0.5.93-1build3_arm64.deb ...
#13 35.20 Unpacking libayatana-appindicator3-1 (0.5.93-1build3) ...
#13 35.20 Selecting previously unselected package gir1.2-ayatanaappindicator3-0.1.
#13 35.20 Preparing to unpack .../218-gir1.2-ayatanaappindicator3-0.1_0.5.93-1build3_arm64.deb ...
#13 35.20 Unpacking gir1.2-ayatanaappindicator3-0.1 (0.5.93-1build3) ...
#13 35.21 Selecting previously unselected package gir1.2-ayatanaido3-0.4:arm64.
#13 35.21 Preparing to unpack .../219-gir1.2-ayatanaido3-0.4_0.10.1-1build2_arm64.deb ...
#13 35.21 Unpacking gir1.2-ayatanaido3-0.4:arm64 (0.10.1-1build2) ...
#13 35.22 Selecting previously unselected package gir1.2-dbusmenu-glib-0.4:arm64.
#13 35.22 Preparing to unpack .../220-gir1.2-dbusmenu-glib-0.4_18.10.20180917~bzr492+repack1-3.1ubuntu5_arm64.deb ...
#13 35.22 Unpacking gir1.2-dbusmenu-glib-0.4:arm64 (18.10.20180917~bzr492+repack1-3.1ubuntu5) ...
#13 35.23 Selecting previously unselected package gir1.2-glib-2.0-dev:arm64.
#13 35.23 Preparing to unpack .../221-gir1.2-glib-2.0-dev_2.80.0-6ubuntu3.9_arm64.deb ...
#13 35.23 Unpacking gir1.2-glib-2.0-dev:arm64 (2.80.0-6ubuntu3.9) ...
#13 35.26 Selecting previously unselected package gir1.2-freedesktop-dev:arm64.
#13 35.26 Preparing to unpack .../222-gir1.2-freedesktop-dev_1.80.1-1_arm64.deb ...
#13 35.26 Unpacking gir1.2-freedesktop-dev:arm64 (1.80.1-1) ...
#13 35.27 Selecting previously unselected package libjavascriptcoregtk-4.1-0:arm64.
#13 35.27 Preparing to unpack .../223-libjavascriptcoregtk-4.1-0_2.52.6-0ubuntu0.24.04.1_arm64.deb ...
#13 35.27 Unpacking libjavascriptcoregtk-4.1-0:arm64 (2.52.6-0ubuntu0.24.04.1) ...
#13 35.36 Selecting previously unselected package gir1.2-javascriptcoregtk-4.1:arm64.
#13 35.36 Preparing to unpack .../224-gir1.2-javascriptcoregtk-4.1_2.52.6-0ubuntu0.24.04.1_arm64.deb ...
#13 35.36 Unpacking gir1.2-javascriptcoregtk-4.1:arm64 (2.52.6-0ubuntu0.24.04.1) ...
#13 35.37 Selecting previously unselected package librsvg2-2:arm64.
#13 35.37 Preparing to unpack .../225-librsvg2-2_2.58.0+dfsg-1ubuntu0.1_arm64.deb ...
#13 35.37 Unpacking librsvg2-2:arm64 (2.58.0+dfsg-1ubuntu0.1) ...
#13 35.40 Selecting previously unselected package gir1.2-rsvg-2.0:arm64.
#13 35.40 Preparing to unpack .../226-gir1.2-rsvg-2.0_2.58.0+dfsg-1ubuntu0.1_arm64.deb ...
#13 35.40 Unpacking gir1.2-rsvg-2.0:arm64 (2.58.0+dfsg-1ubuntu0.1) ...
#13 35.41 Selecting previously unselected package libcurl3t64-gnutls:arm64.
#13 35.41 Preparing to unpack .../227-libcurl3t64-gnutls_8.5.0-2ubuntu10.15_arm64.deb ...
#13 35.41 Unpacking libcurl3t64-gnutls:arm64 (8.5.0-2ubuntu10.15) ...
#13 35.43 Selecting previously unselected package libduktape207:arm64.
#13 35.43 Preparing to unpack .../228-libduktape207_2.7.0+tests-0ubuntu3_arm64.deb ...
#13 35.43 Unpacking libduktape207:arm64 (2.7.0+tests-0ubuntu3) ...
#13 35.44 Selecting previously unselected package libproxy1v5:arm64.
#13 35.44 Preparing to unpack .../229-libproxy1v5_0.5.4-4build1_arm64.deb ...
#13 35.45 Unpacking libproxy1v5:arm64 (0.5.4-4build1) ...
#13 35.45 Selecting previously unselected package glib-networking-common.
#13 35.45 Preparing to unpack .../230-glib-networking-common_2.80.0-1build1_all.deb ...
#13 35.45 Unpacking glib-networking-common (2.80.0-1build1) ...
#13 35.46 Selecting previously unselected package glib-networking-services.
#13 35.47 Preparing to unpack .../231-glib-networking-services_2.80.0-1build1_arm64.deb ...
#13 35.47 Unpacking glib-networking-services (2.80.0-1build1) ...
#13 35.47 Selecting previously unselected package glib-networking:arm64.
#13 35.47 Preparing to unpack .../232-glib-networking_2.80.0-1build1_arm64.deb ...
#13 35.48 Unpacking glib-networking:arm64 (2.80.0-1build1) ...
#13 35.48 Selecting previously unselected package libsoup-3.0-common.
#13 35.48 Preparing to unpack .../233-libsoup-3.0-common_3.4.4-5ubuntu0.9_all.deb ...
#13 35.49 Unpacking libsoup-3.0-common (3.4.4-5ubuntu0.9) ...
#13 35.50 Selecting previously unselected package libsoup-3.0-0:arm64.
#13 35.50 Preparing to unpack .../234-libsoup-3.0-0_3.4.4-5ubuntu0.9_arm64.deb ...
#13 35.50 Unpacking libsoup-3.0-0:arm64 (3.4.4-5ubuntu0.9) ...
#13 35.51 Selecting previously unselected package gir1.2-soup-3.0:arm64.
#13 35.51 Preparing to unpack .../235-gir1.2-soup-3.0_3.4.4-5ubuntu0.9_arm64.deb ...
#13 35.52 Unpacking gir1.2-soup-3.0:arm64 (3.4.4-5ubuntu0.9) ...
#13 35.52 Selecting previously unselected package libcdparanoia0:arm64.
#13 35.53 Preparing to unpack .../236-libcdparanoia0_3.10.2+debian-14build3_arm64.deb ...
#13 35.53 Unpacking libcdparanoia0:arm64 (3.10.2+debian-14build3) ...
#13 35.54 Selecting previously unselected package libdw1t64:arm64.
#13 35.54 Preparing to unpack .../237-libdw1t64_0.190-1.1ubuntu0.1_arm64.deb ...
#13 35.54 Unpacking libdw1t64:arm64 (0.190-1.1ubuntu0.1) ...
#13 35.55 Selecting previously unselected package libunwind8:arm64.
#13 35.55 Preparing to unpack .../238-libunwind8_1.6.2-3build1.1_arm64.deb ...
#13 35.56 Unpacking libunwind8:arm64 (1.6.2-3build1.1) ...
#13 35.57 Selecting previously unselected package libgstreamer1.0-0:arm64.
#13 35.57 Preparing to unpack .../239-libgstreamer1.0-0_1.24.2-1ubuntu0.1_arm64.deb ...
#13 35.57 Unpacking libgstreamer1.0-0:arm64 (1.24.2-1ubuntu0.1) ...
#13 35.59 Selecting previously unselected package liborc-0.4-0t64:arm64.
#13 35.59 Preparing to unpack .../240-liborc-0.4-0t64_1%3a0.4.38-1ubuntu0.1_arm64.deb ...
#13 35.59 Unpacking liborc-0.4-0t64:arm64 (1:0.4.38-1ubuntu0.1) ...
#13 35.61 Selecting previously unselected package libgstreamer-plugins-base1.0-0:arm64.
#13 35.61 Preparing to unpack .../241-libgstreamer-plugins-base1.0-0_1.24.2-1ubuntu0.5_arm64.deb ...
#13 35.61 Unpacking libgstreamer-plugins-base1.0-0:arm64 (1.24.2-1ubuntu0.5) ...
#13 35.62 Selecting previously unselected package libogg0:arm64.
#13 35.63 Preparing to unpack .../242-libogg0_1.3.5-3build1_arm64.deb ...
#13 35.63 Unpacking libogg0:arm64 (1.3.5-3build1) ...
#13 35.64 Selecting previously unselected package libopus0:arm64.
#13 35.64 Preparing to unpack .../243-libopus0_1.4-1build1_arm64.deb ...
#13 35.64 Unpacking libopus0:arm64 (1.4-1build1) ...
#13 35.65 Selecting previously unselected package libtheora0:arm64.
#13 35.65 Preparing to unpack .../244-libtheora0_1.1.1+dfsg.1-16.1build3_arm64.deb ...
#13 35.65 Unpacking libtheora0:arm64 (1.1.1+dfsg.1-16.1build3) ...
#13 35.66 Selecting previously unselected package libvisual-0.4-0:arm64.
#13 35.66 Preparing to unpack .../245-libvisual-0.4-0_0.4.2-2build1_arm64.deb ...
#13 35.66 Unpacking libvisual-0.4-0:arm64 (0.4.2-2build1) ...
#13 35.68 Selecting previously unselected package libvorbis0a:arm64.
#13 35.68 Preparing to unpack .../246-libvorbis0a_1.3.7-1build3_arm64.deb ...
#13 35.68 Unpacking libvorbis0a:arm64 (1.3.7-1build3) ...
#13 35.69 Selecting previously unselected package libvorbisenc2:arm64.
#13 35.69 Preparing to unpack .../247-libvorbisenc2_1.3.7-1build3_arm64.deb ...
#13 35.69 Unpacking libvorbisenc2:arm64 (1.3.7-1build3) ...
#13 35.70 Selecting previously unselected package gstreamer1.0-plugins-base:arm64.
#13 35.70 Preparing to unpack .../248-gstreamer1.0-plugins-base_1.24.2-1ubuntu0.5_arm64.deb ...
#13 35.70 Unpacking gstreamer1.0-plugins-base:arm64 (1.24.2-1ubuntu0.5) ...
#13 35.72 Selecting previously unselected package libaa1:arm64.
#13 35.72 Preparing to unpack .../249-libaa1_1.4p5-51.1_arm64.deb ...
#13 35.72 Unpacking libaa1:arm64 (1.4p5-51.1) ...
#13 35.73 Selecting previously unselected package libraw1394-11:arm64.
#13 35.73 Preparing to unpack .../250-libraw1394-11_2.1.2-2build3_arm64.deb ...
#13 35.73 Unpacking libraw1394-11:arm64 (2.1.2-2build3) ...
#13 35.75 Selecting previously unselected package libavc1394-0:arm64.
#13 35.75 Preparing to unpack .../251-libavc1394-0_0.5.4-5build3_arm64.deb ...
#13 35.75 Unpacking libavc1394-0:arm64 (0.5.4-5build3) ...
#13 35.76 Selecting previously unselected package libcaca0:arm64.
#13 35.76 Preparing to unpack .../252-libcaca0_0.99.beta20-4ubuntu0.2_arm64.deb ...
#13 35.77 Unpacking libcaca0:arm64 (0.99.beta20-4ubuntu0.2) ...
#13 35.78 Selecting previously unselected package libdv4t64:arm64.
#13 35.78 Preparing to unpack .../253-libdv4t64_1.0.0-17.1build1_arm64.deb ...
#13 35.78 Unpacking libdv4t64:arm64 (1.0.0-17.1build1) ...
#13 35.79 Selecting previously unselected package libflac12t64:arm64.
#13 35.79 Preparing to unpack .../254-libflac12t64_1.4.3+ds-2.1ubuntu2_arm64.deb ...
#13 35.79 Unpacking libflac12t64:arm64 (1.4.3+ds-2.1ubuntu2) ...
#13 35.80 Selecting previously unselected package libgstreamer-plugins-good1.0-0:arm64.
#13 35.80 Preparing to unpack .../255-libgstreamer-plugins-good1.0-0_1.24.2-1ubuntu1.8_arm64.deb ...
#13 35.80 Unpacking libgstreamer-plugins-good1.0-0:arm64 (1.24.2-1ubuntu1.8) ...
#13 35.81 Selecting previously unselected package libgudev-1.0-0:arm64.
#13 35.81 Preparing to unpack .../256-libgudev-1.0-0_1%3a238-5ubuntu1_arm64.deb ...
#13 35.81 Unpacking libgudev-1.0-0:arm64 (1:238-5ubuntu1) ...
#13 35.82 Selecting previously unselected package libiec61883-0:arm64.
#13 35.82 Preparing to unpack .../257-libiec61883-0_1.2.0-6build1_arm64.deb ...
#13 35.82 Unpacking libiec61883-0:arm64 (1.2.0-6build1) ...
#13 35.83 Selecting previously unselected package libmp3lame0:arm64.
#13 35.83 Preparing to unpack .../258-libmp3lame0_3.100-6build1_arm64.deb ...
#13 35.83 Unpacking libmp3lame0:arm64 (3.100-6build1) ...
#13 35.84 Selecting previously unselected package libmpg123-0t64:arm64.
#13 35.85 Preparing to unpack .../259-libmpg123-0t64_1.32.5-1ubuntu1.1_arm64.deb ...
#13 35.85 Unpacking libmpg123-0t64:arm64 (1.32.5-1ubuntu1.1) ...
#13 35.86 Selecting previously unselected package libasyncns0:arm64.
#13 35.86 Preparing to unpack .../260-libasyncns0_0.8-6build4_arm64.deb ...
#13 35.86 Unpacking libasyncns0:arm64 (0.8-6build4) ...
#13 35.87 Selecting previously unselected package libsndfile1:arm64.
#13 35.87 Preparing to unpack .../261-libsndfile1_1.2.2-1ubuntu5.24.04.1_arm64.deb ...
#13 35.87 Unpacking libsndfile1:arm64 (1.2.2-1ubuntu5.24.04.1) ...
#13 35.89 Selecting previously unselected package libpulse0:arm64.
#13 35.89 Preparing to unpack .../262-libpulse0_1%3a16.1+dfsg1-2ubuntu10.1_arm64.deb ...
#13 35.89 Unpacking libpulse0:arm64 (1:16.1+dfsg1-2ubuntu10.1) ...
#13 35.90 Selecting previously unselected package libspeex1:arm64.
#13 35.90 Preparing to unpack .../263-libspeex1_1.2.1-2ubuntu2.24.04.1_arm64.deb ...
#13 35.91 Unpacking libspeex1:arm64 (1.2.1-2ubuntu2.24.04.1) ...
#13 35.92 Selecting previously unselected package libshout3:arm64.
#13 35.92 Preparing to unpack .../264-libshout3_2.4.6-1build2_arm64.deb ...
#13 35.92 Unpacking libshout3:arm64 (2.4.6-1build2) ...
#13 35.93 Selecting previously unselected package libtag1v5-vanilla:arm64.
#13 35.93 Preparing to unpack .../265-libtag1v5-vanilla_1.13.1-1build1_arm64.deb ...
#13 35.93 Unpacking libtag1v5-vanilla:arm64 (1.13.1-1build1) ...
#13 35.94 Selecting previously unselected package libtag1v5:arm64.
#13 35.94 Preparing to unpack .../266-libtag1v5_1.13.1-1build1_arm64.deb ...
#13 35.94 Unpacking libtag1v5:arm64 (1.13.1-1build1) ...
#13 35.95 Selecting previously unselected package libtwolame0:arm64.
#13 35.95 Preparing to unpack .../267-libtwolame0_0.4.0-2build3_arm64.deb ...
#13 35.95 Unpacking libtwolame0:arm64 (0.4.0-2build3) ...
#13 35.96 Selecting previously unselected package libv4lconvert0t64:arm64.
#13 35.96 Preparing to unpack .../268-libv4lconvert0t64_1.26.1-4build3_arm64.deb ...
#13 35.96 Unpacking libv4lconvert0t64:arm64 (1.26.1-4build3) ...
#13 35.97 Selecting previously unselected package libv4l-0t64:arm64.
#13 35.98 Preparing to unpack .../269-libv4l-0t64_1.26.1-4build3_arm64.deb ...
#13 35.98 Unpacking libv4l-0t64:arm64 (1.26.1-4build3) ...
#13 35.99 Selecting previously unselected package libvpx9:arm64.
#13 35.99 Preparing to unpack .../270-libvpx9_1.14.0-1ubuntu2.3_arm64.deb ...
#13 35.99 Unpacking libvpx9:arm64 (1.14.0-1ubuntu2.3) ...
#13 36.01 Selecting previously unselected package libwavpack1:arm64.
#13 36.01 Preparing to unpack .../271-libwavpack1_5.6.0-1build1_arm64.deb ...
#13 36.01 Unpacking libwavpack1:arm64 (5.6.0-1build1) ...
#13 36.02 Selecting previously unselected package gstreamer1.0-plugins-good:arm64.
#13 36.02 Preparing to unpack .../272-gstreamer1.0-plugins-good_1.24.2-1ubuntu1.8_arm64.deb ...
#13 36.02 Unpacking gstreamer1.0-plugins-good:arm64 (1.24.2-1ubuntu1.8) ...
#13 36.06 Selecting previously unselected package libglvnd0:arm64.
#13 36.06 Preparing to unpack .../273-libglvnd0_1.7.0-1build1_arm64.deb ...
#13 36.06 Unpacking libglvnd0:arm64 (1.7.0-1build1) ...
#13 36.07 Selecting previously unselected package libgles2:arm64.
#13 36.07 Preparing to unpack .../274-libgles2_1.7.0-1build1_arm64.deb ...
#13 36.08 Unpacking libgles2:arm64 (1.7.0-1build1) ...
#13 36.08 Selecting previously unselected package xdg-dbus-proxy.
#13 36.08 Preparing to unpack .../275-xdg-dbus-proxy_0.1.5-1ubuntu0.2_arm64.deb ...
#13 36.09 Unpacking xdg-dbus-proxy (0.1.5-1ubuntu0.2) ...
#13 36.09 Selecting previously unselected package hunspell-en-us.
#13 36.10 Preparing to unpack .../276-hunspell-en-us_1%3a2020.12.07-2_all.deb ...
#13 36.10 Unpacking hunspell-en-us (1:2020.12.07-2) ...
#13 36.11 Selecting previously unselected package libaspell15:arm64.
#13 36.11 Preparing to unpack .../277-libaspell15_0.60.8.1-1build1_arm64.deb ...
#13 36.11 Unpacking libaspell15:arm64 (0.60.8.1-1build1) ...
#13 36.13 Selecting previously unselected package libhunspell-1.7-0:arm64.
#13 36.13 Preparing to unpack .../278-libhunspell-1.7-0_1.7.2+really1.7.2-10build3_arm64.deb ...
#13 36.13 Unpacking libhunspell-1.7-0:arm64 (1.7.2+really1.7.2-10build3) ...
#13 36.14 Selecting previously unselected package libenchant-2-2:arm64.
#13 36.15 Preparing to unpack .../279-libenchant-2-2_2.3.3-2build2_arm64.deb ...
#13 36.15 Unpacking libenchant-2-2:arm64 (2.3.3-2build2) ...
#13 36.16 Selecting previously unselected package libdrm-amdgpu1:arm64.
#13 36.16 Preparing to unpack .../280-libdrm-amdgpu1_2.4.125-1ubuntu0.1~24.04.2_arm64.deb ...
#13 36.16 Unpacking libdrm-amdgpu1:arm64 (2.4.125-1ubuntu0.1~24.04.2) ...
#13 36.17 Selecting previously unselected package libllvm20:arm64.
#13 36.17 Preparing to unpack .../281-libllvm20_1%3a20.1.2-0ubuntu1~24.04.3_arm64.deb ...
#13 36.18 Unpacking libllvm20:arm64 (1:20.1.2-0ubuntu1~24.04.3) ...
#13 36.64 Selecting previously unselected package libxcb-dri3-0:arm64.
#13 36.64 Preparing to unpack .../282-libxcb-dri3-0_1.15-1ubuntu2_arm64.deb ...
#13 36.64 Unpacking libxcb-dri3-0:arm64 (1.15-1ubuntu2) ...
#13 36.65 Selecting previously unselected package libxcb-present0:arm64.
#13 36.65 Preparing to unpack .../283-libxcb-present0_1.15-1ubuntu2_arm64.deb ...
#13 36.65 Unpacking libxcb-present0:arm64 (1.15-1ubuntu2) ...
#13 36.66 Selecting previously unselected package libxcb-randr0:arm64.
#13 36.66 Preparing to unpack .../284-libxcb-randr0_1.15-1ubuntu2_arm64.deb ...
#13 36.67 Unpacking libxcb-randr0:arm64 (1.15-1ubuntu2) ...
#13 36.67 Selecting previously unselected package libxcb-sync1:arm64.
#13 36.68 Preparing to unpack .../285-libxcb-sync1_1.15-1ubuntu2_arm64.deb ...
#13 36.68 Unpacking libxcb-sync1:arm64 (1.15-1ubuntu2) ...
#13 36.69 Selecting previously unselected package libxcb-xfixes0:arm64.
#13 36.69 Preparing to unpack .../286-libxcb-xfixes0_1.15-1ubuntu2_arm64.deb ...
#13 36.69 Unpacking libxcb-xfixes0:arm64 (1.15-1ubuntu2) ...
#13 36.70 Selecting previously unselected package libxshmfence1:arm64.
#13 36.70 Preparing to unpack .../287-libxshmfence1_1.3-1build5_arm64.deb ...
#13 36.70 Unpacking libxshmfence1:arm64 (1.3-1build5) ...
#13 36.71 Selecting previously unselected package mesa-libgallium:arm64.
#13 36.71 Preparing to unpack .../288-mesa-libgallium_25.2.8-0ubuntu0.24.04.4_arm64.deb ...
#13 36.71 Unpacking mesa-libgallium:arm64 (25.2.8-0ubuntu0.24.04.4) ...
#13 36.84 Selecting previously unselected package libgbm1:arm64.
#13 36.84 Preparing to unpack .../289-libgbm1_25.2.8-0ubuntu0.24.04.4_arm64.deb ...
#13 36.84 Unpacking libgbm1:arm64 (25.2.8-0ubuntu0.24.04.4) ...
#13 36.86 Selecting previously unselected package libegl-mesa0:arm64.
#13 36.86 Preparing to unpack .../290-libegl-mesa0_25.2.8-0ubuntu0.24.04.4_arm64.deb ...
#13 36.86 Unpacking libegl-mesa0:arm64 (25.2.8-0ubuntu0.24.04.4) ...
#13 36.87 Selecting previously unselected package libegl1:arm64.
#13 36.87 Preparing to unpack .../291-libegl1_1.7.0-1build1_arm64.deb ...
#13 36.87 Unpacking libegl1:arm64 (1.7.0-1build1) ...
#13 36.88 Selecting previously unselected package libxcb-glx0:arm64.
#13 36.88 Preparing to unpack .../292-libxcb-glx0_1.15-1ubuntu2_arm64.deb ...
#13 36.88 Unpacking libxcb-glx0:arm64 (1.15-1ubuntu2) ...
#13 36.89 Selecting previously unselected package libxxf86vm1:arm64.
#13 36.89 Preparing to unpack .../293-libxxf86vm1_1%3a1.1.4-1build4_arm64.deb ...
#13 36.90 Unpacking libxxf86vm1:arm64 (1:1.1.4-1build4) ...
#13 36.91 Selecting previously unselected package libvulkan1:arm64.
#13 36.91 Preparing to unpack .../294-libvulkan1_1.3.275.0-1build1_arm64.deb ...
#13 36.91 Unpacking libvulkan1:arm64 (1.3.275.0-1build1) ...
#13 36.92 Selecting previously unselected package libgl1-mesa-dri:arm64.
#13 36.92 Preparing to unpack .../295-libgl1-mesa-dri_25.2.8-0ubuntu0.24.04.4_arm64.deb ...
#13 36.92 Unpacking libgl1-mesa-dri:arm64 (25.2.8-0ubuntu0.24.04.4) ...
#13 36.94 Selecting previously unselected package libglx-mesa0:arm64.
#13 36.94 Preparing to unpack .../296-libglx-mesa0_25.2.8-0ubuntu0.24.04.4_arm64.deb ...
#13 36.94 Unpacking libglx-mesa0:arm64 (25.2.8-0ubuntu0.24.04.4) ...
#13 36.95 Selecting previously unselected package libglx0:arm64.
#13 36.95 Preparing to unpack .../297-libglx0_1.7.0-1build1_arm64.deb ...
#13 36.95 Unpacking libglx0:arm64 (1.7.0-1build1) ...
#13 36.96 Selecting previously unselected package libgl1:arm64.
#13 36.97 Preparing to unpack .../298-libgl1_1.7.0-1build1_arm64.deb ...
#13 36.97 Unpacking libgl1:arm64 (1.7.0-1build1) ...
#13 36.98 Selecting previously unselected package libgstreamer-gl1.0-0:arm64.
#13 36.98 Preparing to unpack .../299-libgstreamer-gl1.0-0_1.24.2-1ubuntu0.5_arm64.deb ...
#13 36.98 Unpacking libgstreamer-gl1.0-0:arm64 (1.24.2-1ubuntu0.5) ...
#13 36.99 Selecting previously unselected package libharfbuzz-icu0:arm64.
#13 36.99 Preparing to unpack .../300-libharfbuzz-icu0_8.3.0-2build2_arm64.deb ...
#13 36.99 Unpacking libharfbuzz-icu0:arm64 (8.3.0-2build2) ...
#13 37.00 Selecting previously unselected package libhyphen0:arm64.
#13 37.01 Preparing to unpack .../301-libhyphen0_2.8.8-7build3_arm64.deb ...
#13 37.01 Unpacking libhyphen0:arm64 (2.8.8-7build3) ...
#13 37.01 Selecting previously unselected package libmanette-0.2-0:arm64.
#13 37.01 Preparing to unpack .../302-libmanette-0.2-0_0.2.7-1build2_arm64.deb ...
#13 37.02 Unpacking libmanette-0.2-0:arm64 (0.2.7-1build2) ...
#13 37.02 Selecting previously unselected package libsecret-common.
#13 37.02 Preparing to unpack .../303-libsecret-common_0.21.4-1build3_all.deb ...
#13 37.02 Unpacking libsecret-common (0.21.4-1build3) ...
#13 37.03 Selecting previously unselected package libsecret-1-0:arm64.
#13 37.04 Preparing to unpack .../304-libsecret-1-0_0.21.4-1build3_arm64.deb ...
#13 37.04 Unpacking libsecret-1-0:arm64 (0.21.4-1build3) ...
#13 37.04 Selecting previously unselected package libwayland-server0:arm64.
#13 37.05 Preparing to unpack .../305-libwayland-server0_1.22.0-2.1build1_arm64.deb ...
#13 37.05 Unpacking libwayland-server0:arm64 (1.22.0-2.1build1) ...
#13 37.06 Selecting previously unselected package libwebpdemux2:arm64.
#13 37.06 Preparing to unpack .../306-libwebpdemux2_1.3.2-0.4build3_arm64.deb ...
#13 37.06 Unpacking libwebpdemux2:arm64 (1.3.2-0.4build3) ...
#13 37.07 Selecting previously unselected package libwebpmux3:arm64.
#13 37.07 Preparing to unpack .../307-libwebpmux3_1.3.2-0.4build3_arm64.deb ...
#13 37.07 Unpacking libwebpmux3:arm64 (1.3.2-0.4build3) ...
#13 37.08 Selecting previously unselected package libxslt1.1:arm64.
#13 37.08 Preparing to unpack .../308-libxslt1.1_1.1.39-0exp1ubuntu0.24.04.3_arm64.deb ...
#13 37.08 Unpacking libxslt1.1:arm64 (1.1.39-0exp1ubuntu0.24.04.3) ...
#13 37.09 Selecting previously unselected package libwebkit2gtk-4.1-0:arm64.
#13 37.09 Preparing to unpack .../309-libwebkit2gtk-4.1-0_2.52.6-0ubuntu0.24.04.1_arm64.deb ...
#13 37.09 Unpacking libwebkit2gtk-4.1-0:arm64 (2.52.6-0ubuntu0.24.04.1) ...
#13 37.45 Selecting previously unselected package gir1.2-webkit2-4.1:arm64.
#13 37.45 Preparing to unpack .../310-gir1.2-webkit2-4.1_2.52.6-0ubuntu0.24.04.1_arm64.deb ...
#13 37.45 Unpacking gir1.2-webkit2-4.1:arm64 (2.52.6-0ubuntu0.24.04.1) ...
#13 37.46 Selecting previously unselected package liberror-perl.
#13 37.46 Preparing to unpack .../311-liberror-perl_0.17029-2_all.deb ...
#13 37.46 Unpacking liberror-perl (0.17029-2) ...
#13 37.47 Selecting previously unselected package git-man.
#13 37.47 Preparing to unpack .../312-git-man_1%3a2.43.0-1ubuntu7.3_all.deb ...
#13 37.47 Unpacking git-man (1:2.43.0-1ubuntu7.3) ...
#13 37.48 Selecting previously unselected package git.
#13 37.48 Preparing to unpack .../313-git_1%3a2.43.0-1ubuntu7.3_arm64.deb ...
#13 37.49 Unpacking git (1:2.43.0-1ubuntu7.3) ...
#13 37.56 Selecting previously unselected package icu-devtools.
#13 37.56 Preparing to unpack .../314-icu-devtools_74.2-1ubuntu3.1_arm64.deb ...
#13 37.56 Unpacking icu-devtools (74.2-1ubuntu3.1) ...
#13 37.58 Selecting previously unselected package libaom3:arm64.
#13 37.58 Preparing to unpack .../315-libaom3_3.8.2-2ubuntu0.2_arm64.deb ...
#13 37.58 Unpacking libaom3:arm64 (3.8.2-2ubuntu0.2) ...
#13 37.60 Selecting previously unselected package libasound2-data.
#13 37.60 Preparing to unpack .../316-libasound2-data_1.2.11-1ubuntu0.3_all.deb ...
#13 37.60 Unpacking libasound2-data (1.2.11-1ubuntu0.3) ...
#13 37.61 Selecting previously unselected package libasound2t64:arm64.
#13 37.61 Preparing to unpack .../317-libasound2t64_1.2.11-1ubuntu0.3_arm64.deb ...
#13 37.62 Unpacking libasound2t64:arm64 (1.2.11-1ubuntu0.3) ...
#13 37.63 Selecting previously unselected package libpkgconf3:arm64.
#13 37.63 Preparing to unpack .../318-libpkgconf3_1.8.1-2build1_arm64.deb ...
#13 37.63 Unpacking libpkgconf3:arm64 (1.8.1-2build1) ...
#13 37.64 Selecting previously unselected package pkgconf-bin.
#13 37.64 Preparing to unpack .../319-pkgconf-bin_1.8.1-2build1_arm64.deb ...
#13 37.64 Unpacking pkgconf-bin (1.8.1-2build1) ...
#13 37.65 Selecting previously unselected package pkgconf:arm64.
#13 37.65 Preparing to unpack .../320-pkgconf_1.8.1-2build1_arm64.deb ...
#13 37.66 Unpacking pkgconf:arm64 (1.8.1-2build1) ...
#13 37.67 Selecting previously unselected package libffi-dev:arm64.
#13 37.67 Preparing to unpack .../321-libffi-dev_3.4.6-1build1_arm64.deb ...
#13 37.67 Unpacking libffi-dev:arm64 (3.4.6-1build1) ...
#13 37.68 Selecting previously unselected package libglib2.0-bin.
#13 37.68 Preparing to unpack .../322-libglib2.0-bin_2.80.0-6ubuntu3.9_arm64.deb ...
#13 37.68 Unpacking libglib2.0-bin (2.80.0-6ubuntu3.9) ...
#13 37.69 Selecting previously unselected package python3-packaging.
#13 37.69 Preparing to unpack .../323-python3-packaging_24.0-1_all.deb ...
#13 37.70 Unpacking python3-packaging (24.0-1) ...
#13 37.71 Selecting previously unselected package libglib2.0-dev-bin.
#13 37.71 Preparing to unpack .../324-libglib2.0-dev-bin_2.80.0-6ubuntu3.9_arm64.deb ...
#13 37.71 Unpacking libglib2.0-dev-bin (2.80.0-6ubuntu3.9) ...
#13 37.72 Selecting previously unselected package uuid-dev:arm64.
#13 37.73 Preparing to unpack .../325-uuid-dev_2.39.3-9ubuntu6.6_arm64.deb ...
#13 37.73 Unpacking uuid-dev:arm64 (2.39.3-9ubuntu6.6) ...
#13 37.73 Selecting previously unselected package libblkid-dev:arm64.
#13 37.74 Preparing to unpack .../326-libblkid-dev_2.39.3-9ubuntu6.6_arm64.deb ...
#13 37.74 Unpacking libblkid-dev:arm64 (2.39.3-9ubuntu6.6) ...
#13 37.75 Selecting previously unselected package libsepol-dev:arm64.
#13 37.75 Preparing to unpack .../327-libsepol-dev_3.5-2build1_arm64.deb ...
#13 37.75 Unpacking libsepol-dev:arm64 (3.5-2build1) ...
#13 37.76 Selecting previously unselected package libpcre2-16-0:arm64.
#13 37.77 Preparing to unpack .../328-libpcre2-16-0_10.42-4ubuntu2.1_arm64.deb ...
#13 37.77 Unpacking libpcre2-16-0:arm64 (10.42-4ubuntu2.1) ...
#13 37.78 Selecting previously unselected package libpcre2-32-0:arm64.
#13 37.78 Preparing to unpack .../329-libpcre2-32-0_10.42-4ubuntu2.1_arm64.deb ...
#13 37.78 Unpacking libpcre2-32-0:arm64 (10.42-4ubuntu2.1) ...
#13 37.79 Selecting previously unselected package libpcre2-posix3:arm64.
#13 37.79 Preparing to unpack .../330-libpcre2-posix3_10.42-4ubuntu2.1_arm64.deb ...
#13 37.79 Unpacking libpcre2-posix3:arm64 (10.42-4ubuntu2.1) ...
#13 37.80 Selecting previously unselected package libpcre2-dev:arm64.
#13 37.80 Preparing to unpack .../331-libpcre2-dev_10.42-4ubuntu2.1_arm64.deb ...
#13 37.80 Unpacking libpcre2-dev:arm64 (10.42-4ubuntu2.1) ...
#13 37.82 Selecting previously unselected package libselinux1-dev:arm64.
#13 37.82 Preparing to unpack .../332-libselinux1-dev_3.5-2ubuntu2.1_arm64.deb ...
#13 37.82 Unpacking libselinux1-dev:arm64 (3.5-2ubuntu2.1) ...
#13 37.84 Selecting previously unselected package libmount-dev:arm64.
#13 37.84 Preparing to unpack .../333-libmount-dev_2.39.3-9ubuntu6.6_arm64.deb ...
#13 37.84 Unpacking libmount-dev:arm64 (2.39.3-9ubuntu6.6) ...
#13 37.85 Selecting previously unselected package zlib1g-dev:arm64.
#13 37.85 Preparing to unpack .../334-zlib1g-dev_1%3a1.3.dfsg-3.1ubuntu2.2_arm64.deb ...
#13 37.85 Unpacking zlib1g-dev:arm64 (1:1.3.dfsg-3.1ubuntu2.2) ...
#13 37.86 Selecting previously unselected package libgirepository-2.0-0:arm64.
#13 37.87 Preparing to unpack .../335-libgirepository-2.0-0_2.80.0-6ubuntu3.9_arm64.deb ...
#13 37.87 Unpacking libgirepository-2.0-0:arm64 (2.80.0-6ubuntu3.9) ...
#13 37.88 Selecting previously unselected package libglib2.0-dev:arm64.
#13 37.88 Preparing to unpack .../336-libglib2.0-dev_2.80.0-6ubuntu3.9_arm64.deb ...
#13 37.88 Unpacking libglib2.0-dev:arm64 (2.80.0-6ubuntu3.9) ...
#13 37.94 Selecting previously unselected package libatk1.0-dev:arm64.
#13 37.94 Preparing to unpack .../337-libatk1.0-dev_2.52.0-1build1_arm64.deb ...
#13 37.94 Unpacking libatk1.0-dev:arm64 (2.52.0-1build1) ...
#13 37.96 Selecting previously unselected package xml-core.
#13 37.96 Preparing to unpack .../338-xml-core_0.19_all.deb ...
#13 37.96 Unpacking xml-core (0.19) ...
#13 37.97 Selecting previously unselected package libdbus-1-dev:arm64.
#13 37.97 Preparing to unpack .../339-libdbus-1-dev_1.14.10-4ubuntu4.1_arm64.deb ...
#13 37.98 Unpacking libdbus-1-dev:arm64 (1.14.10-4ubuntu4.1) ...
#13 37.99 Selecting previously unselected package xorg-sgml-doctools.
#13 37.99 Preparing to unpack .../340-xorg-sgml-doctools_1%3a1.11-1.1_all.deb ...
#13 37.99 Unpacking xorg-sgml-doctools (1:1.11-1.1) ...
#13 38.00 Selecting previously unselected package x11proto-dev.
#13 38.00 Preparing to unpack .../341-x11proto-dev_2023.2-1_all.deb ...
#13 38.00 Unpacking x11proto-dev (2023.2-1) ...
#13 38.02 Selecting previously unselected package libxau-dev:arm64.
#13 38.03 Preparing to unpack .../342-libxau-dev_1%3a1.0.9-1build6_arm64.deb ...
#13 38.03 Unpacking libxau-dev:arm64 (1:1.0.9-1build6) ...
#13 38.03 Selecting previously unselected package libxdmcp-dev:arm64.
#13 38.04 Preparing to unpack .../343-libxdmcp-dev_1%3a1.1.3-0ubuntu6_arm64.deb ...
#13 38.04 Unpacking libxdmcp-dev:arm64 (1:1.1.3-0ubuntu6) ...
#13 38.05 Selecting previously unselected package xtrans-dev.
#13 38.05 Preparing to unpack .../344-xtrans-dev_1.4.0-1_all.deb ...
#13 38.05 Unpacking xtrans-dev (1.4.0-1) ...
#13 38.06 Selecting previously unselected package libpthread-stubs0-dev:arm64.
#13 38.06 Preparing to unpack .../345-libpthread-stubs0-dev_0.4-1build3_arm64.deb ...
#13 38.06 Unpacking libpthread-stubs0-dev:arm64 (0.4-1build3) ...
#13 38.07 Selecting previously unselected package libxcb1-dev:arm64.
#13 38.07 Preparing to unpack .../346-libxcb1-dev_1.15-1ubuntu2_arm64.deb ...
#13 38.07 Unpacking libxcb1-dev:arm64 (1.15-1ubuntu2) ...
#13 38.08 Selecting previously unselected package libx11-dev:arm64.
#13 38.08 Preparing to unpack .../347-libx11-dev_2%3a1.8.7-1build1_arm64.deb ...
#13 38.08 Unpacking libx11-dev:arm64 (2:1.8.7-1build1) ...
#13 38.10 Selecting previously unselected package libxext-dev:arm64.
#13 38.10 Preparing to unpack .../348-libxext-dev_2%3a1.3.4-1build2_arm64.deb ...
#13 38.10 Unpacking libxext-dev:arm64 (2:1.3.4-1build2) ...
#13 38.11 Selecting previously unselected package libxfixes-dev:arm64.
#13 38.11 Preparing to unpack .../349-libxfixes-dev_1%3a6.0.0-2build1_arm64.deb ...
#13 38.11 Unpacking libxfixes-dev:arm64 (1:6.0.0-2build1) ...
#13 38.12 Selecting previously unselected package libxi-dev:arm64.
#13 38.12 Preparing to unpack .../350-libxi-dev_2%3a1.8.1-1build1_arm64.deb ...
#13 38.13 Unpacking libxi-dev:arm64 (2:1.8.1-1build1) ...
#13 38.13 Selecting previously unselected package libxtst-dev:arm64.
#13 38.14 Preparing to unpack .../351-libxtst-dev_2%3a1.2.3-1.1build1_arm64.deb ...
#13 38.14 Unpacking libxtst-dev:arm64 (2:1.2.3-1.1build1) ...
#13 38.15 Selecting previously unselected package libatspi2.0-dev:arm64.
#13 38.15 Preparing to unpack .../352-libatspi2.0-dev_2.52.0-1build1_arm64.deb ...
#13 38.15 Unpacking libatspi2.0-dev:arm64 (2.52.0-1build1) ...
#13 38.16 Selecting previously unselected package libatk-bridge2.0-dev:arm64.
#13 38.17 Preparing to unpack .../353-libatk-bridge2.0-dev_2.52.0-1build1_arm64.deb ...
#13 38.17 Unpacking libatk-bridge2.0-dev:arm64 (2.52.0-1build1) ...
#13 38.18 Selecting previously unselected package liblzo2-2:arm64.
#13 38.18 Preparing to unpack .../354-liblzo2-2_2.10-2build4_arm64.deb ...
#13 38.18 Unpacking liblzo2-2:arm64 (2.10-2build4) ...
#13 38.19 Selecting previously unselected package libcairo-script-interpreter2:arm64.
#13 38.19 Preparing to unpack .../355-libcairo-script-interpreter2_1.18.0-3build1_arm64.deb ...
#13 38.19 Unpacking libcairo-script-interpreter2:arm64 (1.18.0-3build1) ...
#13 38.21 Selecting previously unselected package libexpat1-dev:arm64.
#13 38.21 Preparing to unpack .../356-libexpat1-dev_2.6.1-2ubuntu0.6_arm64.deb ...
#13 38.21 Unpacking libexpat1-dev:arm64 (2.6.1-2ubuntu0.6) ...
#13 38.23 Selecting previously unselected package libbrotli-dev:arm64.
#13 38.23 Preparing to unpack .../357-libbrotli-dev_1.1.0-2build2_arm64.deb ...
#13 38.23 Unpacking libbrotli-dev:arm64 (1.1.0-2build2) ...
#13 38.24 Selecting previously unselected package libbz2-dev:arm64.
#13 38.24 Preparing to unpack .../358-libbz2-dev_1.0.8-5.1ubuntu0.1_arm64.deb ...
#13 38.24 Unpacking libbz2-dev:arm64 (1.0.8-5.1ubuntu0.1) ...
#13 38.25 Selecting previously unselected package libpng-dev:arm64.
#13 38.25 Preparing to unpack .../359-libpng-dev_1.6.43-5ubuntu0.7_arm64.deb ...
#13 38.25 Unpacking libpng-dev:arm64 (1.6.43-5ubuntu0.7) ...
#13 38.27 Selecting previously unselected package libfreetype-dev:arm64.
#13 38.27 Preparing to unpack .../360-libfreetype-dev_2.13.2+dfsg-1ubuntu0.2_arm64.deb ...
#13 38.27 Unpacking libfreetype-dev:arm64 (2.13.2+dfsg-1ubuntu0.2) ...
#13 38.28 Selecting previously unselected package libfontconfig-dev:arm64.
#13 38.29 Preparing to unpack .../361-libfontconfig-dev_2.15.0-1.1ubuntu2_arm64.deb ...
#13 38.29 Unpacking libfontconfig-dev:arm64 (2.15.0-1.1ubuntu2) ...
#13 38.30 Selecting previously unselected package libpixman-1-dev:arm64.
#13 38.30 Preparing to unpack .../362-libpixman-1-dev_0.42.2-1build1_arm64.deb ...
#13 38.30 Unpacking libpixman-1-dev:arm64 (0.42.2-1build1) ...
#13 38.31 Selecting previously unselected package libice-dev:arm64.
#13 38.31 Preparing to unpack .../363-libice-dev_2%3a1.0.10-1build3_arm64.deb ...
#13 38.31 Unpacking libice-dev:arm64 (2:1.0.10-1build3) ...
#13 38.32 Selecting previously unselected package libsm-dev:arm64.
#13 38.32 Preparing to unpack .../364-libsm-dev_2%3a1.2.3-1build3_arm64.deb ...
#13 38.32 Unpacking libsm-dev:arm64 (2:1.2.3-1build3) ...
#13 38.33 Selecting previously unselected package libxcb-render0-dev:arm64.
#13 38.34 Preparing to unpack .../365-libxcb-render0-dev_1.15-1ubuntu2_arm64.deb ...
#13 38.34 Unpacking libxcb-render0-dev:arm64 (1.15-1ubuntu2) ...
#13 38.34 Selecting previously unselected package libxcb-shm0-dev:arm64.
#13 38.35 Preparing to unpack .../366-libxcb-shm0-dev_1.15-1ubuntu2_arm64.deb ...
#13 38.35 Unpacking libxcb-shm0-dev:arm64 (1.15-1ubuntu2) ...
#13 38.36 Selecting previously unselected package libxrender-dev:arm64.
#13 38.36 Preparing to unpack .../367-libxrender-dev_1%3a0.9.10-1.1build1_arm64.deb ...
#13 38.36 Unpacking libxrender-dev:arm64 (1:0.9.10-1.1build1) ...
#13 38.37 Selecting previously unselected package libcairo2-dev:arm64.
#13 38.37 Preparing to unpack .../368-libcairo2-dev_1.18.0-3build1_arm64.deb ...
#13 38.37 Unpacking libcairo2-dev:arm64 (1.18.0-3build1) ...
#13 38.38 Selecting previously unselected package libglx-dev:arm64.
#13 38.38 Preparing to unpack .../369-libglx-dev_1.7.0-1build1_arm64.deb ...
#13 38.38 Unpacking libglx-dev:arm64 (1.7.0-1build1) ...
#13 38.39 Selecting previously unselected package libgl-dev:arm64.
#13 38.39 Preparing to unpack .../370-libgl-dev_1.7.0-1build1_arm64.deb ...
#13 38.39 Unpacking libgl-dev:arm64 (1.7.0-1build1) ...
#13 38.41 Selecting previously unselected package libegl-dev:arm64.
#13 38.41 Preparing to unpack .../371-libegl-dev_1.7.0-1build1_arm64.deb ...
#13 38.41 Unpacking libegl-dev:arm64 (1.7.0-1build1) ...
#13 38.42 Selecting previously unselected package libglvnd-core-dev:arm64.
#13 38.42 Preparing to unpack .../372-libglvnd-core-dev_1.7.0-1build1_arm64.deb ...
#13 38.42 Unpacking libglvnd-core-dev:arm64 (1.7.0-1build1) ...
#13 38.43 Selecting previously unselected package libgles1:arm64.
#13 38.43 Preparing to unpack .../373-libgles1_1.7.0-1build1_arm64.deb ...
#13 38.43 Unpacking libgles1:arm64 (1.7.0-1build1) ...
#13 38.44 Selecting previously unselected package libgles-dev:arm64.
#13 38.44 Preparing to unpack .../374-libgles-dev_1.7.0-1build1_arm64.deb ...
#13 38.45 Unpacking libgles-dev:arm64 (1.7.0-1build1) ...
#13 38.46 Selecting previously unselected package libopengl0:arm64.
#13 38.46 Preparing to unpack .../375-libopengl0_1.7.0-1build1_arm64.deb ...
#13 38.46 Unpacking libopengl0:arm64 (1.7.0-1build1) ...
#13 38.47 Selecting previously unselected package libopengl-dev:arm64.
#13 38.47 Preparing to unpack .../376-libopengl-dev_1.7.0-1build1_arm64.deb ...
#13 38.47 Unpacking libopengl-dev:arm64 (1.7.0-1build1) ...
#13 38.48 Selecting previously unselected package libglvnd-dev:arm64.
#13 38.48 Preparing to unpack .../377-libglvnd-dev_1.7.0-1build1_arm64.deb ...
#13 38.48 Unpacking libglvnd-dev:arm64 (1.7.0-1build1) ...
#13 38.49 Selecting previously unselected package libegl1-mesa-dev:arm64.
#13 38.50 Preparing to unpack .../378-libegl1-mesa-dev_25.2.8-0ubuntu0.24.04.4_arm64.deb ...
#13 38.50 Unpacking libegl1-mesa-dev:arm64 (25.2.8-0ubuntu0.24.04.4) ...
#13 38.50 Selecting previously unselected package libepoxy-dev:arm64.
#13 38.50 Preparing to unpack .../379-libepoxy-dev_1.5.10-1build1_arm64.deb ...
#13 38.50 Unpacking libepoxy-dev:arm64 (1.5.10-1build1) ...
#13 38.52 Selecting previously unselected package libfribidi-dev:arm64.
#13 38.52 Preparing to unpack .../380-libfribidi-dev_1.0.13-3build1_arm64.deb ...
#13 38.52 Unpacking libfribidi-dev:arm64 (1.0.13-3build1) ...
#13 38.53 Selecting previously unselected package libgdk-pixbuf2.0-bin.
#13 38.53 Preparing to unpack .../381-libgdk-pixbuf2.0-bin_2.42.10+dfsg-3ubuntu3.3_arm64.deb ...
#13 38.53 Unpacking libgdk-pixbuf2.0-bin (2.42.10+dfsg-3ubuntu3.3) ...
#13 38.54 Selecting previously unselected package libjpeg-turbo8-dev:arm64.
#13 38.55 Preparing to unpack .../382-libjpeg-turbo8-dev_2.1.5-2ubuntu2_arm64.deb ...
#13 38.55 Unpacking libjpeg-turbo8-dev:arm64 (2.1.5-2ubuntu2) ...
#13 38.56 Selecting previously unselected package libjpeg8-dev:arm64.
#13 38.56 Preparing to unpack .../383-libjpeg8-dev_8c-2ubuntu11_arm64.deb ...
#13 38.56 Unpacking libjpeg8-dev:arm64 (8c-2ubuntu11) ...
#13 38.57 Selecting previously unselected package libjpeg-dev:arm64.
#13 38.57 Preparing to unpack .../384-libjpeg-dev_8c-2ubuntu11_arm64.deb ...
#13 38.57 Unpacking libjpeg-dev:arm64 (8c-2ubuntu11) ...
#13 38.58 Selecting previously unselected package libjbig-dev:arm64.
#13 38.58 Preparing to unpack .../385-libjbig-dev_2.1-6.1ubuntu2_arm64.deb ...
#13 38.58 Unpacking libjbig-dev:arm64 (2.1-6.1ubuntu2) ...
#13 38.60 Selecting previously unselected package liblzma-dev:arm64.
#13 38.60 Preparing to unpack .../386-liblzma-dev_5.6.1+really5.4.5-1ubuntu0.3_arm64.deb ...
#13 38.60 Unpacking liblzma-dev:arm64 (5.6.1+really5.4.5-1ubuntu0.3) ...
#13 38.61 Selecting previously unselected package libzstd-dev:arm64.
#13 38.61 Preparing to unpack .../387-libzstd-dev_1.5.5+dfsg2-2build1.1_arm64.deb ...
#13 38.61 Unpacking libzstd-dev:arm64 (1.5.5+dfsg2-2build1.1) ...
#13 38.63 Selecting previously unselected package libwebpdecoder3:arm64.
#13 38.63 Preparing to unpack .../388-libwebpdecoder3_1.3.2-0.4build3_arm64.deb ...
#13 38.63 Unpacking libwebpdecoder3:arm64 (1.3.2-0.4build3) ...
#13 38.64 Selecting previously unselected package libsharpyuv-dev:arm64.
#13 38.65 Preparing to unpack .../389-libsharpyuv-dev_1.3.2-0.4build3_arm64.deb ...
#13 38.65 Unpacking libsharpyuv-dev:arm64 (1.3.2-0.4build3) ...
#13 38.66 Selecting previously unselected package libwebp-dev:arm64.
#13 38.66 Preparing to unpack .../390-libwebp-dev_1.3.2-0.4build3_arm64.deb ...
#13 38.66 Unpacking libwebp-dev:arm64 (1.3.2-0.4build3) ...
#13 38.68 Selecting previously unselected package libtiffxx6:arm64.
#13 38.68 Preparing to unpack .../391-libtiffxx6_4.5.1+git230720-4ubuntu2.5_arm64.deb ...
#13 38.68 Unpacking libtiffxx6:arm64 (4.5.1+git230720-4ubuntu2.5) ...
#13 38.69 Selecting previously unselected package libdeflate-dev:arm64.
#13 38.69 Preparing to unpack .../392-libdeflate-dev_1.19-1build1.1_arm64.deb ...
#13 38.69 Unpacking libdeflate-dev:arm64 (1.19-1build1.1) ...
#13 38.70 Selecting previously unselected package liblerc-dev:arm64.
#13 38.70 Preparing to unpack .../393-liblerc-dev_4.0.0+ds-4ubuntu2_arm64.deb ...
#13 38.70 Unpacking liblerc-dev:arm64 (4.0.0+ds-4ubuntu2) ...
#13 38.71 Selecting previously unselected package libtiff-dev:arm64.
#13 38.71 Preparing to unpack .../394-libtiff-dev_4.5.1+git230720-4ubuntu2.5_arm64.deb ...
#13 38.71 Unpacking libtiff-dev:arm64 (4.5.1+git230720-4ubuntu2.5) ...
#13 38.73 Selecting previously unselected package libgdk-pixbuf-2.0-dev:arm64.
#13 38.73 Preparing to unpack .../395-libgdk-pixbuf-2.0-dev_2.42.10+dfsg-3ubuntu3.3_arm64.deb ...
#13 38.73 Unpacking libgdk-pixbuf-2.0-dev:arm64 (2.42.10+dfsg-3ubuntu3.3) ...
#13 38.75 Selecting previously unselected package libharfbuzz-subset0:arm64.
#13 38.75 Preparing to unpack .../396-libharfbuzz-subset0_8.3.0-2build2_arm64.deb ...
#13 38.75 Unpacking libharfbuzz-subset0:arm64 (8.3.0-2build2) ...
#13 38.76 Selecting previously unselected package libharfbuzz-cairo0:arm64.
#13 38.76 Preparing to unpack .../397-libharfbuzz-cairo0_8.3.0-2build2_arm64.deb ...
#13 38.76 Unpacking libharfbuzz-cairo0:arm64 (8.3.0-2build2) ...
#13 38.77 Selecting previously unselected package libgraphite2-dev:arm64.
#13 38.77 Preparing to unpack .../398-libgraphite2-dev_1.3.14-2ubuntu0.24.04.1_arm64.deb ...
#13 38.77 Unpacking libgraphite2-dev:arm64 (1.3.14-2ubuntu0.24.04.1) ...
#13 38.78 Selecting previously unselected package libicu-dev:arm64.
#13 38.78 Preparing to unpack .../399-libicu-dev_74.2-1ubuntu3.1_arm64.deb ...
#13 38.78 Unpacking libicu-dev:arm64 (74.2-1ubuntu3.1) ...
#13 38.94 Selecting previously unselected package libharfbuzz-dev:arm64.
#13 38.94 Preparing to unpack .../400-libharfbuzz-dev_8.3.0-2build2_arm64.deb ...
#13 38.94 Unpacking libharfbuzz-dev:arm64 (8.3.0-2build2) ...
#13 39.13 Selecting previously unselected package libdatrie-dev:arm64.
#13 39.13 Preparing to unpack .../401-libdatrie-dev_0.2.13-3build1_arm64.deb ...
#13 39.13 Unpacking libdatrie-dev:arm64 (0.2.13-3build1) ...
#13 39.14 Selecting previously unselected package libthai-dev:arm64.
#13 39.14 Preparing to unpack .../402-libthai-dev_0.1.29-2build1_arm64.deb ...
#13 39.15 Unpacking libthai-dev:arm64 (0.1.29-2build1) ...
#13 39.16 Selecting previously unselected package libxft-dev:arm64.
#13 39.16 Preparing to unpack .../403-libxft-dev_2.3.6-1build1_arm64.deb ...
#13 39.16 Unpacking libxft-dev:arm64 (2.3.6-1build1) ...
#13 39.17 Selecting previously unselected package pango1.0-tools.
#13 39.17 Preparing to unpack .../404-pango1.0-tools_1.52.1+ds-1build1_arm64.deb ...
#13 39.17 Unpacking pango1.0-tools (1.52.1+ds-1build1) ...
#13 39.18 Selecting previously unselected package libpango1.0-dev:arm64.
#13 39.18 Preparing to unpack .../405-libpango1.0-dev_1.52.1+ds-1build1_arm64.deb ...
#13 39.18 Unpacking libpango1.0-dev:arm64 (1.52.1+ds-1build1) ...
#13 39.19 Selecting previously unselected package libwayland-bin.
#13 39.20 Preparing to unpack .../406-libwayland-bin_1.22.0-2.1build1_arm64.deb ...
#13 39.20 Unpacking libwayland-bin (1.22.0-2.1build1) ...
#13 39.20 Selecting previously unselected package libwayland-dev:arm64.
#13 39.21 Preparing to unpack .../407-libwayland-dev_1.22.0-2.1build1_arm64.deb ...
#13 39.21 Unpacking libwayland-dev:arm64 (1.22.0-2.1build1) ...
#13 39.22 Selecting previously unselected package libxcomposite-dev:arm64.
#13 39.22 Preparing to unpack .../408-libxcomposite-dev_1%3a0.4.5-1build3_arm64.deb ...
#13 39.22 Unpacking libxcomposite-dev:arm64 (1:0.4.5-1build3) ...
#13 39.23 Selecting previously unselected package libxcursor-dev:arm64.
#13 39.23 Preparing to unpack .../409-libxcursor-dev_1%3a1.2.1-1build1_arm64.deb ...
#13 39.23 Unpacking libxcursor-dev:arm64 (1:1.2.1-1build1) ...
#13 39.25 Selecting previously unselected package libxdamage-dev:arm64.
#13 39.25 Preparing to unpack .../410-libxdamage-dev_1%3a1.1.6-1build1_arm64.deb ...
#13 39.25 Unpacking libxdamage-dev:arm64 (1:1.1.6-1build1) ...
#13 39.25 Selecting previously unselected package libxinerama-dev:arm64.
#13 39.26 Preparing to unpack .../411-libxinerama-dev_2%3a1.1.4-3build1_arm64.deb ...
#13 39.26 Unpacking libxinerama-dev:arm64 (2:1.1.4-3build1) ...
#13 39.27 Selecting previously unselected package libxkbcommon-dev:arm64.
#13 39.27 Preparing to unpack .../412-libxkbcommon-dev_1.6.0-1build1_arm64.deb ...
#13 39.27 Unpacking libxkbcommon-dev:arm64 (1.6.0-1build1) ...
#13 39.28 Selecting previously unselected package libxrandr-dev:arm64.
#13 39.28 Preparing to unpack .../413-libxrandr-dev_2%3a1.5.2-2build1_arm64.deb ...
#13 39.28 Unpacking libxrandr-dev:arm64 (2:1.5.2-2build1) ...
#13 39.29 Selecting previously unselected package wayland-protocols.
#13 39.29 Preparing to unpack .../414-wayland-protocols_1.45-1~ubuntu0.24.04.2_all.deb ...
#13 39.30 Unpacking wayland-protocols (1.45-1~ubuntu0.24.04.2) ...
#13 39.32 Selecting previously unselected package libgtk-3-dev:arm64.
#13 39.32 Preparing to unpack .../415-libgtk-3-dev_3.24.41-4ubuntu1.3_arm64.deb ...
#13 39.32 Unpacking libgtk-3-dev:arm64 (3.24.41-4ubuntu1.3) ...
#13 39.38 Selecting previously unselected package pkg-config:arm64.
#13 39.38 Preparing to unpack .../416-pkg-config_1.8.1-2build1_arm64.deb ...
#13 39.38 Unpacking pkg-config:arm64 (1.8.1-2build1) ...
#13 39.39 Selecting previously unselected package libayatana-ido3-dev.
#13 39.39 Preparing to unpack .../417-libayatana-ido3-dev_0.10.1-1build2_arm64.deb ...
#13 39.39 Unpacking libayatana-ido3-dev (0.10.1-1build2) ...
#13 39.40 Selecting previously unselected package libayatana-indicator3-dev.
#13 39.40 Preparing to unpack .../418-libayatana-indicator3-dev_0.9.4-1build1_arm64.deb ...
#13 39.41 Unpacking libayatana-indicator3-dev (0.9.4-1build1) ...
#13 39.42 Selecting previously unselected package libdbusmenu-glib-dev:arm64.
#13 39.42 Preparing to unpack .../419-libdbusmenu-glib-dev_18.10.20180917~bzr492+repack1-3.1ubuntu5_arm64.deb ...
#13 39.42 Unpacking libdbusmenu-glib-dev:arm64 (18.10.20180917~bzr492+repack1-3.1ubuntu5) ...
#13 39.43 Selecting previously unselected package libayatana-appindicator3-dev.
#13 39.43 Preparing to unpack .../420-libayatana-appindicator3-dev_0.5.93-1build3_arm64.deb ...
#13 39.43 Unpacking libayatana-appindicator3-dev (0.5.93-1build3) ...
#13 39.44 Selecting previously unselected package libgc1:arm64.
#13 39.45 Preparing to unpack .../421-libgc1_1%3a8.2.6-1build1_arm64.deb ...
#13 39.45 Unpacking libgc1:arm64 (1:8.2.6-1build1) ...
#13 39.46 Selecting previously unselected package libobjc4:arm64.
#13 39.46 Preparing to unpack .../422-libobjc4_14.2.0-4ubuntu2~24.04.1_arm64.deb ...
#13 39.46 Unpacking libobjc4:arm64 (14.2.0-4ubuntu2~24.04.1) ...
#13 39.47 Selecting previously unselected package libobjc-13-dev:arm64.
#13 39.47 Preparing to unpack .../423-libobjc-13-dev_13.3.0-6ubuntu2~24.04.1_arm64.deb ...
#13 39.47 Unpacking libobjc-13-dev:arm64 (13.3.0-6ubuntu2~24.04.1) ...
#13 39.48 Selecting previously unselected package libllvm18:arm64.
#13 39.48 Preparing to unpack .../424-libllvm18_1%3a18.1.3-1ubuntu1_arm64.deb ...
#13 39.48 Unpacking libllvm18:arm64 (1:18.1.3-1ubuntu1) ...
#13 39.79 Selecting previously unselected package libclang1-18.
#13 39.79 Preparing to unpack .../425-libclang1-18_1%3a18.1.3-1ubuntu1_arm64.deb ...
#13 39.79 Unpacking libclang1-18 (1:18.1.3-1ubuntu1) ...
#13 39.88 Selecting previously unselected package libclang-common-18-dev:arm64.
#13 39.88 Preparing to unpack .../426-libclang-common-18-dev_1%3a18.1.3-1ubuntu1_arm64.deb ...
#13 39.89 Unpacking libclang-common-18-dev:arm64 (1:18.1.3-1ubuntu1) ...
#13 39.94 Selecting previously unselected package libclang-18-dev.
#13 39.94 Preparing to unpack .../427-libclang-18-dev_1%3a18.1.3-1ubuntu1_arm64.deb ...
#13 39.94 Unpacking libclang-18-dev (1:18.1.3-1ubuntu1) ...
#13 40.78 Selecting previously unselected package libclang-dev.
#13 40.79 Preparing to unpack .../428-libclang-dev_1%3a18.0-59~exp2_arm64.deb ...
#13 40.79 Unpacking libclang-dev (1:18.0-59~exp2) ...
#13 40.79 Selecting previously unselected package libgarcon-common.
#13 40.79 Preparing to unpack .../429-libgarcon-common_4.18.1-1build3_all.deb ...
#13 40.80 Unpacking libgarcon-common (4.18.1-1build3) ...
#13 40.81 Selecting previously unselected package libgarcon-1-0:arm64.
#13 40.81 Preparing to unpack .../430-libgarcon-1-0_4.18.1-1build3_arm64.deb ...
#13 40.81 Unpacking libgarcon-1-0:arm64 (4.18.1-1build3) ...
#13 40.82 Selecting previously unselected package libgarcon-gtk3-1-0:arm64.
#13 40.82 Preparing to unpack .../431-libgarcon-gtk3-1-0_4.18.1-1build3_arm64.deb ...
#13 40.82 Unpacking libgarcon-gtk3-1-0:arm64 (4.18.1-1build3) ...
#13 40.83 Selecting previously unselected package libgbm-dev:arm64.
#13 40.83 Preparing to unpack .../432-libgbm-dev_25.2.8-0ubuntu0.24.04.4_arm64.deb ...
#13 40.83 Unpacking libgbm-dev:arm64 (25.2.8-0ubuntu0.24.04.4) ...
#13 40.84 Selecting previously unselected package libgif7:arm64.
#13 40.84 Preparing to unpack .../433-libgif7_5.2.2-1ubuntu1.2_arm64.deb ...
#13 40.84 Unpacking libgif7:arm64 (5.2.2-1ubuntu1.2) ...
#13 40.85 Selecting previously unselected package libgs-common.
#13 40.85 Preparing to unpack .../434-libgs-common_10.02.1~dfsg1-0ubuntu7.9_all.deb ...
#13 40.85 Unpacking libgs-common (10.02.1~dfsg1-0ubuntu7.9) ...
#13 40.86 Selecting previously unselected package libgs10-common.
#13 40.86 Preparing to unpack .../435-libgs10-common_10.02.1~dfsg1-0ubuntu7.9_all.deb ...
#13 40.86 Unpacking libgs10-common (10.02.1~dfsg1-0ubuntu7.9) ...
#13 40.89 Selecting previously unselected package libidn12:arm64.
#13 40.89 Preparing to unpack .../436-libidn12_1.42-1ubuntu0.1_arm64.deb ...
#13 40.89 Unpacking libidn12:arm64 (1.42-1ubuntu0.1) ...
#13 40.90 Selecting previously unselected package libijs-0.35:arm64.
#13 40.90 Preparing to unpack .../437-libijs-0.35_0.35-15.1build1_arm64.deb ...
#13 40.91 Unpacking libijs-0.35:arm64 (0.35-15.1build1) ...
#13 40.91 Selecting previously unselected package libjbig2dec0:arm64.
#13 40.92 Preparing to unpack .../438-libjbig2dec0_0.20-1ubuntu0.24.04.1_arm64.deb ...
#13 40.92 Unpacking libjbig2dec0:arm64 (0.20-1ubuntu0.24.04.1) ...
#13 40.93 Selecting previously unselected package libopenjp2-7:arm64.
#13 40.93 Preparing to unpack .../439-libopenjp2-7_2.5.0-2ubuntu0.5_arm64.deb ...
#13 40.93 Unpacking libopenjp2-7:arm64 (2.5.0-2ubuntu0.5) ...
#13 40.94 Selecting previously unselected package libpaper1:arm64.
#13 40.94 Preparing to unpack .../440-libpaper1_1.1.29build1_arm64.deb ...
#13 40.94 Unpacking libpaper1:arm64 (1.1.29build1) ...
#13 40.95 Selecting previously unselected package libxt6t64:arm64.
#13 40.95 Preparing to unpack .../441-libxt6t64_1%3a1.2.1-1.2build1_arm64.deb ...
#13 40.95 Unpacking libxt6t64:arm64 (1:1.2.1-1.2build1) ...
#13 40.96 Selecting previously unselected package libgs10:arm64.
#13 40.96 Preparing to unpack .../442-libgs10_10.02.1~dfsg1-0ubuntu7.9_arm64.deb ...
#13 40.96 Unpacking libgs10:arm64 (10.02.1~dfsg1-0ubuntu7.9) ...
#13 41.20 Selecting previously unselected package libheif1:arm64.
#13 41.20 Preparing to unpack .../443-libheif1_1.17.6-1ubuntu4.9_arm64.deb ...
#13 41.20 Unpacking libheif1:arm64 (1.17.6-1ubuntu4.9) ...
#13 41.21 Selecting previously unselected package libheif-plugin-aomdec:arm64.
#13 41.21 Preparing to unpack .../444-libheif-plugin-aomdec_1.17.6-1ubuntu4.9_arm64.deb ...
#13 41.21 Unpacking libheif-plugin-aomdec:arm64 (1.17.6-1ubuntu4.9) ...
#13 41.22 Selecting previously unselected package libhwy1t64:arm64.
#13 41.22 Preparing to unpack .../445-libhwy1t64_1.0.7-8.1build1_arm64.deb ...
#13 41.22 Unpacking libhwy1t64:arm64 (1.0.7-8.1build1) ...
#13 41.24 Selecting previously unselected package libid3tag0:arm64.
#13 41.24 Preparing to unpack .../446-libid3tag0_0.15.1b-14build1_arm64.deb ...
#13 41.24 Unpacking libid3tag0:arm64 (0.15.1b-14build1) ...
#13 41.25 Selecting previously unselected package libimagequant0:arm64.
#13 41.25 Preparing to unpack .../447-libimagequant0_2.18.0-1build1_arm64.deb ...
#13 41.25 Unpacking libimagequant0:arm64 (2.18.0-1build1) ...
#13 41.26 Selecting previously unselected package libjxl0.7:arm64.
#13 41.26 Preparing to unpack .../448-libjxl0.7_0.7.0-10.2ubuntu6.1_arm64.deb ...
#13 41.26 Unpacking libjxl0.7:arm64 (0.7.0-10.2ubuntu6.1) ...
#13 41.28 Selecting previously unselected package libspectre1:arm64.
#13 41.28 Preparing to unpack .../449-libspectre1_0.2.12-1build2_arm64.deb ...
#13 41.28 Unpacking libspectre1:arm64 (0.2.12-1build2) ...
#13 41.29 Selecting previously unselected package libimlib2t64:arm64.
#13 41.29 Preparing to unpack .../450-libimlib2t64_1.12.1-1.1build2_arm64.deb ...
#13 41.29 Unpacking libimlib2t64:arm64 (1.12.1-1.1build2) ...
#13 41.31 Selecting previously unselected package libjavascriptcoregtk-4.1-dev:arm64.
#13 41.31 Preparing to unpack .../451-libjavascriptcoregtk-4.1-dev_2.52.6-0ubuntu0.24.04.1_arm64.deb ...
#13 41.31 Unpacking libjavascriptcoregtk-4.1-dev:arm64 (2.52.6-0ubuntu0.24.04.1) ...
#13 41.32 Selecting previously unselected package libnghttp2-dev:arm64.
#13 41.32 Preparing to unpack .../452-libnghttp2-dev_1.59.0-1ubuntu0.4_arm64.deb ...
#13 41.32 Unpacking libnghttp2-dev:arm64 (1.59.0-1ubuntu0.4) ...
#13 41.33 Selecting previously unselected package libobt2v5:arm64.
#13 41.33 Preparing to unpack .../453-libobt2v5_3.6.1-12build5_arm64.deb ...
#13 41.33 Unpacking libobt2v5:arm64 (3.6.1-12build5) ...
#13 41.34 Selecting previously unselected package libobrender32v5.
#13 41.34 Preparing to unpack .../454-libobrender32v5_3.6.1-12build5_arm64.deb ...
#13 41.34 Unpacking libobrender32v5 (3.6.1-12build5) ...
#13 41.35 Selecting previously unselected package libwebrtc-audio-processing1:arm64.
#13 41.35 Preparing to unpack .../455-libwebrtc-audio-processing1_0.3.1-0ubuntu6_arm64.deb ...
#13 41.36 Unpacking libwebrtc-audio-processing1:arm64 (0.3.1-0ubuntu6) ...
#13 41.37 Selecting previously unselected package libspa-0.2-modules:arm64.
#13 41.37 Preparing to unpack .../456-libspa-0.2-modules_1.0.5-1ubuntu3.3_arm64.deb ...
#13 41.37 Unpacking libspa-0.2-modules:arm64 (1.0.5-1ubuntu3.3) ...
#13 41.38 Selecting previously unselected package libpipewire-0.3-0t64:arm64.
#13 41.39 Preparing to unpack .../457-libpipewire-0.3-0t64_1.0.5-1ubuntu3.3_arm64.deb ...
#13 41.39 Unpacking libpipewire-0.3-0t64:arm64 (1.0.5-1ubuntu3.3) ...
#13 41.40 Selecting previously unselected package libspa-0.2-dev:arm64.
#13 41.40 Preparing to unpack .../458-libspa-0.2-dev_1.0.5-1ubuntu3.3_arm64.deb ...
#13 41.40 Unpacking libspa-0.2-dev:arm64 (1.0.5-1ubuntu3.3) ...
#13 41.42 Selecting previously unselected package libpipewire-0.3-dev:arm64.
#13 41.42 Preparing to unpack .../459-libpipewire-0.3-dev_1.0.5-1ubuntu3.3_arm64.deb ...
#13 41.42 Unpacking libpipewire-0.3-dev:arm64 (1.0.5-1ubuntu3.3) ...
#13 41.43 Selecting previously unselected package libpsl-dev:arm64.
#13 41.44 Preparing to unpack .../460-libpsl-dev_0.21.2-1.1build1_arm64.deb ...
#13 41.44 Unpacking libpsl-dev:arm64 (0.21.2-1.1build1) ...
#13 41.45 Selecting previously unselected package libraqm0:arm64.
#13 41.45 Preparing to unpack .../461-libraqm0_0.10.1-1build1_arm64.deb ...
#13 41.45 Unpacking libraqm0:arm64 (0.10.1-1build1) ...
#13 41.46 Selecting previously unselected package librsvg2-common:arm64.
#13 41.46 Preparing to unpack .../462-librsvg2-common_2.58.0+dfsg-1ubuntu0.1_arm64.deb ...
#13 41.46 Unpacking librsvg2-common:arm64 (2.58.0+dfsg-1ubuntu0.1) ...
#13 41.47 Selecting previously unselected package librsvg2-dev:arm64.
#13 41.47 Preparing to unpack .../463-librsvg2-dev_2.58.0+dfsg-1ubuntu0.1_arm64.deb ...
#13 41.47 Unpacking librsvg2-dev:arm64 (2.58.0+dfsg-1ubuntu0.1) ...
#13 41.48 Selecting previously unselected package libsqlite3-dev:arm64.
#13 41.48 Preparing to unpack .../464-libsqlite3-dev_3.45.1-1ubuntu2.8_arm64.deb ...
#13 41.48 Unpacking libsqlite3-dev:arm64 (3.45.1-1ubuntu2.8) ...
#13 41.50 Selecting previously unselected package libsysprof-capture-4-dev:arm64.
#13 41.50 Preparing to unpack .../465-libsysprof-capture-4-dev_46.0-1build1_arm64.deb ...
#13 41.50 Unpacking libsysprof-capture-4-dev:arm64 (46.0-1build1) ...
#13 41.51 Selecting previously unselected package libsoup-3.0-dev:arm64.
#13 41.51 Preparing to unpack .../466-libsoup-3.0-dev_3.4.4-5ubuntu0.9_arm64.deb ...
#13 41.51 Unpacking libsoup-3.0-dev:arm64 (3.4.4-5ubuntu0.9) ...
#13 41.52 Selecting previously unselected package libssl-dev:arm64.
#13 41.52 Preparing to unpack .../467-libssl-dev_3.0.13-0ubuntu3.16_arm64.deb ...
#13 41.52 Unpacking libssl-dev:arm64 (3.0.13-0ubuntu3.16) ...
#13 41.57 Selecting previously unselected package libwebkit2gtk-4.1-dev.
#13 41.57 Preparing to unpack .../468-libwebkit2gtk-4.1-dev_2.52.6-0ubuntu0.24.04.1_arm64.deb ...
#13 41.57 Unpacking libwebkit2gtk-4.1-dev (2.52.6-0ubuntu0.24.04.1) ...
#13 41.60 Selecting previously unselected package libxres1:arm64.
#13 41.60 Preparing to unpack .../469-libxres1_2%3a1.2.1-1build1_arm64.deb ...
#13 41.60 Unpacking libxres1:arm64 (2:1.2.1-1build1) ...
#13 41.61 Selecting previously unselected package libwnck-3-common.
#13 41.61 Preparing to unpack .../470-libwnck-3-common_43.0-3build4_all.deb ...
#13 41.61 Unpacking libwnck-3-common (43.0-3build4) ...
#13 41.62 Selecting previously unselected package libwnck-3-0:arm64.
#13 41.62 Preparing to unpack .../471-libwnck-3-0_43.0-3build4_arm64.deb ...
#13 41.62 Unpacking libwnck-3-0:arm64 (43.0-3build4) ...
#13 41.63 Selecting previously unselected package libxmu6:arm64.
#13 41.63 Preparing to unpack .../472-libxmu6_2%3a1.1.3-3build2_arm64.deb ...
#13 41.63 Unpacking libxmu6:arm64 (2:1.1.3-3build2) ...
#13 41.64 Selecting previously unselected package libxpm4:arm64.
#13 41.64 Preparing to unpack .../473-libxpm4_1%3a3.5.17-1ubuntu0.24.04.2_arm64.deb ...
#13 41.64 Unpacking libxpm4:arm64 (1:3.5.17-1ubuntu0.24.04.2) ...
#13 41.65 Selecting previously unselected package libxaw7:arm64.
#13 41.65 Preparing to unpack .../474-libxaw7_2%3a1.0.14-1build2_arm64.deb ...
#13 41.65 Unpacking libxaw7:arm64 (2:1.0.14-1build2) ...
#13 41.66 Selecting previously unselected package libxcb-shape0:arm64.
#13 41.66 Preparing to unpack .../475-libxcb-shape0_1.15-1ubuntu2_arm64.deb ...
#13 41.66 Unpacking libxcb-shape0:arm64 (1.15-1ubuntu2) ...
#13 41.67 Selecting previously unselected package libxfce4panel-2.0-4.
#13 41.67 Preparing to unpack .../476-libxfce4panel-2.0-4_4.18.4-1ubuntu0.1_arm64.deb ...
#13 41.67 Unpacking libxfce4panel-2.0-4 (4.18.4-1ubuntu0.1) ...
#13 41.68 Selecting previously unselected package libxfont2:arm64.
#13 41.69 Preparing to unpack .../477-libxfont2_1%3a2.0.6-1+deb13u1build0.24.04.2_arm64.deb ...
#13 41.69 Unpacking libxfont2:arm64 (1:2.0.6-1+deb13u1build0.24.04.2) ...
#13 41.70 Selecting previously unselected package libxkbfile1:arm64.
#13 41.70 Preparing to unpack .../478-libxkbfile1_1%3a1.1.0-1build4_arm64.deb ...
#13 41.70 Unpacking libxkbfile1:arm64 (1:1.1.0-1build4) ...
#13 41.71 Selecting previously unselected package libxv1:arm64.
#13 41.71 Preparing to unpack .../479-libxv1_2%3a1.0.11-1.1build1_arm64.deb ...
#13 41.71 Unpacking libxv1:arm64 (2:1.0.11-1.1build1) ...
#13 41.72 Selecting previously unselected package libxxf86dga1:arm64.
#13 41.72 Preparing to unpack .../480-libxxf86dga1_2%3a1.1.5-1build1_arm64.deb ...
#13 41.72 Unpacking libxxf86dga1:arm64 (2:1.1.5-1build1) ...
#13 41.73 Selecting previously unselected package openbox.
#13 41.73 Preparing to unpack .../481-openbox_3.6.1-12build5_arm64.deb ...
#13 41.73 Unpacking openbox (3.6.1-12build5) ...
#13 41.75 Selecting previously unselected package patchelf.
#13 41.76 Preparing to unpack .../482-patchelf_0.18.0-1.1build1_arm64.deb ...
#13 41.76 Unpacking patchelf (0.18.0-1.1build1) ...
#13 41.77 Selecting previously unselected package python3-cairo.
#13 41.77 Preparing to unpack .../483-python3-cairo_1.25.1-2build2_arm64.deb ...
#13 41.77 Unpacking python3-cairo (1.25.1-2build2) ...
#13 41.78 Selecting previously unselected package python3-gi-cairo.
#13 41.78 Preparing to unpack .../484-python3-gi-cairo_3.48.2-1_arm64.deb ...
#13 41.78 Unpacking python3-gi-cairo (3.48.2-1) ...
#13 41.79 Selecting previously unselected package python3-pil:arm64.
#13 41.79 Preparing to unpack .../485-python3-pil_10.2.0-1ubuntu1.3_arm64.deb ...
#13 41.79 Unpacking python3-pil:arm64 (10.2.0-1ubuntu1.3) ...
#13 41.81 Selecting previously unselected package scrot.
#13 41.81 Preparing to unpack .../486-scrot_1.10-1build2_arm64.deb ...
#13 41.81 Unpacking scrot (1.10-1build2) ...
#13 41.82 Selecting previously unselected package wmctrl.
#13 41.82 Preparing to unpack .../487-wmctrl_1.07-7ubuntu3_arm64.deb ...
#13 41.82 Unpacking wmctrl (1.07-7ubuntu3) ...
#13 41.83 Selecting previously unselected package x11-utils.
#13 41.83 Preparing to unpack .../488-x11-utils_7.7+6build2_arm64.deb ...
#13 41.83 Unpacking x11-utils (7.7+6build2) ...
#13 41.84 Selecting previously unselected package x11-xkb-utils.
#13 41.84 Preparing to unpack .../489-x11-xkb-utils_7.7+8build2_arm64.deb ...
#13 41.84 Unpacking x11-xkb-utils (7.7+8build2) ...
#13 41.85 Selecting previously unselected package x11-xserver-utils.
#13 41.85 Preparing to unpack .../490-x11-xserver-utils_7.7+10build2_arm64.deb ...
#13 41.85 Unpacking x11-xserver-utils (7.7+10build2) ...
#13 41.86 Selecting previously unselected package xclip.
#13 41.87 Preparing to unpack .../491-xclip_0.13-3_arm64.deb ...
#13 41.87 Unpacking xclip (0.13-3) ...
#13 41.87 Selecting previously unselected package xcompmgr.
#13 41.88 Preparing to unpack .../492-xcompmgr_1.1.8-1_arm64.deb ...
#13 41.88 Unpacking xcompmgr (1.1.8-1) ...
#13 41.89 Selecting previously unselected package xfce4-panel.
#13 41.89 Preparing to unpack .../493-xfce4-panel_4.18.4-1ubuntu0.1_arm64.deb ...
#13 41.89 Unpacking xfce4-panel (4.18.4-1ubuntu0.1) ...
#13 41.91 Selecting previously unselected package xserver-common.
#13 41.91 Preparing to unpack .../494-xserver-common_2%3a21.1.12-1ubuntu1.8_all.deb ...
#13 41.91 Unpacking xserver-common (2:21.1.12-1ubuntu1.8) ...
#13 41.92 Selecting previously unselected package xvfb.
#13 41.92 Preparing to unpack .../495-xvfb_2%3a21.1.12-1ubuntu1.8_arm64.deb ...
#13 41.93 Unpacking xvfb (2:21.1.12-1ubuntu1.8) ...
#13 41.94 Selecting previously unselected package libxdo3:arm64.
#13 41.94 Preparing to unpack .../496-libxdo3_1%3a3.20160805.1-5build1_arm64.deb ...
#13 41.94 Unpacking libxdo3:arm64 (1:3.20160805.1-5build1) ...
#13 41.95 Selecting previously unselected package libxdo-dev.
#13 41.95 Preparing to unpack .../497-libxdo-dev_1%3a3.20160805.1-5build1_arm64.deb ...
#13 41.95 Unpacking libxdo-dev (1:3.20160805.1-5build1) ...
#13 41.96 Selecting previously unselected package xdotool.
#13 41.96 Preparing to unpack .../498-xdotool_1%3a3.20160805.1-5build1_arm64.deb ...
#13 41.96 Unpacking xdotool (1:3.20160805.1-5build1) ...
#13 41.98 Setting up libhwy1t64:arm64 (1.0.7-8.1build1) ...
#13 41.99 Setting up media-types (10.1.0) ...
#13 41.99 Setting up bubblewrap (0.9.0-1ubuntu0.3) ...
#13 41.99 Setting up libtext-iconv-perl:arm64 (1.7-8build3) ...
#13 42.00 Setting up libgraphite2-3:arm64 (1.3.14-2ubuntu0.24.04.1) ...
#13 42.00 Setting up liblcms2-2:arm64 (2.14-2ubuntu0.1) ...
#13 42.00 Setting up libpixman-1-0:arm64 (0.42.2-1build1) ...
#13 42.00 Setting up libcdparanoia0:arm64 (3.10.2+debian-14build3) ...
#13 42.00 Setting up libsharpyuv0:arm64 (1.3.2-0.4build3) ...
#13 42.01 Setting up libwayland-server0:arm64 (1.22.0-2.1build1) ...
#13 42.01 Setting up libaom3:arm64 (3.8.2-2ubuntu0.2) ...
#13 42.01 Setting up libxau6:arm64 (1:1.0.9-1build6) ...
#13 42.01 Setting up libraw1394-11:arm64 (2.1.2-2build3) ...
#13 42.02 Setting up libkeyutils1:arm64 (1.6.3-3build1) ...
#13 42.02 Setting up lto-disabled-list (47) ...
#13 42.02 Setting up libapparmor1:arm64 (4.0.1really4.0.1-0ubuntu0.24.04.8) ...
#13 42.02 Setting up libtag1v5-vanilla:arm64 (1.13.1-1build1) ...
#13 42.03 Setting up libpixman-1-dev:arm64 (0.42.2-1build1) ...
#13 42.03 Setting up libgpm2:arm64 (1.20.7-11) ...
#13 42.03 Setting up libogg0:arm64 (1.3.5-3build1) ...
#13 42.03 Setting up liblerc4:arm64 (4.0.0+ds-4ubuntu2) ...
#13 42.03 Setting up libzstd-dev:arm64 (1.5.5+dfsg2-2build1.1) ...
#13 42.04 Setting up libspeex1:arm64 (1.2.1-2ubuntu2.24.04.1) ...
#13 42.04 Setting up libgdbm6t64:arm64 (1.23-5.1build1) ...
#13 42.04 Setting up libglvnd-core-dev:arm64 (1.7.0-1build1) ...
#13 42.04 Setting up hicolor-icon-theme (0.17-2) ...
#13 42.05 Setting up libtwolame0:arm64 (0.4.0-2build3) ...
#13 42.05 Setting up libhyphen0:arm64 (2.8.8-7build3) ...
#13 42.06 Setting up libdatrie1:arm64 (0.2.13-3build1) ...
#13 42.06 Setting up libgdbm-compat4t64:arm64 (1.23-5.1build1) ...
#13 42.06 Setting up libexo-common (4.18.0-1build4) ...
#13 42.06 Setting up libvisual-0.4-0:arm64 (0.4.2-2build1) ...
#13 42.07 Setting up libaspell15:arm64 (0.60.8.1-1build1) ...
#13 42.07 Setting up libglvnd0:arm64 (1.7.0-1build1) ...
#13 42.07 Setting up libwnck-3-common (43.0-3build4) ...
#13 42.07 Setting up libijs-0.35:arm64 (0.35-15.1build1) ...
#13 42.07 Setting up libgs-common (10.02.1~dfsg1-0ubuntu7.9) ...
#13 42.07 Setting up libbrotli1:arm64 (1.1.0-2build2) ...
#13 42.08 Setting up libsqlite3-0:arm64 (3.45.1-1ubuntu2.8) ...
#13 42.08 Setting up libxfce4util-common (4.18.1-2build3) ...
#13 42.09 Setting up libgdk-pixbuf2.0-common (2.42.10+dfsg-3ubuntu3.3) ...
#13 42.09 Setting up binutils-common:arm64 (2.42-4ubuntu2.10) ...
#13 42.09 Setting up x11-common (1:7.7+23ubuntu3) ...
#13 42.15 invoke-rc.d: could not determine current runlevel
#13 42.15 invoke-rc.d: policy-rc.d denied execution of start.
#13 42.15 Setting up libsensors-config (1:3.6.0-9build1) ...
#13 42.15 Setting up libpsl5t64:arm64 (0.21.2-1.1build1) ...
#13 42.16 Setting up libnghttp2-14:arm64 (1.59.0-1ubuntu0.4) ...
#13 42.16 Setting up libdeflate0:arm64 (1.19-1build1.1) ...
#13 42.16 Setting up libwebrtc-audio-processing1:arm64 (0.3.1-0ubuntu6) ...
#13 42.16 Setting up linux-libc-dev:arm64 (6.8.0-146.146) ...
#13 42.16 Setting up libwebpdecoder3:arm64 (1.3.2-0.4build3) ...
#13 42.17 Setting up libctf-nobfd0:arm64 (2.42-4ubuntu2.10) ...
#13 42.17 Setting up xkb-data (2.41-2ubuntu1.1) ...
#13 42.17 Setting up liblzo2-2:arm64 (2.10-2build4) ...
#13 42.18 Setting up libsoup-3.0-common (3.4.4-5ubuntu0.9) ...
#13 42.18 Setting up libmpg123-0t64:arm64 (1.32.5-1ubuntu1.1) ...
#13 42.18 Setting up libgomp1:arm64 (14.2.0-4ubuntu2~24.04.1) ...
#13 42.18 Setting up bzip2 (1.0.8-5.1ubuntu0.1) ...
#13 42.18 Setting up libffi-dev:arm64 (3.4.6-1build1) ...
#13 42.18 Setting up libunwind8:arm64 (1.6.2-3build1.1) ...
#13 42.19 Setting up libpthread-stubs0-dev:arm64 (0.4-1build3) ...
#13 42.19 Setting up libjbig0:arm64 (2.1-6.1ubuntu2) ...
#13 42.19 Setting up libpcre2-16-0:arm64 (10.42-4ubuntu2.1) ...
#13 42.20 Setting up libsframe1:arm64 (2.42-4ubuntu2.10) ...
#13 42.20 Setting up libopengl0:arm64 (1.7.0-1build1) ...
#13 42.20 Setting up libelf1t64:arm64 (0.190-1.1ubuntu0.1) ...
#13 42.21 Setting up libjansson4:arm64 (2.14-2build2) ...
#13 42.21 Setting up libpsl-dev:arm64 (0.21.2-1.1build1) ...
#13 42.21 Setting up poppler-data (0.4.12-1) ...
#13 42.21 Setting up liborc-0.4-0t64:arm64 (1:0.4.38-1ubuntu0.1) ...
#13 42.22 Setting up libgarcon-common (4.18.1-1build3) ...
#13 42.22 Setting up libkrb5support0:arm64 (1.20.1-6ubuntu2.10) ...
#13 42.22 Setting up libdw1t64:arm64 (0.190-1.1ubuntu0.1) ...
#13 42.23 Setting up libsasl2-modules-db:arm64 (2.1.28+dfsg1-5ubuntu3.1) ...
#13 42.23 Setting up tzdata (2026c-0ubuntu0.24.04.1) ...
#13 42.27 
#13 42.27 Current default time zone: 'Etc/UTC'
#13 42.27 Local time is now:      Thu Oct  8 22:13:09 UTC 2026.
#13 42.27 Universal Time is now:  Thu Oct  8 22:13:09 UTC 2026.
#13 42.27 Run 'dpkg-reconfigure tzdata' if you wish to change it.
#13 42.27 
#13 42.27 Setting up libcap2-bin (1:2.66-5ubuntu2.4) ...
#13 42.27 Setting up libsysprof-capture-4-dev:arm64 (46.0-1build1) ...
#13 42.28 Setting up libasound2-data (1.2.11-1ubuntu0.3) ...
#13 42.28 Setting up libid3tag0:arm64 (0.15.1b-14build1) ...
#13 42.28 Setting up xtrans-dev (1.4.0-1) ...
#13 42.28 Setting up libgraphite2-dev:arm64 (1.3.14-2ubuntu0.24.04.1) ...
#13 42.29 Setting up libfontenc1:arm64 (1:1.1.8-1build1) ...
#13 42.29 Setting up libpcre2-32-0:arm64 (10.42-4ubuntu2.1) ...
#13 42.29 Setting up libglib2.0-0t64:arm64 (2.80.0-6ubuntu3.9) ...
#13 42.31 Setting up libglib2.0-data (2.80.0-6ubuntu3.9) ...
#13 42.31 Setting up libpkgconf3:arm64 (1.8.1-2build1) ...
#13 42.31 Setting up rpcsvc-proto (1.4.2-0ubuntu7) ...
#13 42.31 Setting up libgles2:arm64 (1.7.0-1build1) ...
#13 42.32 Setting up libasound2t64:arm64 (1.2.11-1ubuntu0.3) ...
#13 42.32 Setting up gcc-13-base:arm64 (13.3.0-6ubuntu2~24.04.1) ...
#13 42.32 Setting up emacsen-common (3.0.5) ...
#13 42.33 Setting up libslang2:arm64 (2.3.3-3build2) ...
#13 42.34 Setting up libx11-data (2:1.8.7-1build1) ...
#13 42.34 Setting up make (4.3-4.1build2) ...
#13 42.34 Setting up libepoxy0:arm64 (1.5.10-1build1) ...
#13 42.35 Setting up libmpfr6:arm64 (4.2.1-1build1.1) ...
#13 42.35 Setting up libjbig2dec0:arm64 (0.20-1ubuntu0.24.04.1) ...
#13 42.35 Setting up librtmp1:arm64 (2.4+20151223.gitfa8646d.1-2build7) ...
#13 42.36 Setting up libavahi-common-data:arm64 (0.8-13ubuntu6.2) ...
#13 42.36 Setting up libncurses6:arm64 (6.4+20240113-1ubuntu2.2) ...
#13 42.37 Setting up libgles1:arm64 (1.7.0-1build1) ...
#13 42.37 Setting up libdbus-1-3:arm64 (1.14.10-4ubuntu4.1) ...
#13 42.37 Setting up xz-utils (5.6.1+really5.4.5-1ubuntu0.3) ...
#13 42.38 update-alternatives: using /usr/bin/xz to provide /usr/bin/lzma (lzma) in auto mode
#13 42.38 update-alternatives: warning: skip creation of /usr/share/man/man1/lzma.1.gz because associated file /usr/share/man/man1/xz.1.gz (of link group lzma) doesn't exist
#13 42.38 update-alternatives: warning: skip creation of /usr/share/man/man1/unlzma.1.gz because associated file /usr/share/man/man1/unxz.1.gz (of link group lzma) doesn't exist
#13 42.38 update-alternatives: warning: skip creation of /usr/share/man/man1/lzcat.1.gz because associated file /usr/share/man/man1/xzcat.1.gz (of link group lzma) doesn't exist
#13 42.38 update-alternatives: warning: skip creation of /usr/share/man/man1/lzmore.1.gz because associated file /usr/share/man/man1/xzmore.1.gz (of link group lzma) doesn't exist
#13 42.38 update-alternatives: warning: skip creation of /usr/share/man/man1/lzless.1.gz because associated file /usr/share/man/man1/xzless.1.gz (of link group lzma) doesn't exist
#13 42.38 update-alternatives: warning: skip creation of /usr/share/man/man1/lzdiff.1.gz because associated file /usr/share/man/man1/xzdiff.1.gz (of link group lzma) doesn't exist
#13 42.38 update-alternatives: warning: skip creation of /usr/share/man/man1/lzcmp.1.gz because associated file /usr/share/man/man1/xzcmp.1.gz (of link group lzma) doesn't exist
#13 42.38 update-alternatives: warning: skip creation of /usr/share/man/man1/lzgrep.1.gz because associated file /usr/share/man/man1/xzgrep.1.gz (of link group lzma) doesn't exist
#13 42.38 update-alternatives: warning: skip creation of /usr/share/man/man1/lzegrep.1.gz because associated file /usr/share/man/man1/xzegrep.1.gz (of link group lzma) doesn't exist
#13 42.38 update-alternatives: warning: skip creation of /usr/share/man/man1/lzfgrep.1.gz because associated file /usr/share/man/man1/xzfgrep.1.gz (of link group lzma) doesn't exist
#13 42.38 Setting up xfonts-encodings (1:1.0.5-0ubuntu2) ...
#13 42.38 Setting up libfribidi0:arm64 (1.0.13-3build1) ...
#13 42.38 Setting up perl-modules-5.38 (5.38.2-3.2ubuntu0.6) ...
#13 42.38 Setting up libopus0:arm64 (1.4-1build1) ...
#13 42.39 Setting up libimagequant0:arm64 (2.18.0-1build1) ...
#13 42.39 Setting up fonts-dejavu-mono (2.37-8) ...
#13 42.39 Setting up libssl-dev:arm64 (3.0.13-0ubuntu3.16) ...
#13 42.40 Setting up libpng16-16t64:arm64 (1.6.43-5ubuntu0.7) ...
#13 42.40 Setting up libmpc3:arm64 (1.3.1-1build1.1) ...
#13 42.40 Setting up libatomic1:arm64 (14.2.0-4ubuntu2~24.04.1) ...
#13 42.40 Setting up libvorbis0a:arm64 (1.3.7-1build3) ...
#13 42.41 Setting up libidn12:arm64 (1.42-1ubuntu0.1) ...
#13 42.41 Setting up patch (2.7.6-7build3) ...
#13 42.41 Setting up fonts-dejavu-core (2.37-8) ...
#13 42.43 Setting up libdv4t64:arm64 (1.0.0-17.1build1) ...
#13 42.43 Setting up libsepol-dev:arm64 (3.5-2build1) ...
#13 42.43 Setting up ucf (3.0043+nmu1) ...
#13 42.47 Setting up pkgconf-bin (1.8.1-2build1) ...
#13 42.47 Setting up gir1.2-glib-2.0:arm64 (2.80.0-6ubuntu3.9) ...
#13 42.47 Setting up libsensors5:arm64 (1:3.6.0-9build1) ...
#13 42.48 Setting up liblerc-dev:arm64 (4.0.0+ds-4ubuntu2) ...
#13 42.48 Setting up libjxl0.7:arm64 (0.7.0-10.2ubuntu6.1) ...
#13 42.48 Setting up libclang-common-18-dev:arm64 (1:18.1.3-1ubuntu1) ...
#13 42.48 Setting up libk5crypto3:arm64 (1.20.1-6ubuntu2.10) ...
#13 42.49 Setting up libjpeg-turbo8:arm64 (2.1.5-2ubuntu2) ...
#13 42.49 Setting up libgc1:arm64 (1:8.2.6-1build1) ...
#13 42.49 Setting up libsasl2-2:arm64 (2.1.28+dfsg1-5ubuntu3.1) ...
#13 42.50 Setting up libvulkan1:arm64 (1.3.275.0-1build1) ...
#13 42.50 Setting up libwebp7:arm64 (1.3.2-0.4build3) ...
#13 42.51 Setting up liblzma-dev:arm64 (5.6.1+really5.4.5-1ubuntu0.3) ...
#13 42.51 Setting up libubsan1:arm64 (14.2.0-4ubuntu2~24.04.1) ...
#13 42.51 Setting up libicu74:arm64 (74.2-1ubuntu3.1) ...
#13 42.52 Setting up libgif7:arm64 (5.2.2-1ubuntu1.2) ...
#13 42.52 Setting up xdg-dbus-proxy (0.1.5-1ubuntu0.2) ...
#13 42.52 Setting up libpcre2-posix3:arm64 (10.42-4ubuntu2.1) ...
#13 42.52 Setting up libvpx9:arm64 (1.14.0-1ubuntu2.3) ...
#13 42.53 Setting up wayland-protocols (1.45-1~ubuntu0.24.04.2) ...
#13 42.53 Setting up libtag1v5:arm64 (1.13.1-1build1) ...
#13 42.53 Setting up libduktape207:arm64 (2.7.0+tests-0ubuntu3) ...
#13 42.53 Setting up gir1.2-glib-2.0-dev:arm64 (2.80.0-6ubuntu3.9) ...
#13 42.53 Setting up libasyncns0:arm64 (0.8-6build4) ...
#13 42.54 Setting up libxshmfence1:arm64 (1.3-1build5) ...
#13 42.54 Setting up libhwasan0:arm64 (14.2.0-4ubuntu2~24.04.1) ...
#13 42.54 Setting up at-spi2-common (2.52.0-1build1) ...
#13 42.55 Setting up libcrypt-dev:arm64 (1:4.4.36-4build1) ...
#13 42.55 Setting up libwavpack1:arm64 (5.6.0-1build1) ...
#13 42.55 Setting up dbus-session-bus-common (1.14.10-4ubuntu4.1) ...
#13 42.56 Setting up libasan8:arm64 (14.2.0-4ubuntu2~24.04.1) ...
#13 42.56 Setting up libopenjp2-7:arm64 (2.5.0-2ubuntu0.5) ...
#13 42.56 Setting up git-man (1:2.43.0-1ubuntu7.3) ...
#13 42.57 Setting up libthai-data (0.1.29-2build1) ...
#13 42.57 Setting up libgirepository-1.0-1:arm64 (1.80.1-1) ...
#13 42.57 Setting up xorg-sgml-doctools (1:1.11-1.1) ...
#13 42.58 Setting up netbase (6.4) ...
#13 42.59 Setting up sgml-base (1.31) ...
#13 42.60 Setting up libkrb5-3:arm64 (1.20.1-6ubuntu2.10) ...
#13 42.60 Setting up libxfce4util7:arm64 (4.18.1-2build3) ...
#13 42.61 Setting up libflac12t64:arm64 (1.4.3+ds-2.1ubuntu2) ...
#13 42.61 Setting up libwayland-egl1:arm64 (1.22.0-2.1build1) ...
#13 42.61 Setting up libperl5.38t64:arm64 (5.38.2-3.2ubuntu0.6) ...
#13 42.61 Setting up libtsan2:arm64 (14.2.0-4ubuntu2~24.04.1) ...
#13 42.61 Setting up libopengl-dev:arm64 (1.7.0-1build1) ...
#13 42.62 Setting up libxfce4ui-common (4.18.4-1build4) ...
#13 42.62 Setting up libhunspell-1.7-0:arm64 (1.7.2+really1.7.2-10build3) ...
#13 42.62 Setting up glib-networking-common (2.80.0-1build1) ...
#13 42.63 Setting up libbinutils:arm64 (2.42-4ubuntu2.10) ...
#13 42.63 Setting up patchelf (0.18.0-1.1build1) ...
#13 42.63 Setting up libisl23:arm64 (0.26-3build1.1) ...
#13 42.63 Setting up libspa-0.2-dev:arm64 (1.0.5-1ubuntu3.3) ...
#13 42.64 Setting up libsharpyuv-dev:arm64 (1.3.2-0.4build3) ...
#13 42.64 Setting up libc-dev-bin (2.39-0ubuntu8.9) ...
#13 42.64 Setting up openssl (3.0.13-0ubuntu3.16) ...
#13 42.65 Setting up libwebpmux3:arm64 (1.3.2-0.4build3) ...
#13 42.65 Setting up libbsd0:arm64 (0.12.1-1build1.1) ...
#13 42.65 Setting up libdeflate-dev:arm64 (1.19-1build1.1) ...
#13 42.66 Setting up libdrm-common (2.4.125-1ubuntu0.1~24.04.2) ...
#13 42.66 Setting up libevdev2:arm64 (1.13.1+dfsg-1build1) ...
#13 42.66 Setting up readline-common (8.2-4build1) ...
#13 42.67 Setting up libxml2:arm64 (2.9.14+dfsg-1.3ubuntu3.10) ...
#13 42.67 Setting up libcc1-0:arm64 (14.2.0-4ubuntu2~24.04.1) ...
#13 42.67 Setting up libldap2:arm64 (2.6.10+dfsg-0ubuntu0.24.04.1) ...
#13 42.68 Setting up iso-codes (4.16.0-1) ...
#13 42.68 Setting up dbus-bin (1.14.10-4ubuntu4.1) ...
#13 42.68 Setting up libbrotli-dev:arm64 (1.1.0-2build2) ...
#13 42.68 Setting up libgudev-1.0-0:arm64 (1:238-5ubuntu1) ...
#13 42.69 Setting up libsecret-common (0.21.4-1build3) ...
#13 42.69 Setting up liblsan0:arm64 (14.2.0-4ubuntu2~24.04.1) ...
#13 42.69 Setting up libgstreamer1.0-0:arm64 (1.24.2-1ubuntu0.1) ...
#13 42.69 Setcap worked! gst-ptp-helper is not suid!
#13 42.69 Setting up libmp3lame0:arm64 (3.100-6build1) ...
#13 42.70 Setting up libitm1:arm64 (14.2.0-4ubuntu2~24.04.1) ...
#13 42.71 Setting up libvorbisenc2:arm64 (1.3.7-1build3) ...
#13 42.71 Setting up libiec61883-0:arm64 (1.2.0-6build1) ...
#13 42.71 Setting up libxkbcommon0:arm64 (1.6.0-1build1) ...
#13 42.71 Setting up libwayland-client0:arm64 (1.22.0-2.1build1) ...
#13 42.72 Setting up libctf0:arm64 (2.42-4ubuntu2.10) ...
#13 42.72 Setting up libjpeg8:arm64 (8c-2ubuntu11) ...
#13 42.72 Setting up x11proto-dev (2023.2-1) ...
#13 42.73 Setting up libavc1394-0:arm64 (0.5.4-5build3) ...
#13 42.73 Setting up libpaper1:arm64 (1.1.29build1) ...
#13 42.78 
#13 42.78 Creating config file /etc/papersize with new version
#13 42.79 Setting up libice6:arm64 (2:1.0.10-1build3) ...
#13 42.79 Setting up session-migration (0.3.9build1) ...
#13 42.84 Setting up libxdmcp6:arm64 (1:1.1.3-0ubuntu6) ...
#13 42.85 Setting up libxcb1:arm64 (1.15-1ubuntu2) ...
#13 42.85 Setting up libxcb-xfixes0:arm64 (1.15-1ubuntu2) ...
#13 42.85 Setting up libatk1.0-0t64:arm64 (2.52.0-1build1) ...
#13 42.86 Setting up libxau-dev:arm64 (1:1.0.9-1build6) ...
#13 42.86 Setting up libcaca0:arm64 (0.99.beta20-4ubuntu0.2) ...
#13 42.86 Setting up libv4lconvert0t64:arm64 (1.26.1-4build3) ...
#13 42.87 Setting up cpp-13-aarch64-linux-gnu (13.3.0-6ubuntu2~24.04.1) ...
#13 42.87 Setting up libice-dev:arm64 (2:1.0.10-1build3) ...
#13 42.87 Setting up dictionaries-common (1.29.7) ...
#13 42.98 Setting up libgirepository-2.0-0:arm64 (2.80.0-6ubuntu3.9) ...
#13 42.98 Setting up libxcb-render0:arm64 (1.15-1ubuntu2) ...
#13 42.98 Setting up gir1.2-atk-1.0:arm64 (2.52.0-1build1) ...
#13 42.99 Setting up fontconfig-config (2.15.0-1.1ubuntu2) ...
#13 43.05 Setting up libfribidi-dev:arm64 (1.0.13-3build1) ...
#13 43.05 Setting up libxcb-glx0:arm64 (1.15-1ubuntu2) ...
#13 43.05 Setting up libwebpdemux2:arm64 (1.3.2-0.4build3) ...
#13 43.06 Setting up libdbusmenu-glib4:arm64 (18.10.20180917~bzr492+repack1-3.1ubuntu5) ...
#13 43.06 Setting up libmanette-0.2-0:arm64 (0.2.7-1build2) ...
#13 43.06 Setting up libxkbcommon-dev:arm64 (1.6.0-1build1) ...
#13 43.06 Setting up libedit2:arm64 (3.1-20230828-1build1) ...
#13 43.06 Setting up libxcb-shape0:arm64 (1.15-1ubuntu2) ...
#13 43.07 Setting up libavahi-common3:arm64 (0.8-13ubuntu6.2) ...
#13 43.07 Setting up libjbig-dev:arm64 (2.1-6.1ubuntu2) ...
#13 43.07 Setting up libglib2.0-bin (2.80.0-6ubuntu3.9) ...
#13 43.08 Setting up libobjc4:arm64 (14.2.0-4ubuntu2~24.04.1) ...
#13 43.08 Setting up libxcb-shm0:arm64 (1.15-1ubuntu2) ...
#13 43.08 Setting up dbus-daemon (1.14.10-4ubuntu4.1) ...
#13 43.09 Setting up libcolord2:arm64 (1.4.7-1build2) ...
#13 43.09 Setting up libxcb-util1:arm64 (0.4.0-1build3) ...
#13 43.09 Setting up pkgconf:arm64 (1.8.1-2build1) ...
#13 43.10 Setting up libxcb-present0:arm64 (1.15-1ubuntu2) ...
#13 43.11 Setting up libdconf1:arm64 (0.40.0-4ubuntu0.1) ...
#13 43.11 Setting up libthai0:arm64 (0.1.29-2build1) ...
#13 43.11 Setting up ca-certificates (20260601~24.04.1) ...
#13 43.27 Updating certificates in /etc/ssl/certs...
#13 43.48 121 added, 0 removed; done.
#13 43.49 Setting up libxdmcp-dev:arm64 (1:1.1.3-0ubuntu6) ...
#13 43.49 Setting up libwayland-bin (1.22.0-2.1build1) ...
#13 43.50 Setting up perl (5.38.2-3.2ubuntu0.6) ...
#13 43.51 Setting up cpp-aarch64-linux-gnu (4:13.2.0-7ubuntu1) ...
#13 43.51 Setting up libsecret-1-0:arm64 (0.21.4-1build3) ...
#13 43.52 Setting up libgprofng0:arm64 (2.42-4ubuntu2.10) ...
#13 43.53 Setting up libwebp-dev:arm64 (1.3.2-0.4build3) ...
#13 43.53 Setting up libjavascriptcoregtk-4.1-0:arm64 (2.52.6-0ubuntu0.24.04.1) ...
#13 43.54 Setting up libfreetype6:arm64 (2.13.2+dfsg-1ubuntu0.2) ...
#13 43.56 Setting up libspa-0.2-modules:arm64 (1.0.5-1ubuntu3.3) ...
#13 43.57 Setting up libxcb-sync1:arm64 (1.15-1ubuntu2) ...
#13 43.59 Setting up gir1.2-girepository-2.0:arm64 (1.80.1-1) ...
#13 43.60 Setting up shared-mime-info (2.4-4) ...
#13 44.28 Setting up libgssapi-krb5-2:arm64 (1.20.1-6ubuntu2.10) ...
#13 44.29 Setting up libgarcon-1-0:arm64 (4.18.1-1build3) ...
#13 44.29 Setting up libllvm20:arm64 (1:20.1.2-0ubuntu1~24.04.3) ...
#13 44.30 Setting up icu-devtools (74.2-1ubuntu3.1) ...
#13 44.30 Setting up pkg-config:arm64 (1.8.1-2build1) ...
#13 44.30 Setting up libdpkg-perl (1.22.6ubuntu6.6) ...
#13 44.30 Setting up libssh-4:arm64 (0.10.6-2ubuntu0.5) ...
#13 44.31 Setting up libreadline8t64:arm64 (8.2-4build1) ...
#13 44.31 Setting up libv4l-0t64:arm64 (1.26.1-4build3) ...
#13 44.31 Setting up libdrm2:arm64 (2.4.125-1ubuntu0.1~24.04.2) ...
#13 44.32 Setting up libdatrie-dev:arm64 (0.2.13-3build1) ...
#13 44.32 Setting up libgcc-13-dev:arm64 (13.3.0-6ubuntu2~24.04.1) ...
#13 44.32 Setting up libtiff6:arm64 (4.5.1+git230720-4ubuntu2.5) ...
#13 44.33 Setting up libwayland-cursor0:arm64 (1.22.0-2.1build1) ...
#13 44.33 Setting up libxcb-randr0:arm64 (1.15-1ubuntu2) ...
#13 44.34 Setting up xml-core (0.19) ...
#13 44.41 Setting up libxslt1.1:arm64 (1.1.39-0exp1ubuntu0.24.04.3) ...
#13 44.42 Setting up hunspell-en-us (1:2020.12.07-2) ...
#13 44.43 Setting up libc6-dev:arm64 (2.39-0ubuntu8.9) ...
#13 44.43 Setting up libx11-6:arm64 (2:1.8.7-1build1) ...
#13 44.43 Setting up libharfbuzz0b:arm64 (8.3.0-2build2) ...
#13 44.44 Setting up libgdk-pixbuf-2.0-0:arm64 (2.42.10+dfsg-3ubuntu3.3) ...
#13 44.46 Setting up libfontconfig1:arm64 (2.15.0-1.1ubuntu2) ...
#13 44.47 Setting up libsndfile1:arm64 (1.2.2-1ubuntu5.24.04.1) ...
#13 44.47 Setting up libxkbfile1:arm64 (1:1.1.0-1build4) ...
#13 44.47 Setting up libtiffxx6:arm64 (4.5.1+git230720-4ubuntu2.5) ...
#13 44.47 Setting up libxcomposite1:arm64 (1:0.4.5-1build3) ...
#13 44.48 Setting up libsm6:arm64 (2:1.2.3-1build3) ...
#13 44.48 Setting up libxfont2:arm64 (1:2.0.6-1+deb13u1build0.24.04.2) ...
#13 44.48 Setting up libpipewire-0.3-0t64:arm64 (1.0.5-1ubuntu3.3) ...
#13 44.49 Setting up libicu-dev:arm64 (74.2-1ubuntu3.1) ...
#13 44.49 Setting up libavahi-client3:arm64 (0.8-13ubuntu6.2) ...
#13 44.50 Setting up libxmuu1:arm64 (2:1.1.3-3build2) ...
#13 44.50 Setting up libobjc-13-dev:arm64 (13.3.0-6ubuntu2~24.04.1) ...
#13 44.50 Setting up libstdc++-13-dev:arm64 (13.3.0-6ubuntu2~24.04.1) ...
#13 44.51 Setting up libaa1:arm64 (1.4p5-51.1) ...
#13 44.51 Setting up libllvm18:arm64 (1:18.1.3-1ubuntu1) ...
#13 44.52 Setting up libdrm-amdgpu1:arm64 (2.4.125-1ubuntu0.1~24.04.2) ...
#13 44.52 Setting up libbz2-dev:arm64 (1.0.8-5.1ubuntu0.1) ...
#13 44.52 Setting up libxcb-dri3-0:arm64 (1.15-1ubuntu2) ...
#13 44.52 Setting up gtk-update-icon-cache (3.24.41-4ubuntu1.3) ...
#13 44.53 Setting up libclang1-18 (1:18.1.3-1ubuntu1) ...
#13 44.53 Setting up libnghttp2-dev:arm64 (1.59.0-1ubuntu0.4) ...
#13 44.53 Setting up libx11-xcb1:arm64 (2:1.8.7-1build1) ...
#13 44.54 Setting up mesa-libgallium:arm64 (25.2.8-0ubuntu0.24.04.4) ...
#13 44.54 Setting up fontconfig (2.15.0-1.1ubuntu2) ...
#13 44.55 Regenerating fonts cache... done.
#13 46.76 Setting up libjpeg-turbo8-dev:arm64 (2.1.5-2ubuntu2) ...
#13 46.76 Setting up libharfbuzz-icu0:arm64 (8.3.0-2build2) ...
#13 46.76 Setting up libxdamage1:arm64 (1:1.1.6-1build1) ...
#13 46.77 Setting up libxcb1-dev:arm64 (1.15-1ubuntu2) ...
#13 46.77 Setting up libpython3.12-stdlib:arm64 (3.12.3-1ubuntu0.17) ...
#13 46.77 Setting up libxpm4:arm64 (1:3.5.17-1ubuntu0.24.04.2) ...
#13 46.77 Setting up gir1.2-dbusmenu-glib-0.4:arm64 (18.10.20180917~bzr492+repack1-3.1ubuntu5) ...
#13 46.78 Setting up libpcre2-dev:arm64 (10.42-4ubuntu2.1) ...
#13 46.78 Setting up cpp-13 (13.3.0-6ubuntu2~24.04.1) ...
#13 46.78 Setting up libxrender1:arm64 (1:0.9.10-1.1build1) ...
#13 46.78 Setting up gir1.2-gdkpixbuf-2.0:arm64 (2.42.10+dfsg-3ubuntu3.3) ...
#13 46.79 Setting up libcurl4t64:arm64 (8.5.0-2ubuntu10.15) ...
#13 46.79 Setting up libgbm1:arm64 (25.2.8-0ubuntu0.24.04.4) ...
#13 46.79 Setting up libpulse0:arm64 (1:16.1+dfsg1-2ubuntu10.1) ...
#13 46.80 Setting up libenchant-2-2:arm64 (2.3.3-2build2) ...
#13 46.80 Setting up libsm-dev:arm64 (2:1.2.3-1build3) ...
#13 46.80 Setting up libselinux1-dev:arm64 (3.5-2ubuntu2.1) ...
#13 46.81 Setting up python3.12 (3.12.3-1ubuntu0.17) ...
#13 47.27 Setting up libpango-1.0-0:arm64 (1.52.1+ds-1build1) ...
#13 47.27 Setting up libgl1-mesa-dri:arm64 (25.2.8-0ubuntu0.24.04.4) ...
#13 47.28 Setting up libx11-dev:arm64 (2:1.8.7-1build1) ...
#13 47.29 Setting up libcurl3t64-gnutls:arm64 (8.5.0-2ubuntu10.15) ...
#13 47.29 Setting up libxext6:arm64 (2:1.3.4-1build2) ...
#13 47.29 Setting up binutils-aarch64-linux-gnu (2.42-4ubuntu2.10) ...
#13 47.29 Setting up libgstreamer-plugins-base1.0-0:arm64 (1.24.2-1ubuntu0.5) ...
#13 47.30 Setting up libharfbuzz-gobject0:arm64 (8.3.0-2build2) ...
#13 47.30 Setting up binutils (2.42-4ubuntu2.10) ...
#13 47.30 Setting up gcc-13-aarch64-linux-gnu (13.3.0-6ubuntu2~24.04.1) ...
#13 47.30 Setting up xfonts-utils (1:7.7+6build3) ...
#13 47.31 Setting up libwayland-dev:arm64 (1.22.0-2.1build1) ...
#13 47.31 Setting up libcairo2:arm64 (1.18.0-3build1) ...
#13 47.31 Setting up libgbm-dev:arm64 (25.2.8-0ubuntu0.24.04.4) ...
#13 47.31 Setting up gir1.2-javascriptcoregtk-4.1:arm64 (2.52.6-0ubuntu0.24.04.1) ...
#13 47.31 Setting up dpkg-dev (1.22.6ubuntu6.6) ...
#13 47.32 Setting up libxxf86vm1:arm64 (1:1.1.4-1build4) ...
#13 47.32 Setting up liberror-perl (0.17029-2) ...
#13 47.32 Setting up libxcb-shm0-dev:arm64 (1.15-1ubuntu2) ...
#13 47.32 Setting up libclang-18-dev (1:18.1.3-1ubuntu1) ...
#13 47.33 Setting up libgstreamer-plugins-good1.0-0:arm64 (1.24.2-1ubuntu1.8) ...
#13 47.33 Setting up libegl-mesa0:arm64 (25.2.8-0ubuntu0.24.04.4) ...
#13 47.34 Setting up libexpat1-dev:arm64 (2.6.1-2ubuntu0.6) ...
#13 47.34 Setting up libharfbuzz-cairo0:arm64 (8.3.0-2build2) ...
#13 47.34 Setting up libsqlite3-dev:arm64 (3.45.1-1ubuntu2.8) ...
#13 47.34 Setting up libxfixes3:arm64 (1:6.0.0-2build1) ...
#13 47.36 Setting up uuid-dev:arm64 (2.39.3-9ubuntu6.6) ...
#13 47.36 Setting up libraqm0:arm64 (0.10.1-1build1) ...
#13 47.37 Setting up libxinerama1:arm64 (2:1.1.4-3build1) ...
#13 47.38 Setting up libxt6t64:arm64 (1:1.2.1-1.2build1) ...
#13 47.38 Setting up libxv1:arm64 (2:1.0.11-1.1build1) ...
#13 47.39 Setting up gcc-13 (13.3.0-6ubuntu2~24.04.1) ...
#13 47.40 Setting up libxrandr2:arm64 (2:1.5.2-2build1) ...
#13 47.40 Setting up libobt2v5:arm64 (3.6.1-12build5) ...
#13 47.40 Setting up libxcb-render0-dev:arm64 (1.15-1ubuntu2) ...
#13 47.41 Setting up git (1:2.43.0-1ubuntu7.3) ...
#13 47.42 Setting up libdbusmenu-glib-dev:arm64 (18.10.20180917~bzr492+repack1-3.1ubuntu5) ...
#13 47.42 Setting up libxext-dev:arm64 (2:1.3.4-1build2) ...
#13 47.43 Setting up libthai-dev:arm64 (0.1.29-2build1) ...
#13 47.43 Setting up zlib1g-dev:arm64 (1:1.3.dfsg-3.1ubuntu2.2) ...
#13 47.44 Setting up libpipewire-0.3-dev:arm64 (1.0.5-1ubuntu3.3) ...
#13 47.44 Setting up xauth (1:1.1.2-1build1) ...
#13 47.44 Setting up libgdk-pixbuf2.0-bin (2.42.10+dfsg-3ubuntu3.3) ...
#13 47.45 Setting up dbus-x11 (1.14.10-4ubuntu4.1) ...
#13 47.45 Setting up cpp (4:13.2.0-7ubuntu1) ...
#13 47.46 Setting up libtheora0:arm64 (1.1.1+dfsg.1-16.1build3) ...
#13 47.48 Setting up libegl1:arm64 (1.7.0-1build1) ...
#13 47.49 Setting up libharfbuzz-subset0:arm64 (8.3.0-2build2) ...
#13 47.49 Setting up libcairo-gobject2:arm64 (1.18.0-3build1) ...
#13 47.50 Setting up curl (8.5.0-2ubuntu10.15) ...
#13 47.50 Setting up libpangoft2-1.0-0:arm64 (1.52.1+ds-1build1) ...
#13 47.50 Setting up xfconf (4.18.1-1build3) ...
#13 47.51 Setting up libjpeg8-dev:arm64 (8c-2ubuntu11) ...
#13 47.51 Setting up libxrender-dev:arm64 (1:0.9.10-1.1build1) ...
#13 47.51 Setting up libcups2t64:arm64 (2.4.7-1.2ubuntu7.14) ...
#13 47.52 Setting up libpangocairo-1.0-0:arm64 (1.52.1+ds-1build1) ...
#13 47.53 Setting up libpython3-stdlib:arm64 (3.12.3-0ubuntu2.1) ...
#13 47.53 Setting up libxres1:arm64 (2:1.2.1-1build1) ...
#13 47.53 Setting up libstartup-notification0:arm64 (0.12-6build3) ...
#13 47.54 Setting up g++-13-aarch64-linux-gnu (13.3.0-6ubuntu2~24.04.1) ...
#13 47.54 Setting up libcairo-script-interpreter2:arm64 (1.18.0-3build1) ...
#13 47.55 Setting up gcc-aarch64-linux-gnu (4:13.2.0-7ubuntu1) ...
#13 47.55 Setting up libblkid-dev:arm64 (2.39.3-9ubuntu6.6) ...
#13 47.55 Setting up g++-13 (13.3.0-6ubuntu2~24.04.1) ...
#13 47.56 Setting up libxfconf-0-3:arm64 (4.18.1-1build3) ...
#13 47.56 Setting up libxft2:arm64 (2.3.6-1build1) ...
#13 47.56 Setting up libproxy1v5:arm64 (0.5.4-4build1) ...
#13 47.57 Setting up libxmu6:arm64 (2:1.1.3-3build2) ...
#13 47.57 Setting up gir1.2-freedesktop:arm64 (1.80.1-1) ...
#13 47.57 Setting up libglx-mesa0:arm64 (25.2.8-0ubuntu0.24.04.4) ...
#13 47.57 Setting up libclang-dev (1:18.0-59~exp2) ...
#13 47.58 Setting up libpangoxft-1.0-0:arm64 (1.52.1+ds-1build1) ...
#13 47.58 Setting up libxi6:arm64 (2:1.8.1-1build1) ...
#13 47.58 Setting up libglx0:arm64 (1.7.0-1build1) ...
#13 47.58 Setting up libxtst6:arm64 (2:1.2.3-1.1build1) ...
#13 47.59 Setting up libxcursor1:arm64 (1:1.2.1-1build1) ...
#13 47.59 Setting up libpng-dev:arm64 (1.6.43-5ubuntu0.7) ...
#13 47.59 Setting up pango1.0-tools (1.52.1+ds-1build1) ...
#13 47.59 Setting up libjpeg-dev:arm64 (8c-2ubuntu11) ...
#13 47.59 Setting up libxxf86dga1:arm64 (2:1.1.5-1build1) ...
#13 47.59 Setting up xcompmgr (1.1.8-1) ...
#13 47.59 Setting up dconf-service (0.40.0-4ubuntu0.1) ...
#13 47.60 Setting up python3 (3.12.3-0ubuntu2.1) ...
#13 47.74 Setting up libxaw7:arm64 (2:1.0.14-1build2) ...
#13 47.74 Setting up fonts-urw-base35 (20200910-8) ...
#13 47.80 Setting up x11-xserver-utils (7.7+10build2) ...
#13 47.80 Setting up wmctrl (1.07-7ubuntu3) ...
#13 47.81 Setting up gir1.2-harfbuzz-0.0:arm64 (8.3.0-2build2) ...
#13 47.81 Setting up gcc (4:13.2.0-7ubuntu1) ...
#13 47.82 Setting up libfreetype-dev:arm64 (2.13.2+dfsg-1ubuntu0.2) ...
#13 47.82 Setting up librsvg2-2:arm64 (2.58.0+dfsg-1ubuntu0.1) ...
#13 47.82 Setting up libxfixes-dev:arm64 (1:6.0.0-2build1) ...
#13 47.83 Setting up libxdo3:arm64 (1:3.20160805.1-5build1) ...
#13 47.83 Setting up python3-pil:arm64 (10.2.0-1ubuntu1.3) ...
#13 47.97 Setting up gir1.2-pango-1.0:arm64 (1.52.1+ds-1build1) ...
#13 47.97 Setting up libxrandr-dev:arm64 (2:1.5.2-2build1) ...
#13 47.97 Setting up python3-packaging (24.0-1) ...
#13 48.03 Setting up gstreamer1.0-plugins-base:arm64 (1.24.2-1ubuntu0.5) ...
#13 48.03 Setting up libgl1:arm64 (1.7.0-1build1) ...
#13 48.03 Setting up libtiff-dev:arm64 (4.5.1+git230720-4ubuntu2.5) ...
#13 48.03 Setting up libatspi2.0-0t64:arm64 (2.52.0-1build1) ...
#13 48.04 Setting up python3-gi (3.48.2-1) ...
#13 48.11 Setting up gir1.2-freedesktop-dev:arm64 (1.80.1-1) ...
#13 48.11 Setting up libshout3:arm64 (2.4.6-1build2) ...
#13 48.12 Setting up xclip (0.13-3) ...
#13 48.12 Setting up libxinerama-dev:arm64 (2:1.1.4-3build1) ...
#13 48.12 Setting up librsvg2-common:arm64 (2.58.0+dfsg-1ubuntu0.1) ...
#13 48.12 Setting up x11-utils (7.7+6build2) ...
#13 48.13 Setting up g++-aarch64-linux-gnu (4:13.2.0-7ubuntu1) ...
#13 48.13 Setting up libglx-dev:arm64 (1.7.0-1build1) ...
#13 48.13 Setting up libxi-dev:arm64 (2:1.8.1-1build1) ...
#13 48.13 Setting up gir1.2-rsvg-2.0:arm64 (2.58.0+dfsg-1ubuntu0.1) ...
#13 48.13 Setting up libmount-dev:arm64 (2.39.3-9ubuntu6.6) ...
#13 48.14 Setting up libgl-dev:arm64 (1.7.0-1build1) ...
#13 48.14 Setting up libxtst-dev:arm64 (2:1.2.3-1.1build1) ...
#13 48.14 Setting up libxdamage-dev:arm64 (1:1.1.6-1build1) ...
#13 48.14 Setting up libatk-bridge2.0-0t64:arm64 (2.52.0-1build1) ...
#13 48.14 Setting up libgs10-common (10.02.1~dfsg1-0ubuntu7.9) ...
#13 48.15 Setting up libglib2.0-dev-bin (2.80.0-6ubuntu3.9) ...
#13 48.19 Setting up glib-networking-services (2.80.0-1build1) ...
#13 48.19 Setting up python3-cairo (1.25.1-2build2) ...
#13 48.23 Setting up dconf-gsettings-backend:arm64 (0.40.0-4ubuntu0.1) ...
#13 48.23 Setting up xdotool (1:3.20160805.1-5build1) ...
#13 48.24 Setting up libegl-dev:arm64 (1.7.0-1build1) ...
#13 48.24 Setting up libxdo-dev (1:3.20160805.1-5build1) ...
#13 48.24 Setting up libfontconfig-dev:arm64 (2.15.0-1.1ubuntu2) ...
#13 48.24 Setting up libxcomposite-dev:arm64 (1:0.4.5-1build3) ...
#13 48.24 Setting up libxcursor-dev:arm64 (1:1.2.1-1build1) ...
#13 48.24 Setting up x11-xkb-utils (7.7+8build2) ...
#13 48.25 Setting up libepoxy-dev:arm64 (1.5.10-1build1) ...
#13 48.25 Setting up gir1.2-atspi-2.0:arm64 (2.52.0-1build1) ...
#13 48.25 Setting up libgstreamer-gl1.0-0:arm64 (1.24.2-1ubuntu0.5) ...
#13 48.25 Setting up libglib2.0-dev:arm64 (2.80.0-6ubuntu3.9) ...
#13 48.26 Setting up g++ (4:13.2.0-7ubuntu1) ...
#13 48.26 update-alternatives: using /usr/bin/g++ to provide /usr/bin/c++ (c++) in auto mode
#13 48.26 update-alternatives: warning: skip creation of /usr/share/man/man1/c++.1.gz because associated file /usr/share/man/man1/g++.1.gz (of link group c++) doesn't exist
#13 48.26 Setting up build-essential (12.10ubuntu1) ...
#13 48.26 Setting up libcairo2-dev:arm64 (1.18.0-3build1) ...
#13 48.26 Setting up xserver-common (2:21.1.12-1ubuntu1.8) ...
#13 48.26 Setting up libgles-dev:arm64 (1.7.0-1build1) ...
#13 48.27 Setting up python3-gi-cairo (3.48.2-1) ...
#13 48.27 Setting up libjavascriptcoregtk-4.1-dev:arm64 (2.52.6-0ubuntu0.24.04.1) ...
#13 48.27 Setting up libgtk-3-common (3.24.41-4ubuntu1.3) ...
#13 48.27 Setting up libatk1.0-dev:arm64 (2.52.0-1build1) ...
#13 48.27 Setting up libxft-dev:arm64 (2.3.6-1build1) ...
#13 48.28 Setting up libgs10:arm64 (10.02.1~dfsg1-0ubuntu7.9) ...
#13 48.28 Setting up libgdk-pixbuf-2.0-dev:arm64 (2.42.10+dfsg-3ubuntu3.3) ...
#13 48.28 Setting up gsettings-desktop-schemas (46.1-0ubuntu1) ...
#13 48.28 Setting up libharfbuzz-dev:arm64 (8.3.0-2build2) ...
#13 48.28 Setting up xvfb (2:21.1.12-1ubuntu1.8) ...
#13 48.28 Setting up libglvnd-dev:arm64 (1.7.0-1build1) ...
#13 48.29 Setting up libspectre1:arm64 (0.2.12-1build2) ...
#13 48.29 Setting up libpango1.0-dev:arm64 (1.52.1+ds-1build1) ...
#13 48.29 Setting up at-spi2-core (2.52.0-1build1) ...
#13 48.29 Setting up librsvg2-dev:arm64 (2.58.0+dfsg-1ubuntu0.1) ...
#13 48.30 Setting up glib-networking:arm64 (2.80.0-1build1) ...
#13 48.30 Setting up libegl1-mesa-dev:arm64 (25.2.8-0ubuntu0.24.04.4) ...
#13 48.30 Setting up libsoup-3.0-0:arm64 (3.4.4-5ubuntu0.9) ...
#13 48.30 Setting up gir1.2-soup-3.0:arm64 (3.4.4-5ubuntu0.9) ...
#13 48.31 Setting up gstreamer1.0-plugins-good:arm64 (1.24.2-1ubuntu1.8) ...
#13 48.31 Setting up libsoup-3.0-dev:arm64 (3.4.4-5ubuntu0.9) ...
#13 48.31 Setting up adwaita-icon-theme (46.0-1) ...
#13 48.32 update-alternatives: using /usr/share/icons/Adwaita/cursor.theme to provide /usr/share/icons/default/index.theme (x-cursor-theme) in auto mode
#13 48.32 Setting up libgtk-3-0t64:arm64 (3.24.41-4ubuntu1.3) ...
#13 48.34 Setting up libwnck-3-0:arm64 (43.0-3build4) ...
#13 48.34 Setting up libheif-plugin-aomdec:arm64 (1.17.6-1ubuntu4.9) ...
#13 48.35 Setting up libwebkit2gtk-4.1-0:arm64 (2.52.6-0ubuntu0.24.04.1) ...
#13 48.35 Setting up libdbusmenu-gtk3-4:arm64 (18.10.20180917~bzr492+repack1-3.1ubuntu5) ...
#13 48.35 Setting up libxfce4panel-2.0-4 (4.18.4-1ubuntu0.1) ...
#13 48.36 Setting up libexo-2-0:arm64 (4.18.0-1build4) ...
#13 48.36 Setting up libxfce4ui-2-0:arm64 (4.18.4-1build4) ...
#13 48.36 Setting up libheif1:arm64 (1.17.6-1ubuntu4.9) ...
#13 48.36 Setting up gir1.2-gtk-3.0:arm64 (3.24.41-4ubuntu1.3) ...
#13 48.37 Setting up libayatana-ido3-0.4-0:arm64 (0.10.1-1build2) ...
#13 48.37 Setting up humanity-icon-theme (0.6.16) ...
#13 48.46 Setting up libgarcon-gtk3-1-0:arm64 (4.18.1-1build3) ...
#13 48.47 Setting up gir1.2-ayatanaido3-0.4:arm64 (0.10.1-1build2) ...
#13 48.47 Setting up exo-utils (4.18.0-1build4) ...
#13 48.47 Setting up xfce4-panel (4.18.4-1ubuntu0.1) ...
#13 48.47 Setting up libayatana-indicator3-7:arm64 (0.9.4-1build1) ...
#13 48.47 Setting up libimlib2t64:arm64 (1.12.1-1.1build2) ...
#13 48.48 Setting up gir1.2-webkit2-4.1:arm64 (2.52.6-0ubuntu0.24.04.1) ...
#13 48.48 Setting up ubuntu-mono (24.04-0ubuntu1) ...
#13 48.51 Setting up libayatana-appindicator3-1 (0.5.93-1build3) ...
#13 48.65 Setting up libobrender32v5 (3.6.1-12build5) ...
#13 48.65 Setting up scrot (1.10-1build2) ...
#13 48.65 Setting up gir1.2-ayatanaappindicator3-0.1 (0.5.93-1build3) ...
#13 48.66 Setting up openbox (3.6.1-12build5) ...
#13 48.67 update-alternatives: using /usr/bin/openbox to provide /usr/bin/x-window-manager (x-window-manager) in auto mode
#13 48.67 update-alternatives: warning: skip creation of /usr/share/man/man1/x-window-manager.1.gz because associated file /usr/share/man/man1/openbox.1.gz (of link group x-window-manager) doesn't exist
#13 48.67 update-alternatives: using /usr/bin/openbox-session to provide /usr/bin/x-session-manager (x-session-manager) in auto mode
#13 48.67 update-alternatives: warning: skip creation of /usr/share/man/man1/x-session-manager.1.gz because associated file /usr/share/man/man1/openbox-session.1.gz (of link group x-session-manager) doesn't exist
#13 48.68 Processing triggers for libc-bin (2.39-0ubuntu8.9) ...
#13 48.74 Processing triggers for sgml-base (1.31) ...
#13 48.74 Setting up libdbus-1-dev:arm64 (1.14.10-4ubuntu4.1) ...
#13 48.80 Setting up libatspi2.0-dev:arm64 (2.52.0-1build1) ...
#13 48.80 Setting up libatk-bridge2.0-dev:arm64 (2.52.0-1build1) ...
#13 48.80 Setting up libgtk-3-dev:arm64 (3.24.41-4ubuntu1.3) ...
#13 48.81 Setting up libayatana-ido3-dev (0.10.1-1build2) ...
#13 48.81 Setting up libayatana-indicator3-dev (0.9.4-1build1) ...
#13 48.81 Setting up libwebkit2gtk-4.1-dev (2.52.6-0ubuntu0.24.04.1) ...
#13 48.81 Setting up libayatana-appindicator3-dev (0.5.93-1build3) ...
#13 48.82 Processing triggers for dictionaries-common (1.29.7) ...
#13 48.88 Processing triggers for ca-certificates (20260601~24.04.1) ...
#13 48.88 Updating certificates in /etc/ssl/certs...
#13 49.02 0 added, 0 removed; done.
#13 49.02 Running hooks in /etc/ca-certificates/update.d...
#13 49.02 done.
#13 49.02 Processing triggers for libgdk-pixbuf-2.0-0:arm64 (2.42.10+dfsg-3ubuntu3.3) ...
#13 DONE 49.5s

#14 [stage-2 7/8] WORKDIR /workspace
#14 DONE 0.1s

#15 [stage-2 8/8] RUN rustup component add clippy rustfmt
#15 0.138 info: downloading component 'clippy'
#15 0.300 info: installing component 'clippy'
#15 0.734 info: downloading component 'rustfmt'
#15 0.828 info: installing component 'rustfmt'
#15 DONE 1.3s

#16 exporting to image
#16 exporting layers
#16 exporting layers 26.7s done
#16 exporting manifest sha256:71301daa0bb8c7b16bb3954dcf9ab94bd7c8859b56f6a98e7f86269a9ab58fce done
#16 exporting config sha256:8b743f098346189042c0006d14453d8ec2f966b27ec3bea7947e09f02b645d0d done
#16 exporting attestation manifest sha256:ee49422f888a46111aca7b37a27a737cc8e5b7b06c338cd0673812eb8d93fe51 done
#16 exporting manifest list sha256:21c110bfd24c443a77bc3c39752277097f4f05539925cbbea66c8747b1ea2098 done
#16 naming to docker.io/library/glassboard-linux-test:ubuntu24-review done
#16 unpacking to docker.io/library/glassboard-linux-test:ubuntu24-review
#16 unpacking to docker.io/library/glassboard-linux-test:ubuntu24-review 6.9s done
#16 DONE 33.6s

View build details: docker-desktop://dashboard/build/desktop-linux/desktop-linux/rzmuctrnbm06zrr3kx34vqbnx
