2026-10-08T21:59:59.6789011Z Current runner version: '2.337.0'
2026-10-08T21:59:59.6805643Z ##[group]Runner Image Provisioner
2026-10-08T21:59:59.6806185Z Hosted Compute Agent
2026-10-08T21:59:59.6806505Z Version: 20261002.596
2026-10-08T21:59:59.6806830Z Commit: c3d12f3313a95f25162a1503be624f3b0617f8c0
2026-10-08T21:59:59.6807398Z Build Date: 2026-10-02T22:28:27Z
2026-10-08T21:59:59.6807761Z Worker ID: {7f3536b0-cb22-495e-a1cd-476235850d64}
2026-10-08T21:59:59.6808121Z Region: centralus
2026-10-08T21:59:59.6808438Z Cloud: Azure
2026-10-08T21:59:59.6808720Z ##[endgroup]
2026-10-08T21:59:59.6809480Z ##[group]Operating System
2026-10-08T21:59:59.6809794Z Ubuntu
2026-10-08T21:59:59.6810057Z 22.04.5
2026-10-08T21:59:59.6810352Z LTS
2026-10-08T21:59:59.6810624Z ##[endgroup]
2026-10-08T21:59:59.6810913Z ##[group]Runner Image
2026-10-08T21:59:59.6811230Z Image: ubuntu-22.04
2026-10-08T21:59:59.6811525Z Version: 20261004.315.1
2026-10-08T21:59:59.6812234Z Included Software: https://github.com/actions/runner-images/blob/ubuntu22/20261004.315/images/ubuntu/Ubuntu2204-Readme.md
2026-10-08T21:59:59.6813045Z Image Release: https://github.com/actions/runner-images/releases/tag/ubuntu22%2F20261004.315
2026-10-08T21:59:59.6813560Z ##[endgroup]
2026-10-08T21:59:59.6814194Z ##[group]GITHUB_TOKEN Permissions
2026-10-08T21:59:59.6815292Z Contents: read
2026-10-08T21:59:59.6815596Z Metadata: read
2026-10-08T21:59:59.6815963Z ##[endgroup]
2026-10-08T21:59:59.6817428Z Secret source: Actions
2026-10-08T21:59:59.6817945Z Cache mode: write
2026-10-08T21:59:59.6818317Z Prepare workflow directory
2026-10-08T21:59:59.7039136Z Prepare all required actions
2026-10-08T21:59:59.7068760Z Getting action download info
2026-10-08T21:59:59.9323712Z Download action repository 'actions/checkout@v4' (SHA:11d5960a326750d5838078e36cf38b85af677262)
2026-10-08T22:00:00.8914240Z Download action repository 'actions/setup-node@v4' (SHA:49933ea5288caeca8642d1e84afbd3f7d6820020)
2026-10-08T22:00:01.0279270Z Download action repository 'dtolnay/rust-toolchain@stable' (SHA:89b12181fb390509a0842a86cc55eeb8eb928c1d)
2026-10-08T22:00:01.2083485Z Download action repository 'Swatinem/rust-cache@v2' (SHA:6323deb102c322ba6fcbdcafc7e3dddab59af2b6)
2026-10-08T22:00:01.7108261Z Complete job name: desktop (ubuntu-22.04)
2026-10-08T22:00:01.7484174Z ##[group]Run actions/checkout@v4
2026-10-08T22:00:01.7484467Z with:
2026-10-08T22:00:01.7484628Z   ref: c3dd8517e7f1f21147f17b3a288fce21dde8d997
2026-10-08T22:00:01.7484828Z   repository: ImNallen/Glassboard
2026-10-08T22:00:01.7486261Z   token: ***
2026-10-08T22:00:01.7486403Z   ssh-strict: true
2026-10-08T22:00:01.7486545Z   ssh-user: git
2026-10-08T22:00:01.7486693Z   persist-credentials: true
2026-10-08T22:00:01.7486861Z   clean: true
2026-10-08T22:00:01.7487110Z   sparse-checkout-cone-mode: true
2026-10-08T22:00:01.7487282Z   fetch-depth: 1
2026-10-08T22:00:01.7487429Z   fetch-tags: false
2026-10-08T22:00:01.7487571Z   show-progress: true
2026-10-08T22:00:01.7487712Z   lfs: false
2026-10-08T22:00:01.7487845Z   submodules: false
2026-10-08T22:00:01.7487991Z   set-safe-directory: true
2026-10-08T22:00:01.7488173Z   allow-unsafe-pr-checkout: false
2026-10-08T22:00:01.7488412Z ##[endgroup]
2026-10-08T22:00:01.8083225Z Syncing repository: ImNallen/Glassboard
2026-10-08T22:00:01.8084123Z ##[group]Getting Git version info
2026-10-08T22:00:01.8084363Z Working directory is '/home/runner/work/Glassboard/Glassboard'
2026-10-08T22:00:01.8084738Z [command]/usr/bin/git version
2026-10-08T22:00:02.8513675Z git version 2.55.0
2026-10-08T22:00:02.8526063Z ##[endgroup]
2026-10-08T22:00:02.8536306Z Temporarily overriding HOME='/home/runner/work/_temp/1bd55008-dd6d-465b-ae92-0129ba89e7fa' before making global git config changes
2026-10-08T22:00:02.8537161Z Adding repository directory to the temporary git global config as a safe directory
2026-10-08T22:00:02.8540278Z [command]/usr/bin/git config --global --add safe.directory /home/runner/work/Glassboard/Glassboard
2026-10-08T22:00:02.8560464Z Deleting the contents of '/home/runner/work/Glassboard/Glassboard'
2026-10-08T22:00:02.8562867Z ##[group]Initializing the repository
2026-10-08T22:00:02.8565389Z [command]/usr/bin/git init /home/runner/work/Glassboard/Glassboard
2026-10-08T22:00:02.8870094Z hint: Using 'master' as the name for the initial branch. This default branch name
2026-10-08T22:00:02.8870736Z hint: will change to "main" in Git 3.0. To configure the initial branch name
2026-10-08T22:00:02.8871277Z hint: to use in all of your new repositories, which will suppress this warning,
2026-10-08T22:00:02.8871672Z hint: call:
2026-10-08T22:00:02.8871904Z hint:
2026-10-08T22:00:02.8872214Z hint: 	git config --global init.defaultBranch <name>
2026-10-08T22:00:02.8872568Z hint:
2026-10-08T22:00:02.8872934Z hint: Names commonly chosen instead of 'master' are 'main', 'trunk' and
2026-10-08T22:00:02.8873435Z hint: 'development'. The just-created branch can be renamed via this command:
2026-10-08T22:00:02.8873821Z hint:
2026-10-08T22:00:02.8874057Z hint: 	git branch -m <name>
2026-10-08T22:00:02.8874343Z hint:
2026-10-08T22:00:02.8874708Z hint: Disable this message with "git config set advice.defaultBranchName false"
2026-10-08T22:00:02.8875291Z Initialized empty Git repository in /home/runner/work/Glassboard/Glassboard/.git/
2026-10-08T22:00:02.8877169Z [command]/usr/bin/git remote add origin https://github.com/ImNallen/Glassboard
2026-10-08T22:00:02.8894043Z ##[endgroup]
2026-10-08T22:00:02.8894291Z ##[group]Disabling automatic garbage collection
2026-10-08T22:00:02.8896240Z [command]/usr/bin/git config --local gc.auto 0
2026-10-08T22:00:02.8910374Z ##[endgroup]
2026-10-08T22:00:02.8910608Z ##[group]Setting up auth
2026-10-08T22:00:02.8914126Z [command]/usr/bin/git config --local --name-only --get-regexp core\.sshCommand
2026-10-08T22:00:02.8928869Z [command]/usr/bin/git submodule foreach --recursive sh -c "git config --local --name-only --get-regexp 'core\.sshCommand' && git config --local --unset-all 'core.sshCommand' || :"
2026-10-08T22:00:03.0321022Z [command]/usr/bin/git config --local --name-only --get-regexp http\.https\:\/\/github\.com\/\.extraheader
2026-10-08T22:00:03.0336876Z [command]/usr/bin/git submodule foreach --recursive sh -c "git config --local --name-only --get-regexp 'http\.https\:\/\/github\.com\/\.extraheader' && git config --local --unset-all 'http.https://github.com/.extraheader' || :"
2026-10-08T22:00:03.0430940Z [command]/usr/bin/git config --local --name-only --get-regexp ^includeIf\.gitdir:
2026-10-08T22:00:03.0445155Z [command]/usr/bin/git submodule foreach --recursive git config --local --show-origin --name-only --get-regexp remote.origin.url
2026-10-08T22:00:03.0539585Z [command]/usr/bin/git config --local http.https://github.com/.extraheader AUTHORIZATION: basic ***
2026-10-08T22:00:03.0558107Z ##[endgroup]
2026-10-08T22:00:03.0558449Z ##[group]Fetching the repository
2026-10-08T22:00:03.0563131Z [command]/usr/bin/git -c protocol.version=2 fetch --no-tags --prune --no-recurse-submodules --depth=1 origin c3dd8517e7f1f21147f17b3a288fce21dde8d997
2026-10-08T22:00:03.6207880Z From https://github.com/ImNallen/Glassboard
2026-10-08T22:00:03.6208400Z  * branch            c3dd8517e7f1f21147f17b3a288fce21dde8d997 -> FETCH_HEAD
2026-10-08T22:00:03.6210202Z ##[endgroup]
2026-10-08T22:00:03.6210441Z ##[group]Determining the checkout info
2026-10-08T22:00:03.6212136Z ##[endgroup]
2026-10-08T22:00:03.6216177Z [command]/usr/bin/git sparse-checkout disable
2026-10-08T22:00:03.6237627Z [command]/usr/bin/git config --local --unset-all extensions.worktreeConfig
2026-10-08T22:00:03.6251720Z ##[group]Checking out the ref
2026-10-08T22:00:03.6254433Z [command]/usr/bin/git checkout --progress --force c3dd8517e7f1f21147f17b3a288fce21dde8d997
2026-10-08T22:00:03.6330818Z Note: switching to 'c3dd8517e7f1f21147f17b3a288fce21dde8d997'.
2026-10-08T22:00:03.6331076Z 
2026-10-08T22:00:03.6331241Z You are in 'detached HEAD' state. You can look around, make experimental
2026-10-08T22:00:03.6331577Z changes and commit them, and you can discard any commits you make in this
2026-10-08T22:00:03.6331989Z state without impacting any branches by switching back to a branch.
2026-10-08T22:00:03.6332449Z 
2026-10-08T22:00:03.6332620Z If you want to create a new branch to retain commits you create, you may
2026-10-08T22:00:03.6332997Z do so (now or later) by using -c with the switch command. Example:
2026-10-08T22:00:03.6333205Z 
2026-10-08T22:00:03.6333304Z   git switch -c <new-branch-name>
2026-10-08T22:00:03.6333449Z 
2026-10-08T22:00:03.6333530Z Or undo this operation with:
2026-10-08T22:00:03.6333656Z 
2026-10-08T22:00:03.6333726Z   git switch -
2026-10-08T22:00:03.6333851Z 
2026-10-08T22:00:03.6334020Z Turn off this advice by setting config variable advice.detachedHead to false
2026-10-08T22:00:03.6334265Z 
2026-10-08T22:00:03.6334540Z HEAD is now at c3dd851 Merge e221b0e061e1ec632d3ff2b07e5a615e880ce6a2 into 52c73d413d59e780661d0315e1f49ac03f34d0d7
2026-10-08T22:00:03.6335417Z ##[endgroup]
2026-10-08T22:00:03.6355663Z [command]/usr/bin/git log -1 --format=%H
2026-10-08T22:00:03.6367805Z c3dd8517e7f1f21147f17b3a288fce21dde8d997
2026-10-08T22:00:03.6518474Z ##[group]Run actions/setup-node@v4
2026-10-08T22:00:03.6518654Z with:
2026-10-08T22:00:03.6518765Z   node-version: 24
2026-10-08T22:00:03.6518874Z   cache: npm
2026-10-08T22:00:03.6518978Z   always-auth: false
2026-10-08T22:00:03.6519091Z   check-latest: false
2026-10-08T22:00:03.6520412Z   token: ***
2026-10-08T22:00:03.6520554Z ##[endgroup]
2026-10-08T22:00:03.7913952Z Found in cache @ /opt/hostedtoolcache/node/24.21.0/x64
2026-10-08T22:00:03.7916453Z (node:1840) [DEP0040] DeprecationWarning: The `punycode` module is deprecated. Please use a userland alternative instead.
2026-10-08T22:00:03.7916801Z (Use `node --trace-deprecation ...` to show where the warning was created)
2026-10-08T22:00:03.7918502Z ##[group]Environment details
2026-10-08T22:00:05.9207971Z node: v24.21.0
2026-10-08T22:00:05.9208235Z npm: 11.19.0
2026-10-08T22:00:05.9208413Z yarn: 1.22.22
2026-10-08T22:00:05.9209046Z ##[endgroup]
2026-10-08T22:00:05.9221593Z [command]/opt/hostedtoolcache/node/24.21.0/x64/bin/npm config get cache
2026-10-08T22:00:06.0984444Z /home/runner/.npm
2026-10-08T22:00:06.2633110Z npm cache is not found
2026-10-08T22:00:06.2778208Z ##[group]Run dtolnay/rust-toolchain@stable
2026-10-08T22:00:06.2778371Z with:
2026-10-08T22:00:06.2778489Z   components: rustfmt, clippy
2026-10-08T22:00:06.2778621Z   toolchain: stable
2026-10-08T22:00:06.2778741Z ##[endgroup]
2026-10-08T22:00:06.2820138Z ##[start-action display=Parse toolchain version;id=__dtolnay_rust-toolchain.parse]
2026-10-08T22:00:06.2852846Z ##[group]Run if [[ -z $toolchain ]]; then
2026-10-08T22:00:06.2853065Z if [[ -z $toolchain ]]; then
2026-10-08T22:00:06.2853364Z   # GitHub does not enforce `required: true` inputs itself. https://github.com/actions/runner/issues/1070
2026-10-08T22:00:06.2853664Z   echo "'toolchain' is a required input" >&2
2026-10-08T22:00:06.2853826Z   exit 1
2026-10-08T22:00:06.2854012Z elif [[ $toolchain =~ ^stable' '[0-9]+' '(year|month|week|day)s?' 'ago$ ]]; then
2026-10-08T22:00:06.2854237Z   if [[ Linux == macOS ]]; then
2026-10-08T22:00:06.2854564Z     echo "toolchain=1.$((($(date -v-$(sed 's/stable \([0-9]*\) \(.\).*/\1\2/' <<< $toolchain) +%s)/60/60/24-16569)/7/6))" >> $GITHUB_OUTPUT
2026-10-08T22:00:06.2854838Z   else
2026-10-08T22:00:06.2855056Z     echo "toolchain=1.$((($(date --date "${toolchain#stable }" +%s)/60/60/24-16569)/7/6))" >> $GITHUB_OUTPUT
2026-10-08T22:00:06.2855297Z   fi
2026-10-08T22:00:06.2855465Z elif [[ $toolchain =~ ^stable' 'minus' '[0-9]+' 'releases?$ ]]; then
2026-10-08T22:00:06.2855752Z   echo "toolchain=1.$((($(date +%s)/60/60/24-16569)/7/6-${toolchain//[^0-9]/}))" >> $GITHUB_OUTPUT
2026-10-08T22:00:06.2856000Z elif [[ $toolchain =~ ^1\.[0-9]+$ ]]; then
2026-10-08T22:00:06.2856285Z   echo "toolchain=1.$((i=${toolchain#1.}, c=($(date +%s)/60/60/24-16569)/7/6, i+9*i*(10*i<=c)+90*i*(100*i<=c)))" >> $GITHUB_OUTPUT
2026-10-08T22:00:06.2856546Z else
2026-10-08T22:00:06.2856805Z   echo "toolchain=$toolchain" >> $GITHUB_OUTPUT
2026-10-08T22:00:06.2857082Z fi
2026-10-08T22:00:06.6780138Z shell: /usr/bin/bash --noprofile --norc -e -o pipefail {0}
2026-10-08T22:00:06.6780352Z env:
2026-10-08T22:00:06.6780467Z   toolchain: stable
2026-10-08T22:00:06.6780586Z ##[endgroup]
2026-10-08T22:00:06.6856233Z ##[end-action id=__dtolnay_rust-toolchain.parse;outcome=success;conclusion=success;duration_ms=403]
2026-10-08T22:00:06.6860562Z ##[start-action display=Construct rustup command line;id=__dtolnay_rust-toolchain.flags]
2026-10-08T22:00:06.6872669Z ##[group]Run echo "targets=$(for t in ${targets//,/ }; do echo -n ' --target' $t; done)" >> $GITHUB_OUTPUT
2026-10-08T22:00:06.6873013Z echo "targets=$(for t in ${targets//,/ }; do echo -n ' --target' $t; done)" >> $GITHUB_OUTPUT
2026-10-08T22:00:06.6873339Z echo "components=$(for c in ${components//,/ }; do echo -n ' --component' $c; done)" >> $GITHUB_OUTPUT
2026-10-08T22:00:06.6873593Z echo "downgrade=" >> $GITHUB_OUTPUT
2026-10-08T22:00:06.6891369Z shell: /usr/bin/bash --noprofile --norc -e -o pipefail {0}
2026-10-08T22:00:06.6891542Z env:
2026-10-08T22:00:06.6891644Z   targets: 
2026-10-08T22:00:06.6891756Z   components: rustfmt, clippy
2026-10-08T22:00:06.6891883Z ##[endgroup]
2026-10-08T22:00:06.6926050Z ##[end-action id=__dtolnay_rust-toolchain.flags;outcome=success;conclusion=success;duration_ms=6]
2026-10-08T22:00:06.6947183Z ##[start-action display=Set $CARGO_HOME;id=__dtolnay_rust-toolchain.__run]
2026-10-08T22:00:06.6960288Z ##[group]Run echo CARGO_HOME=${CARGO_HOME:-"$HOME/.cargo"} >> $GITHUB_ENV
2026-10-08T22:00:06.6960547Z echo CARGO_HOME=${CARGO_HOME:-"$HOME/.cargo"} >> $GITHUB_ENV
2026-10-08T22:00:06.6976757Z shell: /usr/bin/bash --noprofile --norc -e -o pipefail {0}
2026-10-08T22:00:06.6977067Z ##[endgroup]
2026-10-08T22:00:06.7007736Z ##[end-action id=__dtolnay_rust-toolchain.__run;outcome=success;conclusion=success;duration_ms=6]
2026-10-08T22:00:06.7008966Z ##[start-action display=Install rustup if needed;id=__dtolnay_rust-toolchain.__run_2]
2026-10-08T22:00:06.7021435Z ##[group]Run if ! command -v rustup &>/dev/null; then
2026-10-08T22:00:06.7021628Z if ! command -v rustup &>/dev/null; then
2026-10-08T22:00:06.7022018Z   curl --proto '=https' --tlsv1.2 --retry 10 --retry-connrefused --location --silent --show-error --fail https://sh.rustup.rs | sh -s -- --default-toolchain none -y
2026-10-08T22:00:06.7022390Z   echo "$CARGO_HOME/bin" >> $GITHUB_PATH
2026-10-08T22:00:06.7022538Z fi
2026-10-08T22:00:06.7038196Z shell: /usr/bin/bash --noprofile --norc -e -o pipefail {0}
2026-10-08T22:00:06.7038366Z env:
2026-10-08T22:00:06.7038474Z   CARGO_HOME: /home/runner/.cargo
2026-10-08T22:00:06.7038603Z ##[endgroup]
2026-10-08T22:00:06.7068012Z ##[end-action id=__dtolnay_rust-toolchain.__run_2;outcome=success;conclusion=success;duration_ms=5]
2026-10-08T22:00:06.7069276Z ##[start-action display=Install rustup if needed on windows;id=__dtolnay_rust-toolchain.__run_3]
2026-10-08T22:00:06.7072050Z ##[end-action id=__dtolnay_rust-toolchain.__run_3;outcome=skipped;conclusion=skipped;duration_ms=0]
2026-10-08T22:00:06.7078046Z ##[start-action display=rustup toolchain install stable;id=__dtolnay_rust-toolchain.__run_4]
2026-10-08T22:00:06.7088101Z ##[group]Run log=$(mktemp)
2026-10-08T22:00:06.7088248Z log=$(mktemp)
2026-10-08T22:00:06.7088373Z trap 'rm -f "$log"' EXIT
2026-10-08T22:00:06.7088513Z for attempt in 1 2 3 4 5; do
2026-10-08T22:00:06.7088854Z   if rustup toolchain install stable --component rustfmt --component clippy --profile minimal --no-self-update --force-non-host 2>&1 | tee "$log"; then
2026-10-08T22:00:06.7089183Z     break
2026-10-08T22:00:06.7089288Z   else
2026-10-08T22:00:06.7089390Z     status=$?
2026-10-08T22:00:06.7089576Z   fi
2026-10-08T22:00:06.7089779Z   if [[ $attempt == 5 ]] || ! grep -Fq 'checksum failed for ' "$log" \
2026-10-08T22:00:06.7090135Z       || ! grep -Fq 'this is likely due to an ongoing update of the official release server' "$log"; then
2026-10-08T22:00:06.7090375Z     exit "$status"
2026-10-08T22:00:06.7090497Z   fi
2026-10-08T22:00:06.7090682Z   echo "Retrying rustup toolchain install in 30 seconds (retry $attempt of 4)" >&2
2026-10-08T22:00:06.7090894Z   sleep 30
2026-10-08T22:00:06.7091002Z done
2026-10-08T22:00:06.7106656Z shell: /usr/bin/bash --noprofile --norc -e -o pipefail {0}
2026-10-08T22:00:06.7106826Z env:
2026-10-08T22:00:06.7107059Z   CARGO_HOME: /home/runner/.cargo
2026-10-08T22:00:06.7107199Z   RUSTUP_PERMIT_COPY_RENAME: 1
2026-10-08T22:00:06.7107323Z ##[endgroup]
2026-10-08T22:00:10.5475221Z info: syncing channel updates for stable-x86_64-unknown-linux-gnu
2026-10-08T22:00:10.8224208Z info: latest update on 2026-10-01 for version 1.99.0 (b940084d7 2026-09-28)
2026-10-08T22:00:10.8386601Z info: component clippy is up to date
2026-10-08T22:00:10.8386839Z info: component rustfmt is up to date
2026-10-08T22:00:10.8395586Z 
2026-10-08T22:00:10.8443509Z   stable-x86_64-unknown-linux-gnu unchanged - rustc 1.99.0 (b940084d7 2026-09-28)
2026-10-08T22:00:10.8443818Z 
2026-10-08T22:00:10.8470283Z ##[end-action id=__dtolnay_rust-toolchain.__run_4;outcome=success;conclusion=success;duration_ms=4139]
2026-10-08T22:00:10.8474906Z ##[start-action display=rustup default stable;id=__dtolnay_rust-toolchain.__run_5]
2026-10-08T22:00:10.8487154Z ##[group]Run rustup default stable --force-non-host
2026-10-08T22:00:10.8487419Z rustup default stable --force-non-host
2026-10-08T22:00:10.8516764Z shell: /usr/bin/bash --noprofile --norc -e -o pipefail {0}
2026-10-08T22:00:10.8517091Z env:
2026-10-08T22:00:10.8517215Z   CARGO_HOME: /home/runner/.cargo
2026-10-08T22:00:10.8517356Z ##[endgroup]
2026-10-08T22:00:10.8637207Z info: using existing install for stable-x86_64-unknown-linux-gnu
2026-10-08T22:00:10.8642238Z info: default toolchain set to stable-x86_64-unknown-linux-gnu
2026-10-08T22:00:10.8642404Z 
2026-10-08T22:00:10.8683842Z   stable-x86_64-unknown-linux-gnu unchanged - rustc 1.99.0 (b940084d7 2026-09-28)
2026-10-08T22:00:10.8684035Z 
2026-10-08T22:00:10.8691809Z ##[end-action id=__dtolnay_rust-toolchain.__run_5;outcome=success;conclusion=success;duration_ms=21]
2026-10-08T22:00:10.8693144Z ##[start-action display=Create cachekey;id=__dtolnay_rust-toolchain.rustc-version]
2026-10-08T22:00:10.8704340Z ##[group]Run DATE=$(rustc +stable --version --verbose | sed -ne 's/^commit-date: \(20[0-9][0-9]\)-\([01][0-9]\)-\([0-3][0-9]\)$/\1\2\3/p')
2026-10-08T22:00:10.8704796Z DATE=$(rustc +stable --version --verbose | sed -ne 's/^commit-date: \(20[0-9][0-9]\)-\([01][0-9]\)-\([0-3][0-9]\)$/\1\2\3/p')
2026-10-08T22:00:10.8705146Z HASH=$(rustc +stable --version --verbose | sed -ne 's/^commit-hash: //p')
2026-10-08T22:00:10.8705417Z echo "cachekey=$(echo $DATE$HASH | head -c12)" >> $GITHUB_OUTPUT
2026-10-08T22:00:10.8723131Z shell: /usr/bin/bash --noprofile --norc -e -o pipefail {0}
2026-10-08T22:00:10.8723316Z env:
2026-10-08T22:00:10.8723432Z   CARGO_HOME: /home/runner/.cargo
2026-10-08T22:00:10.8723572Z ##[endgroup]
2026-10-08T22:00:10.8889669Z ##[end-action id=__dtolnay_rust-toolchain.rustc-version;outcome=success;conclusion=success;duration_ms=19]
2026-10-08T22:00:10.8891252Z ##[start-action display=Disable incremental compilation;id=__dtolnay_rust-toolchain.__run_6]
2026-10-08T22:00:10.8902384Z ##[group]Run if [ -z "${CARGO_INCREMENTAL+set}" ]; then
2026-10-08T22:00:10.8902598Z if [ -z "${CARGO_INCREMENTAL+set}" ]; then
2026-10-08T22:00:10.8902781Z   echo CARGO_INCREMENTAL=0 >> $GITHUB_ENV
2026-10-08T22:00:10.8902936Z fi
2026-10-08T22:00:10.8927344Z shell: /usr/bin/bash --noprofile --norc -e -o pipefail {0}
2026-10-08T22:00:10.8927523Z env:
2026-10-08T22:00:10.8927637Z   CARGO_HOME: /home/runner/.cargo
2026-10-08T22:00:10.8927777Z ##[endgroup]
2026-10-08T22:00:10.8959810Z ##[end-action id=__dtolnay_rust-toolchain.__run_6;outcome=success;conclusion=success;duration_ms=6]
2026-10-08T22:00:10.8961096Z ##[start-action display=Enable colors in Cargo output;id=__dtolnay_rust-toolchain.__run_7]
2026-10-08T22:00:10.8970869Z ##[group]Run if [ -z "${CARGO_TERM_COLOR+set}" ]; then
2026-10-08T22:00:10.8971076Z if [ -z "${CARGO_TERM_COLOR+set}" ]; then
2026-10-08T22:00:10.8971261Z   echo CARGO_TERM_COLOR=always >> $GITHUB_ENV
2026-10-08T22:00:10.8971428Z fi
2026-10-08T22:00:10.8988231Z shell: /usr/bin/bash --noprofile --norc -e -o pipefail {0}
2026-10-08T22:00:10.8988412Z env:
2026-10-08T22:00:10.8988528Z   CARGO_HOME: /home/runner/.cargo
2026-10-08T22:00:10.8988670Z   CARGO_INCREMENTAL: 0
2026-10-08T22:00:10.8988793Z ##[endgroup]
2026-10-08T22:00:10.9019318Z ##[end-action id=__dtolnay_rust-toolchain.__run_7;outcome=success;conclusion=success;duration_ms=5]
2026-10-08T22:00:10.9020507Z ##[start-action display=Enable Cargo sparse registry;id=__dtolnay_rust-toolchain.__run_8]
2026-10-08T22:00:10.9031411Z ##[group]Run # implemented in 1.66, stabilized in 1.68, made default in 1.70
2026-10-08T22:00:10.9031745Z # implemented in 1.66, stabilized in 1.68, made default in 1.70
2026-10-08T22:00:10.9032197Z if [ -z "${CARGO_REGISTRIES_CRATES_IO_PROTOCOL+set}" -o -f "/home/runner/work/_temp"/.implicit_cargo_registries_crates_io_protocol ]; then
2026-10-08T22:00:10.9032641Z   if rustc +stable --version --verbose | grep -q '^release: 1\.6[89]\.'; then
2026-10-08T22:00:10.9033032Z     touch "/home/runner/work/_temp"/.implicit_cargo_registries_crates_io_protocol || true
2026-10-08T22:00:10.9033368Z     echo CARGO_REGISTRIES_CRATES_IO_PROTOCOL=sparse >> $GITHUB_ENV
2026-10-08T22:00:10.9033689Z   elif rustc +stable --version --verbose | grep -q '^release: 1\.6[67]\.'; then
2026-10-08T22:00:10.9034064Z     touch "/home/runner/work/_temp"/.implicit_cargo_registries_crates_io_protocol || true
2026-10-08T22:00:10.9034398Z     echo CARGO_REGISTRIES_CRATES_IO_PROTOCOL=git >> $GITHUB_ENV
2026-10-08T22:00:10.9034708Z   fi
2026-10-08T22:00:10.9034872Z fi
2026-10-08T22:00:10.9051828Z shell: /usr/bin/bash --noprofile --norc -e -o pipefail {0}
2026-10-08T22:00:10.9052055Z env:
2026-10-08T22:00:10.9052228Z   CARGO_HOME: /home/runner/.cargo
2026-10-08T22:00:10.9052421Z   CARGO_INCREMENTAL: 0
2026-10-08T22:00:10.9052586Z   CARGO_TERM_COLOR: always
2026-10-08T22:00:10.9052783Z ##[endgroup]
2026-10-08T22:00:10.9224673Z ##[end-action id=__dtolnay_rust-toolchain.__run_8;outcome=success;conclusion=success;duration_ms=20]
2026-10-08T22:00:10.9226210Z ##[start-action display=Work around spurious network errors in curl 8.0;id=__dtolnay_rust-toolchain.__run_9]
2026-10-08T22:00:10.9238694Z ##[group]Run # https://rust-lang.zulipchat.com/#narrow/stream/246057-t-cargo/topic/timeout.20investigation
2026-10-08T22:00:10.9239106Z # https://rust-lang.zulipchat.com/#narrow/stream/246057-t-cargo/topic/timeout.20investigation
2026-10-08T22:00:10.9239473Z if rustc +stable --version --verbose | grep -q '^release: 1\.7[01]\.'; then
2026-10-08T22:00:10.9239732Z   echo CARGO_HTTP_MULTIPLEXING=false >> $GITHUB_ENV
2026-10-08T22:00:10.9239907Z fi
2026-10-08T22:00:10.9263987Z shell: /usr/bin/bash --noprofile --norc -e -o pipefail {0}
2026-10-08T22:00:10.9264173Z env:
2026-10-08T22:00:10.9264292Z   CARGO_HOME: /home/runner/.cargo
2026-10-08T22:00:10.9264458Z   CARGO_INCREMENTAL: 0
2026-10-08T22:00:10.9264595Z   CARGO_TERM_COLOR: always
2026-10-08T22:00:10.9264724Z ##[endgroup]
2026-10-08T22:00:10.9359051Z ##[end-action id=__dtolnay_rust-toolchain.__run_9;outcome=success;conclusion=success;duration_ms=13]
2026-10-08T22:00:10.9361334Z ##[start-action display=rustc +stable --version --verbose;id=__dtolnay_rust-toolchain.__run_10]
2026-10-08T22:00:10.9372042Z ##[group]Run rustc +stable --version --verbose
2026-10-08T22:00:10.9372234Z rustc +stable --version --verbose
2026-10-08T22:00:10.9390135Z shell: /usr/bin/bash --noprofile --norc -e -o pipefail {0}
2026-10-08T22:00:10.9390326Z env:
2026-10-08T22:00:10.9390444Z   CARGO_HOME: /home/runner/.cargo
2026-10-08T22:00:10.9390585Z   CARGO_INCREMENTAL: 0
2026-10-08T22:00:10.9390711Z   CARGO_TERM_COLOR: always
2026-10-08T22:00:10.9390841Z ##[endgroup]
2026-10-08T22:00:10.9472837Z rustc 1.99.0 (b940084d7 2026-09-28)
2026-10-08T22:00:10.9473164Z binary: rustc
2026-10-08T22:00:10.9473399Z commit-hash: b940084d7eb6a299eb4bfeb8e34901bc051e7ac4
2026-10-08T22:00:10.9473695Z commit-date: 2026-09-28
2026-10-08T22:00:10.9474019Z host: x86_64-unknown-linux-gnu
2026-10-08T22:00:10.9474277Z release: 1.99.0
2026-10-08T22:00:10.9474530Z LLVM version: 23.1.1
2026-10-08T22:00:10.9482650Z ##[end-action id=__dtolnay_rust-toolchain.__run_10;outcome=success;conclusion=success;duration_ms=12]
2026-10-08T22:00:10.9522350Z ##[group]Run sudo apt-get update
2026-10-08T22:00:10.9522524Z sudo apt-get update
2026-10-08T22:00:10.9523046Z sudo apt-get install -y libwebkit2gtk-4.1-dev libayatana-appindicator3-dev librsvg2-dev patchelf pkg-config libclang-dev libxcb1-dev libxrandr-dev libdbus-1-dev libpipewire-0.3-dev libwayland-dev libegl-dev libgbm-dev libssl-dev
2026-10-08T22:00:10.9544204Z shell: /usr/bin/bash -e {0}
2026-10-08T22:00:10.9544360Z env:
2026-10-08T22:00:10.9544476Z   CARGO_HOME: /home/runner/.cargo
2026-10-08T22:00:10.9544625Z   CARGO_INCREMENTAL: 0
2026-10-08T22:00:10.9544754Z   CARGO_TERM_COLOR: always
2026-10-08T22:00:10.9544885Z ##[endgroup]
2026-10-08T22:00:11.1623936Z Get:1 file:/etc/apt/apt-mirrors.txt Mirrorlist [144 B]
2026-10-08T22:00:11.2080292Z Hit:2 http://azure.archive.ubuntu.com/ubuntu jammy InRelease
2026-10-08T22:00:11.2087090Z Get:3 http://azure.archive.ubuntu.com/ubuntu jammy-updates InRelease [128 kB]
2026-10-08T22:00:11.2109283Z Get:4 http://azure.archive.ubuntu.com/ubuntu jammy-backports InRelease [127 kB]
2026-10-08T22:00:11.2119925Z Get:5 http://azure.archive.ubuntu.com/ubuntu jammy-security InRelease [129 kB]
2026-10-08T22:00:11.2138182Z Get:6 https://packages.microsoft.com/ubuntu/22.04/prod jammy InRelease [3632 B]
2026-10-08T22:00:11.3926424Z Get:7 http://azure.archive.ubuntu.com/ubuntu jammy-updates/main amd64 Packages [3907 kB]
2026-10-08T22:00:11.4098314Z Get:8 http://azure.archive.ubuntu.com/ubuntu jammy-updates/main Translation-en [576 kB]
2026-10-08T22:00:11.4101892Z Get:9 http://azure.archive.ubuntu.com/ubuntu jammy-updates/restricted amd64 Packages [6740 kB]
2026-10-08T22:00:11.4297110Z Get:10 http://azure.archive.ubuntu.com/ubuntu jammy-updates/restricted Translation-en [1294 kB]
2026-10-08T22:00:11.4362990Z Get:11 http://azure.archive.ubuntu.com/ubuntu jammy-updates/universe amd64 Packages [1286 kB]
2026-10-08T22:00:11.4382326Z Get:12 http://azure.archive.ubuntu.com/ubuntu jammy-updates/universe Translation-en [325 kB]
2026-10-08T22:00:11.4397411Z Get:13 http://azure.archive.ubuntu.com/ubuntu jammy-updates/multiverse amd64 Packages [86.1 kB]
2026-10-08T22:00:11.4407923Z Get:14 http://azure.archive.ubuntu.com/ubuntu jammy-updates/multiverse Translation-en [16.6 kB]
2026-10-08T22:00:11.4728332Z Get:15 http://azure.archive.ubuntu.com/ubuntu jammy-security/main amd64 Packages [3641 kB]
2026-10-08T22:00:11.4829807Z Get:16 http://azure.archive.ubuntu.com/ubuntu jammy-security/main Translation-en [509 kB]
2026-10-08T22:00:11.5161417Z Get:21 https://packages.microsoft.com/ubuntu/22.04/prod jammy/main amd64 Packages [815 kB]
2026-10-08T22:00:11.5283311Z Get:17 http://azure.archive.ubuntu.com/ubuntu jammy-security/restricted amd64 Packages [6476 kB]
2026-10-08T22:00:11.5352353Z Get:22 https://packages.microsoft.com/ubuntu/22.04/prod jammy/main arm64 Packages [568 kB]
2026-10-08T22:00:11.5505552Z Get:18 http://azure.archive.ubuntu.com/ubuntu jammy-security/restricted Translation-en [1246 kB]
2026-10-08T22:00:11.5551014Z Get:19 http://azure.archive.ubuntu.com/ubuntu jammy-security/universe amd64 Packages [1053 kB]
2026-10-08T22:00:11.5592250Z Get:20 http://azure.archive.ubuntu.com/ubuntu jammy-security/universe Translation-en [237 kB]
2026-10-08T22:00:18.8858600Z Fetched 29.2 MB in 2s (12.3 MB/s)
2026-10-08T22:00:19.6106214Z Reading package lists...
2026-10-08T22:00:19.6500299Z Reading package lists...
2026-10-08T22:00:19.8266575Z Building dependency tree...
2026-10-08T22:00:19.8274548Z Reading state information...
2026-10-08T22:00:19.9581595Z libxcb1-dev is already the newest version (1.14-3ubuntu3).
2026-10-08T22:00:19.9582150Z libxcb1-dev set to manually installed.
2026-10-08T22:00:19.9582625Z patchelf is already the newest version (0.14.3-1).
2026-10-08T22:00:19.9583205Z libgbm-dev is already the newest version (23.2.1-1ubuntu3.1~22.04.4).
2026-10-08T22:00:19.9583869Z librsvg2-dev is already the newest version (2.52.5+dfsg-3ubuntu0.2).
2026-10-08T22:00:19.9584419Z librsvg2-dev set to manually installed.
2026-10-08T22:00:19.9585456Z libssl-dev is already the newest version (3.0.2-0ubuntu1.30).
2026-10-08T22:00:19.9586093Z The following additional packages will be installed:
2026-10-08T22:00:19.9586734Z   bubblewrap gir1.2-atk-1.0 gir1.2-atspi-2.0 gir1.2-ayatanaappindicator3-0.1
2026-10-08T22:00:19.9587504Z   gir1.2-ayatanaido3-0.4 gir1.2-dazzle-1.0 gir1.2-dbusmenu-glib-0.4
2026-10-08T22:00:19.9588156Z   gir1.2-gtk-3.0 gir1.2-harfbuzz-0.0 gir1.2-json-1.0 gir1.2-pango-1.0
2026-10-08T22:00:19.9588856Z   gir1.2-polkit-1.0 gir1.2-soup-3.0 gstreamer1.0-gl gstreamer1.0-plugins-base
2026-10-08T22:00:19.9589531Z   gstreamer1.0-plugins-good gstreamer1.0-x libaa1 libasyncns0
2026-10-08T22:00:19.9590137Z   libatk-bridge2.0-dev libatk1.0-dev libatspi2.0-dev libavc1394-0
2026-10-08T22:00:19.9590706Z   libayatana-appindicator3-1 libayatana-ido3-0.4-0 libayatana-ido3-dev
2026-10-08T22:00:19.9591381Z   libayatana-indicator3-7 libayatana-indicator3-dev libcaca0 libcdparanoia0
2026-10-08T22:00:19.9592017Z   libclang-14-dev libdatrie-dev libdazzle-1.0-0 libdazzle-1.0-dev
2026-10-08T22:00:19.9592547Z   libdazzle-common libdbus-glib-1-dev libdbus-glib-1-dev-bin
2026-10-08T22:00:19.9593051Z   libdbusmenu-glib-dev libdv4 libegl-mesa0 libegl1 libegl1-mesa-dev
2026-10-08T22:00:19.9593629Z   libepoxy-dev libevdev2 libflac8 libfribidi-dev libgl-dev libgles-dev
2026-10-08T22:00:19.9594143Z   libgles1 libgles2 libglvnd-core-dev libglvnd-dev libglx-dev
2026-10-08T22:00:19.9594637Z   libgraphene-1.0-0 libgraphite2-dev libgstreamer-gl1.0-0
2026-10-08T22:00:19.9595271Z   libgstreamer-plugins-base1.0-0 libgstreamer-plugins-good1.0-0 libgtk-3-dev
2026-10-08T22:00:19.9595927Z   libharfbuzz-dev libharfbuzz-gobject0 libharfbuzz-icu0 libhyphen0
2026-10-08T22:00:19.9596661Z   libiec61883-0 libjack-jackd2-0 libjavascriptcoregtk-4.1-0
2026-10-08T22:00:19.9597196Z   libjavascriptcoregtk-4.1-dev libjson-glib-dev libmanette-0.2-0 libmp3lame0
2026-10-08T22:00:19.9597642Z   libmpg123-0 libnghttp2-dev libopengl-dev libopengl0 libopus0 liborc-0.4-0
2026-10-08T22:00:19.9598058Z   libpango1.0-dev libpangoxft-1.0-0 libpipewire-0.3-0 libpipewire-0.3-common
2026-10-08T22:00:19.9598346Z   libpipewire-0.3-modules libpolkit-gobject-1-dev libpsl-dev libpulse0
2026-10-08T22:00:19.9598615Z   libraw1394-11 libsamplerate0 libshout3 libsndfile1 libsoup-3.0-0
2026-10-08T22:00:19.9598871Z   libsoup-3.0-common libsoup-3.0-dev libspa-0.2-dev libspa-0.2-modules
2026-10-08T22:00:19.9599128Z   libspeex1 libsysprof-4 libsysprof-4-dev libsysprof-ui-4 libtag1v5
2026-10-08T22:00:19.9599406Z   libtag1v5-vanilla libthai-dev libtheora0 libtwolame0 libv4l-0 libv4lconvert0
2026-10-08T22:00:19.9599684Z   libvisual-0.4-0 libvorbisenc2 libvpx7 libwavpack1 libwayland-bin
2026-10-08T22:00:19.9600093Z   libwebkit2gtk-4.1-0 libwebrtc-audio-processing1 libwoff1 libxcomposite-dev
2026-10-08T22:00:19.9600373Z   libxcursor-dev libxdamage-dev libxfixes-dev libxft-dev libxi-dev
2026-10-08T22:00:19.9600656Z   libxinerama-dev libxkbcommon-dev libxtst-dev libxv1 pango1.0-tools pipewire
2026-10-08T22:00:19.9600959Z   pipewire-bin pipewire-media-session rtkit wayland-protocols xdg-dbus-proxy
2026-10-08T22:00:19.9601210Z   xdg-desktop-portal xdg-desktop-portal-gtk
2026-10-08T22:00:19.9601379Z Suggested packages:
2026-10-08T22:00:19.9601793Z   gvfs libdatrie-doc libdazzle-doc libdazzle-tools libdv-bin oss-compat
2026-10-08T22:00:19.9602054Z   libgraphite2-utils libvisual-0.4-plugins libgtk-3-doc jackd2
2026-10-08T22:00:19.9602318Z   libjson-glib-doc libnghttp2-doc opus-tools libpango1.0-doc pipewire-doc
2026-10-08T22:00:19.9602604Z   pulseaudio libraw1394-doc libsoup-3.0-doc speex libthai-doc libwayland-doc
2026-10-08T22:00:19.9602899Z   gstreamer1.0-libav gstreamer1.0-plugins-bad gstreamer1.0-alsa graphicsmagick
2026-10-08T22:00:19.9603153Z   accountsservice evince xdg-desktop-portal-gnome
2026-10-08T22:00:20.0893745Z The following packages will be REMOVED:
2026-10-08T22:00:20.0894601Z   pkgconf r-base-dev
2026-10-08T22:00:20.0894988Z The following NEW packages will be installed:
2026-10-08T22:00:20.0896168Z   bubblewrap gir1.2-atk-1.0 gir1.2-atspi-2.0 gir1.2-ayatanaappindicator3-0.1
2026-10-08T22:00:20.0896856Z   gir1.2-ayatanaido3-0.4 gir1.2-dazzle-1.0 gir1.2-dbusmenu-glib-0.4
2026-10-08T22:00:20.0897607Z   gir1.2-gtk-3.0 gir1.2-harfbuzz-0.0 gir1.2-json-1.0 gir1.2-pango-1.0
2026-10-08T22:00:20.0898272Z   gir1.2-polkit-1.0 gir1.2-soup-3.0 gstreamer1.0-gl gstreamer1.0-plugins-base
2026-10-08T22:00:20.0898960Z   gstreamer1.0-plugins-good gstreamer1.0-x libaa1 libasyncns0
2026-10-08T22:00:20.0899590Z   libatk-bridge2.0-dev libatk1.0-dev libatspi2.0-dev libavc1394-0
2026-10-08T22:00:20.0900188Z   libayatana-appindicator3-1 libayatana-appindicator3-dev
2026-10-08T22:00:20.0900766Z   libayatana-ido3-0.4-0 libayatana-ido3-dev libayatana-indicator3-7
2026-10-08T22:00:20.0901366Z   libayatana-indicator3-dev libcaca0 libcdparanoia0 libclang-14-dev
2026-10-08T22:00:20.0901959Z   libclang-dev libdatrie-dev libdazzle-1.0-0 libdazzle-1.0-dev
2026-10-08T22:00:20.0902571Z   libdazzle-common libdbus-1-dev libdbus-glib-1-dev libdbus-glib-1-dev-bin
2026-10-08T22:00:20.0903279Z   libdbusmenu-glib-dev libdv4 libegl-dev libegl-mesa0 libegl1 libegl1-mesa-dev
2026-10-08T22:00:20.0903954Z   libepoxy-dev libevdev2 libflac8 libfribidi-dev libgl-dev libgles-dev
2026-10-08T22:00:20.0904546Z   libgles1 libgles2 libglvnd-core-dev libglvnd-dev libglx-dev
2026-10-08T22:00:20.0905074Z   libgraphene-1.0-0 libgraphite2-dev libgstreamer-gl1.0-0
2026-10-08T22:00:20.0905706Z   libgstreamer-plugins-base1.0-0 libgstreamer-plugins-good1.0-0 libgtk-3-dev
2026-10-08T22:00:20.0906382Z   libharfbuzz-dev libharfbuzz-gobject0 libharfbuzz-icu0 libhyphen0
2026-10-08T22:00:20.0907050Z   libiec61883-0 libjack-jackd2-0 libjavascriptcoregtk-4.1-0
2026-10-08T22:00:20.0907724Z   libjavascriptcoregtk-4.1-dev libjson-glib-dev libmanette-0.2-0 libmp3lame0
2026-10-08T22:00:20.0908457Z   libmpg123-0 libnghttp2-dev libopengl-dev libopengl0 libopus0 liborc-0.4-0
2026-10-08T22:00:20.0909189Z   libpango1.0-dev libpangoxft-1.0-0 libpipewire-0.3-0 libpipewire-0.3-common
2026-10-08T22:00:20.0909906Z   libpipewire-0.3-dev libpipewire-0.3-modules libpolkit-gobject-1-dev
2026-10-08T22:00:20.0910589Z   libpsl-dev libpulse0 libraw1394-11 libsamplerate0 libshout3 libsndfile1
2026-10-08T22:00:20.0911110Z   libsoup-3.0-0 libsoup-3.0-common libsoup-3.0-dev libspa-0.2-dev
2026-10-08T22:00:20.0911669Z   libspa-0.2-modules libspeex1 libsysprof-4 libsysprof-4-dev libsysprof-ui-4
2026-10-08T22:00:20.0912262Z   libtag1v5 libtag1v5-vanilla libthai-dev libtheora0 libtwolame0 libv4l-0
2026-10-08T22:00:20.0912744Z   libv4lconvert0 libvisual-0.4-0 libvorbisenc2 libvpx7 libwavpack1
2026-10-08T22:00:20.0913196Z   libwayland-bin libwayland-dev libwebkit2gtk-4.1-0 libwebkit2gtk-4.1-dev
2026-10-08T22:00:20.0913676Z   libwebrtc-audio-processing1 libwoff1 libxcomposite-dev libxcursor-dev
2026-10-08T22:00:20.0914139Z   libxdamage-dev libxfixes-dev libxft-dev libxi-dev libxinerama-dev
2026-10-08T22:00:20.0914608Z   libxkbcommon-dev libxrandr-dev libxtst-dev libxv1 pango1.0-tools pipewire
2026-10-08T22:00:20.0915101Z   pipewire-bin pipewire-media-session pkg-config rtkit wayland-protocols
2026-10-08T22:00:20.0915543Z   xdg-dbus-proxy xdg-desktop-portal xdg-desktop-portal-gtk
2026-10-08T22:00:20.1012258Z 0 upgraded, 140 newly installed, 2 to remove and 29 not upgraded.
2026-10-08T22:00:20.1012839Z Need to get 80.9 MB of archives.
2026-10-08T22:00:20.1013249Z After this operation, 462 MB of additional disk space will be used.
2026-10-08T22:00:20.1013661Z Get:1 file:/etc/apt/apt-mirrors.txt Mirrorlist [144 B]
2026-10-08T22:00:20.1723388Z Get:2 http://azure.archive.ubuntu.com/ubuntu jammy/main amd64 pkg-config amd64 0.29.2-1ubuntu3 [48.2 kB]
2026-10-08T22:00:20.2061852Z Get:3 http://azure.archive.ubuntu.com/ubuntu jammy-updates/main amd64 bubblewrap amd64 0.6.1-1ubuntu0.3 [46.3 kB]
2026-10-08T22:00:20.2411201Z Get:4 http://azure.archive.ubuntu.com/ubuntu jammy/main amd64 gir1.2-atk-1.0 amd64 2.36.0-3build1 [21.0 kB]
2026-10-08T22:00:20.2754873Z Get:5 http://azure.archive.ubuntu.com/ubuntu jammy/main amd64 gir1.2-atspi-2.0 amd64 2.44.0-3 [18.1 kB]
2026-10-08T22:00:20.3100164Z Get:6 http://azure.archive.ubuntu.com/ubuntu jammy-updates/main amd64 gir1.2-harfbuzz-0.0 amd64 2.7.4-1ubuntu3.2 [31.6 kB]
2026-10-08T22:00:20.3444639Z Get:7 http://azure.archive.ubuntu.com/ubuntu jammy-updates/main amd64 libpangoxft-1.0-0 amd64 1.50.6+ds-2ubuntu1 [31.0 kB]
2026-10-08T22:00:20.3787901Z Get:8 http://azure.archive.ubuntu.com/ubuntu jammy-updates/main amd64 gir1.2-pango-1.0 amd64 1.50.6+ds-2ubuntu1 [44.0 kB]
2026-10-08T22:00:20.4132609Z Get:9 http://azure.archive.ubuntu.com/ubuntu jammy-updates/main amd64 gir1.2-gtk-3.0 amd64 3.24.33-1ubuntu2.2 [240 kB]
2026-10-08T22:00:20.4482372Z Get:10 http://azure.archive.ubuntu.com/ubuntu jammy/main amd64 libayatana-ido3-0.4-0 amd64 0.9.1-1 [61.0 kB]
2026-10-08T22:00:20.4824978Z Get:11 http://azure.archive.ubuntu.com/ubuntu jammy/main amd64 libayatana-indicator3-7 amd64 0.9.1-1 [33.6 kB]
2026-10-08T22:00:20.5166361Z Get:12 http://azure.archive.ubuntu.com/ubuntu jammy/main amd64 libayatana-appindicator3-1 amd64 0.5.90-7ubuntu2 [25.0 kB]
2026-10-08T22:00:20.5508814Z Get:13 http://azure.archive.ubuntu.com/ubuntu jammy/main amd64 gir1.2-ayatanaappindicator3-0.1 amd64 0.5.90-7ubuntu2 [5822 B]
2026-10-08T22:00:20.5849621Z Get:14 http://azure.archive.ubuntu.com/ubuntu jammy/main amd64 gir1.2-ayatanaido3-0.4 amd64 0.9.1-1 [6356 B]
2026-10-08T22:00:20.6189799Z Get:15 http://azure.archive.ubuntu.com/ubuntu jammy/main amd64 libdazzle-common all 3.44.0-1 [3400 B]
2026-10-08T22:00:20.6529637Z Get:16 http://azure.archive.ubuntu.com/ubuntu jammy/main amd64 libdazzle-1.0-0 amd64 3.44.0-1 [356 kB]
2026-10-08T22:00:20.6883819Z Get:17 http://azure.archive.ubuntu.com/ubuntu jammy/main amd64 gir1.2-dazzle-1.0 amd64 3.44.0-1 [36.7 kB]
2026-10-08T22:00:20.7225051Z Get:18 http://azure.archive.ubuntu.com/ubuntu jammy/main amd64 gir1.2-dbusmenu-glib-0.4 amd64 16.04.1+18.10.20180917-0ubuntu8 [6624 B]
2026-10-08T22:00:20.7587692Z Get:19 http://azure.archive.ubuntu.com/ubuntu jammy/main amd64 gir1.2-json-1.0 amd64 1.6.6-1build1 [8874 B]
2026-10-08T22:00:20.8308417Z Get:20 http://azure.archive.ubuntu.com/ubuntu jammy-updates/main amd64 gir1.2-polkit-1.0 amd64 0.105-33ubuntu0.2 [7772 B]
2026-10-08T22:00:20.8621634Z Get:21 http://azure.archive.ubuntu.com/ubuntu jammy-updates/universe amd64 libsoup-3.0-common all 3.0.7-0ubuntu1 [62.1 kB]
2026-10-08T22:00:20.8938071Z Get:22 http://azure.archive.ubuntu.com/ubuntu jammy-updates/universe amd64 libsoup-3.0-0 amd64 3.0.7-0ubuntu1 [278 kB]
2026-10-08T22:00:20.9262528Z Get:23 http://azure.archive.ubuntu.com/ubuntu jammy-updates/universe amd64 gir1.2-soup-3.0 amd64 3.0.7-0ubuntu1 [21.8 kB]
2026-10-08T22:00:20.9571118Z Get:24 http://azure.archive.ubuntu.com/ubuntu jammy/main amd64 libgraphene-1.0-0 amd64 1.10.8-1 [48.2 kB]
2026-10-08T22:00:20.9882864Z Get:25 http://azure.archive.ubuntu.com/ubuntu jammy-updates/main amd64 libegl-mesa0 amd64 23.2.1-1ubuntu3.1~22.04.4 [118 kB]
2026-10-08T22:00:21.0196031Z Get:26 http://azure.archive.ubuntu.com/ubuntu jammy/main amd64 libegl1 amd64 1.4.0-1 [28.6 kB]
2026-10-08T22:00:21.0503841Z Get:27 http://azure.archive.ubuntu.com/ubuntu jammy-updates/main amd64 liborc-0.4-0 amd64 1:0.4.32-2ubuntu0.1 [228 kB]
2026-10-08T22:00:21.0822407Z Get:28 http://azure.archive.ubuntu.com/ubuntu jammy-updates/main amd64 libgstreamer-plugins-base1.0-0 amd64 1.20.1-1ubuntu0.7 [848 kB]
2026-10-08T22:00:21.1194003Z Get:29 http://azure.archive.ubuntu.com/ubuntu jammy-updates/main amd64 libgstreamer-gl1.0-0 amd64 1.20.1-1ubuntu0.7 [204 kB]
2026-10-08T22:00:21.1511135Z Get:30 http://azure.archive.ubuntu.com/ubuntu jammy-updates/main amd64 gstreamer1.0-gl amd64 1.20.1-1ubuntu0.7 [125 kB]
2026-10-08T22:00:21.1825250Z Get:31 http://azure.archive.ubuntu.com/ubuntu jammy/main amd64 libcdparanoia0 amd64 3.10.2+debian-14build2 [49.3 kB]
2026-10-08T22:00:21.2133947Z Get:32 http://azure.archive.ubuntu.com/ubuntu jammy/main amd64 libopus0 amd64 1.3.1-0.1build2 [203 kB]
2026-10-08T22:00:21.2448608Z Get:33 http://azure.archive.ubuntu.com/ubuntu jammy/main amd64 libtheora0 amd64 1.1.1+dfsg.1-15ubuntu4 [209 kB]
2026-10-08T22:00:21.2766560Z Get:34 http://azure.archive.ubuntu.com/ubuntu jammy/main amd64 libvisual-0.4-0 amd64 0.4.0-17build2 [108 kB]
2026-10-08T22:00:21.3078708Z Get:35 http://azure.archive.ubuntu.com/ubuntu jammy/main amd64 libvorbisenc2 amd64 1.3.7-1build2 [82.6 kB]
2026-10-08T22:00:21.3355984Z Get:36 http://azure.archive.ubuntu.com/ubuntu jammy-updates/main amd64 gstreamer1.0-plugins-base amd64 1.20.1-1ubuntu0.7 [712 kB]
2026-10-08T22:00:21.3670527Z Get:37 http://azure.archive.ubuntu.com/ubuntu jammy/main amd64 libaa1 amd64 1.4p5-50build1 [51.9 kB]
2026-10-08T22:00:21.4454078Z Get:38 http://azure.archive.ubuntu.com/ubuntu jammy/main amd64 libraw1394-11 amd64 2.1.2-2build2 [27.0 kB]
2026-10-08T22:00:21.4797168Z Get:39 http://azure.archive.ubuntu.com/ubuntu jammy/main amd64 libavc1394-0 amd64 0.5.4-5build2 [17.0 kB]
2026-10-08T22:00:21.5068573Z Get:40 http://azure.archive.ubuntu.com/ubuntu jammy-updates/main amd64 libcaca0 amd64 0.99.beta19-2.2ubuntu4.2 [224 kB]
2026-10-08T22:00:21.5352968Z Get:41 http://azure.archive.ubuntu.com/ubuntu jammy/main amd64 libdv4 amd64 1.0.0-14build1 [61.9 kB]
2026-10-08T22:00:21.5626644Z Get:42 http://azure.archive.ubuntu.com/ubuntu jammy-updates/main amd64 libflac8 amd64 1.3.3-2ubuntu0.2 [111 kB]
2026-10-08T22:00:21.5903643Z Get:43 http://azure.archive.ubuntu.com/ubuntu jammy-updates/main amd64 libgstreamer-plugins-good1.0-0 amd64 1.20.3-0ubuntu1.10 [31.0 kB]
2026-10-08T22:00:21.6174990Z Get:44 http://azure.archive.ubuntu.com/ubuntu jammy/main amd64 libiec61883-0 amd64 1.2.0-4build3 [25.9 kB]
2026-10-08T22:00:21.6447387Z Get:45 http://azure.archive.ubuntu.com/ubuntu jammy/main amd64 libsamplerate0 amd64 0.2.2-1build1 [1359 kB]
2026-10-08T22:00:21.6809475Z Get:46 http://azure.archive.ubuntu.com/ubuntu jammy/main amd64 libjack-jackd2-0 amd64 1.9.20~dfsg-1 [293 kB]
2026-10-08T22:00:21.7097766Z Get:47 http://azure.archive.ubuntu.com/ubuntu jammy/main amd64 libmp3lame0 amd64 3.100-3build2 [141 kB]
2026-10-08T22:00:21.7374719Z Get:48 http://azure.archive.ubuntu.com/ubuntu jammy-updates/main amd64 libmpg123-0 amd64 1.29.3-1ubuntu0.1 [172 kB]
2026-10-08T22:00:21.7652654Z Get:49 http://azure.archive.ubuntu.com/ubuntu jammy/main amd64 libasyncns0 amd64 0.8-6build2 [12.8 kB]
2026-10-08T22:00:21.7924782Z Get:50 http://azure.archive.ubuntu.com/ubuntu jammy-updates/main amd64 libsndfile1 amd64 1.0.31-2ubuntu0.2 [196 kB]
2026-10-08T22:00:21.8206614Z Get:51 http://azure.archive.ubuntu.com/ubuntu jammy-updates/main amd64 libpulse0 amd64 1:15.99.1+dfsg1-1ubuntu2.2 [298 kB]
2026-10-08T22:00:21.8495343Z Get:52 http://azure.archive.ubuntu.com/ubuntu jammy/main amd64 libspeex1 amd64 1.2~rc1.2-1.1ubuntu3 [57.9 kB]
2026-10-08T22:00:21.8810964Z Get:53 http://azure.archive.ubuntu.com/ubuntu jammy/main amd64 libshout3 amd64 2.4.5-1build3 [54.5 kB]
2026-10-08T22:00:21.9126837Z Get:54 http://azure.archive.ubuntu.com/ubuntu jammy/main amd64 libtag1v5-vanilla amd64 1.11.1+dfsg.1-3ubuntu3 [304 kB]
2026-10-08T22:00:21.9452151Z Get:55 http://azure.archive.ubuntu.com/ubuntu jammy/main amd64 libtag1v5 amd64 1.11.1+dfsg.1-3ubuntu3 [11.5 kB]
2026-10-08T22:00:22.0218548Z Get:56 http://azure.archive.ubuntu.com/ubuntu jammy/main amd64 libtwolame0 amd64 0.4.0-2build2 [52.5 kB]
2026-10-08T22:00:22.0564312Z Get:57 http://azure.archive.ubuntu.com/ubuntu jammy/main amd64 libv4lconvert0 amd64 1.22.1-2build1 [82.4 kB]
2026-10-08T22:00:22.0911400Z Get:58 http://azure.archive.ubuntu.com/ubuntu jammy/main amd64 libv4l-0 amd64 1.22.1-2build1 [44.9 kB]
2026-10-08T22:00:22.1257233Z Get:59 http://azure.archive.ubuntu.com/ubuntu jammy-updates/main amd64 libvpx7 amd64 1.11.0-2ubuntu2.5 [1078 kB]
2026-10-08T22:00:22.1645798Z Get:60 http://azure.archive.ubuntu.com/ubuntu jammy/main amd64 libwavpack1 amd64 5.4.0-1build2 [83.7 kB]
2026-10-08T22:00:22.1995253Z Get:61 http://azure.archive.ubuntu.com/ubuntu jammy-updates/main amd64 gstreamer1.0-plugins-good amd64 1.20.3-0ubuntu1.10 [2009 kB]
2026-10-08T22:00:22.2422223Z Get:62 http://azure.archive.ubuntu.com/ubuntu jammy/main amd64 libxv1 amd64 2:1.0.11-1build2 [11.2 kB]
2026-10-08T22:00:22.2765277Z Get:63 http://azure.archive.ubuntu.com/ubuntu jammy-updates/main amd64 gstreamer1.0-x amd64 1.20.1-1ubuntu0.7 [85.1 kB]
2026-10-08T22:00:22.3039620Z Get:64 http://azure.archive.ubuntu.com/ubuntu jammy/main amd64 libatk1.0-dev amd64 2.36.0-3build1 [96.6 kB]
2026-10-08T22:00:22.3313657Z Get:65 http://azure.archive.ubuntu.com/ubuntu jammy-updates/main amd64 libdbus-1-dev amd64 1.12.20-2ubuntu4.1 [188 kB]
2026-10-08T22:00:22.3594989Z Get:66 http://azure.archive.ubuntu.com/ubuntu jammy/main amd64 libxfixes-dev amd64 1:6.0.0-1 [12.2 kB]
2026-10-08T22:00:22.3868496Z Get:67 http://azure.archive.ubuntu.com/ubuntu jammy/main amd64 libxi-dev amd64 2:1.8-1build1 [193 kB]
2026-10-08T22:00:22.4148094Z Get:68 http://azure.archive.ubuntu.com/ubuntu jammy/main amd64 libxtst-dev amd64 2:1.2.3-1build4 [16.3 kB]
2026-10-08T22:00:22.4419931Z Get:69 http://azure.archive.ubuntu.com/ubuntu jammy/main amd64 libatspi2.0-dev amd64 2.44.0-3 [71.5 kB]
2026-10-08T22:00:22.4693752Z Get:70 http://azure.archive.ubuntu.com/ubuntu jammy/main amd64 libatk-bridge2.0-dev amd64 2.38.0-3 [2954 B]
2026-10-08T22:00:22.4963398Z Get:71 http://azure.archive.ubuntu.com/ubuntu jammy/main amd64 libglx-dev amd64 1.4.0-1 [14.1 kB]
2026-10-08T22:00:22.5236468Z Get:72 http://azure.archive.ubuntu.com/ubuntu jammy/main amd64 libgl-dev amd64 1.4.0-1 [101 kB]
2026-10-08T22:00:22.5526591Z Get:73 http://azure.archive.ubuntu.com/ubuntu jammy/main amd64 libegl-dev amd64 1.4.0-1 [18.0 kB]
2026-10-08T22:00:22.5797497Z Get:74 http://azure.archive.ubuntu.com/ubuntu jammy/main amd64 libglvnd-core-dev amd64 1.4.0-1 [12.7 kB]
2026-10-08T22:00:22.6578191Z Get:75 http://azure.archive.ubuntu.com/ubuntu jammy/main amd64 libgles1 amd64 1.4.0-1 [11.5 kB]
2026-10-08T22:00:22.6924150Z Get:76 http://azure.archive.ubuntu.com/ubuntu jammy/main amd64 libgles2 amd64 1.4.0-1 [18.0 kB]
2026-10-08T22:00:22.7464218Z Get:77 http://azure.archive.ubuntu.com/ubuntu jammy/main amd64 libgles-dev amd64 1.4.0-1 [49.4 kB]
2026-10-08T22:00:22.8288570Z Get:78 http://azure.archive.ubuntu.com/ubuntu jammy/main amd64 libopengl0 amd64 1.4.0-1 [36.5 kB]
2026-10-08T22:00:22.8657319Z Get:79 http://azure.archive.ubuntu.com/ubuntu jammy/main amd64 libopengl-dev amd64 1.4.0-1 [3400 B]
2026-10-08T22:00:22.9004527Z Get:80 http://azure.archive.ubuntu.com/ubuntu jammy/main amd64 libglvnd-dev amd64 1.4.0-1 [3162 B]
2026-10-08T22:00:22.9348609Z Get:81 http://azure.archive.ubuntu.com/ubuntu jammy-updates/main amd64 libegl1-mesa-dev amd64 23.2.1-1ubuntu3.1~22.04.4 [11.3 kB]
2026-10-08T22:00:22.9692075Z Get:82 http://azure.archive.ubuntu.com/ubuntu jammy/main amd64 libepoxy-dev amd64 1.5.10-1 [132 kB]
2026-10-08T22:00:23.0030149Z Get:83 http://azure.archive.ubuntu.com/ubuntu jammy-updates/main amd64 libfribidi-dev amd64 1.0.8-2ubuntu3.1 [64.8 kB]
2026-10-08T22:00:23.0373281Z Get:84 http://azure.archive.ubuntu.com/ubuntu jammy-updates/main amd64 libharfbuzz-icu0 amd64 2.7.4-1ubuntu3.2 [5890 B]
2026-10-08T22:00:23.0712889Z Get:85 http://azure.archive.ubuntu.com/ubuntu jammy-updates/main amd64 libharfbuzz-gobject0 amd64 2.7.4-1ubuntu3.2 [26.0 kB]
2026-10-08T22:00:23.1054100Z Get:86 http://azure.archive.ubuntu.com/ubuntu jammy-updates/main amd64 libgraphite2-dev amd64 1.3.14-1ubuntu0.1 [14.7 kB]
2026-10-08T22:00:23.1395485Z Get:87 http://azure.archive.ubuntu.com/ubuntu jammy-updates/main amd64 libharfbuzz-dev amd64 2.7.4-1ubuntu3.2 [554 kB]
2026-10-08T22:00:23.1756684Z Get:88 http://azure.archive.ubuntu.com/ubuntu jammy/main amd64 libdatrie-dev amd64 0.2.13-2 [19.7 kB]
2026-10-08T22:00:23.2097755Z Get:89 http://azure.archive.ubuntu.com/ubuntu jammy/main amd64 libthai-dev amd64 0.1.29-1build1 [26.4 kB]
2026-10-08T22:00:23.2439430Z Get:90 http://azure.archive.ubuntu.com/ubuntu jammy/main amd64 libxft-dev amd64 2.3.4-1 [52.4 kB]
2026-10-08T22:00:23.2781222Z Get:91 http://azure.archive.ubuntu.com/ubuntu jammy-updates/main amd64 pango1.0-tools amd64 1.50.6+ds-2ubuntu1 [45.8 kB]
2026-10-08T22:00:23.3125737Z Get:92 http://azure.archive.ubuntu.com/ubuntu jammy-updates/main amd64 libpango1.0-dev amd64 1.50.6+ds-2ubuntu1 [154 kB]
2026-10-08T22:00:23.3471239Z Get:93 http://azure.archive.ubuntu.com/ubuntu jammy-updates/main amd64 libwayland-bin amd64 1.20.0-1ubuntu0.1 [20.4 kB]
2026-10-08T22:00:23.4187336Z Get:94 http://azure.archive.ubuntu.com/ubuntu jammy-updates/main amd64 libwayland-dev amd64 1.20.0-1ubuntu0.1 [69.5 kB]
2026-10-08T22:00:23.4462626Z Get:95 http://azure.archive.ubuntu.com/ubuntu jammy/main amd64 libxcomposite-dev amd64 1:0.4.5-1build2 [9326 B]
2026-10-08T22:00:23.4733795Z Get:96 http://azure.archive.ubuntu.com/ubuntu jammy/main amd64 libxcursor-dev amd64 1:1.2.0-2build4 [28.2 kB]
2026-10-08T22:00:23.5005448Z Get:97 http://azure.archive.ubuntu.com/ubuntu jammy/main amd64 libxdamage-dev amd64 1:1.1.5-2build2 [5264 B]
2026-10-08T22:00:23.5277378Z Get:98 http://azure.archive.ubuntu.com/ubuntu jammy/main amd64 libxinerama-dev amd64 2:1.1.4-3 [8104 B]
2026-10-08T22:00:23.5548247Z Get:99 http://azure.archive.ubuntu.com/ubuntu jammy/main amd64 libxkbcommon-dev amd64 1.4.0-1 [54.9 kB]
2026-10-08T22:00:23.5821178Z Get:100 http://azure.archive.ubuntu.com/ubuntu jammy/main amd64 libxrandr-dev amd64 2:1.5.2-1build1 [26.7 kB]
2026-10-08T22:00:23.6133866Z Get:101 http://azure.archive.ubuntu.com/ubuntu jammy/main amd64 wayland-protocols all 1.25-1 [70.6 kB]
2026-10-08T22:00:23.6447524Z Get:102 http://azure.archive.ubuntu.com/ubuntu jammy-updates/main amd64 libgtk-3-dev amd64 3.24.33-1ubuntu2.2 [1082 kB]
2026-10-08T22:00:23.6856087Z Get:103 http://azure.archive.ubuntu.com/ubuntu jammy/main amd64 libayatana-ido3-dev amd64 0.9.1-1 [14.2 kB]
2026-10-08T22:00:23.7204750Z Get:104 http://azure.archive.ubuntu.com/ubuntu jammy/main amd64 libayatana-indicator3-dev amd64 0.9.1-1 [6934 B]
2026-10-08T22:00:23.7547557Z Get:105 http://azure.archive.ubuntu.com/ubuntu jammy/main amd64 libdbus-glib-1-dev-bin amd64 0.112-2build1 [41.9 kB]
2026-10-08T22:00:23.7893185Z Get:106 http://azure.archive.ubuntu.com/ubuntu jammy/main amd64 libdbus-glib-1-dev amd64 0.112-2build1 [80.6 kB]
2026-10-08T22:00:23.8238531Z Get:107 http://azure.archive.ubuntu.com/ubuntu jammy/main amd64 libdbusmenu-glib-dev amd64 16.04.1+18.10.20180917-0ubuntu8 [73.8 kB]
2026-10-08T22:00:23.8583608Z Get:108 http://azure.archive.ubuntu.com/ubuntu jammy/main amd64 libayatana-appindicator3-dev amd64 0.5.90-7ubuntu2 [14.9 kB]
2026-10-08T22:00:23.8927156Z Get:109 http://azure.archive.ubuntu.com/ubuntu jammy-updates/universe amd64 libclang-14-dev amd64 1:14.0.0-1ubuntu1.1 [25.2 MB]
2026-10-08T22:00:24.3184452Z Get:110 http://azure.archive.ubuntu.com/ubuntu jammy/universe amd64 libclang-dev amd64 1:14.0-55~exp2 [3138 B]
2026-10-08T22:00:24.3459325Z Get:111 http://azure.archive.ubuntu.com/ubuntu jammy/main amd64 libdazzle-1.0-dev amd64 3.44.0-1 [121 kB]
2026-10-08T22:00:24.3739795Z Get:112 http://azure.archive.ubuntu.com/ubuntu jammy/main amd64 libhyphen0 amd64 2.8.8-7build2 [28.2 kB]
2026-10-08T22:00:24.4018628Z Get:113 http://azure.archive.ubuntu.com/ubuntu jammy-updates/main amd64 libjavascriptcoregtk-4.1-0 amd64 2.50.4-0ubuntu0.22.04.1 [9518 kB]
2026-10-08T22:00:24.5185351Z Get:114 http://azure.archive.ubuntu.com/ubuntu jammy-updates/main amd64 libjavascriptcoregtk-4.1-dev amd64 2.50.4-0ubuntu0.22.04.1 [69.7 kB]
2026-10-08T22:00:24.5467393Z Get:115 http://azure.archive.ubuntu.com/ubuntu jammy/main amd64 libjson-glib-dev amd64 1.6.6-1build1 [96.7 kB]
2026-10-08T22:00:24.5748354Z Get:116 http://azure.archive.ubuntu.com/ubuntu jammy/main amd64 libevdev2 amd64 1.12.1+dfsg-1 [39.5 kB]
2026-10-08T22:00:24.6025724Z Get:117 http://azure.archive.ubuntu.com/ubuntu jammy/main amd64 libmanette-0.2-0 amd64 0.2.6-3build1 [30.4 kB]
2026-10-08T22:00:24.6302711Z Get:118 http://azure.archive.ubuntu.com/ubuntu jammy-updates/main amd64 libnghttp2-dev amd64 1.43.0-1ubuntu0.4 [117 kB]
2026-10-08T22:00:24.6610484Z Get:119 http://azure.archive.ubuntu.com/ubuntu jammy/main amd64 libwebrtc-audio-processing1 amd64 0.3.1-0ubuntu5 [291 kB]
2026-10-08T22:00:24.7411772Z Get:120 http://azure.archive.ubuntu.com/ubuntu jammy-updates/main amd64 libspa-0.2-modules amd64 0.3.48-1ubuntu3.2 [546 kB]
2026-10-08T22:00:24.7775142Z Get:121 http://azure.archive.ubuntu.com/ubuntu jammy-updates/main amd64 libpipewire-0.3-0 amd64 0.3.48-1ubuntu3.2 [274 kB]
2026-10-08T22:00:24.8128177Z Get:122 http://azure.archive.ubuntu.com/ubuntu jammy-updates/main amd64 libpipewire-0.3-common all 0.3.48-1ubuntu3.2 [4278 B]
2026-10-08T22:00:24.8403068Z Get:123 http://azure.archive.ubuntu.com/ubuntu jammy-updates/main amd64 libspa-0.2-dev amd64 0.3.48-1ubuntu3.2 [82.1 kB]
2026-10-08T22:00:24.8680618Z Get:124 http://azure.archive.ubuntu.com/ubuntu jammy-updates/main amd64 libpipewire-0.3-dev amd64 0.3.48-1ubuntu3.2 [48.3 kB]
2026-10-08T22:00:24.8957294Z Get:125 http://azure.archive.ubuntu.com/ubuntu jammy-updates/main amd64 libpipewire-0.3-modules amd64 0.3.48-1ubuntu3.2 [525 kB]
2026-10-08T22:00:24.9262537Z Get:126 http://azure.archive.ubuntu.com/ubuntu jammy-updates/main amd64 libpolkit-gobject-1-dev amd64 0.105-33ubuntu0.2 [65.4 kB]
2026-10-08T22:00:24.9538789Z Get:127 http://azure.archive.ubuntu.com/ubuntu jammy/main amd64 libpsl-dev amd64 0.21.0-1.2build2 [77.9 kB]
2026-10-08T22:00:24.9816035Z Get:128 http://azure.archive.ubuntu.com/ubuntu jammy/universe amd64 libsysprof-4 amd64 3.44.0-1 [136 kB]
2026-10-08T22:00:25.0095751Z Get:129 http://azure.archive.ubuntu.com/ubuntu jammy/universe amd64 libsysprof-ui-4 amd64 3.44.0-1 [146 kB]
2026-10-08T22:00:25.0377083Z Get:130 http://azure.archive.ubuntu.com/ubuntu jammy/universe amd64 libsysprof-4-dev amd64 3.44.0-1 [54.7 kB]
2026-10-08T22:00:25.0654053Z Get:131 http://azure.archive.ubuntu.com/ubuntu jammy-updates/universe amd64 libsoup-3.0-dev amd64 3.0.7-0ubuntu1 [102 kB]
2026-10-08T22:00:25.0932178Z Get:132 http://azure.archive.ubuntu.com/ubuntu jammy-updates/main amd64 xdg-dbus-proxy amd64 0.1.3-1ubuntu0.1 [24.9 kB]
2026-10-08T22:00:25.1209067Z Get:133 http://azure.archive.ubuntu.com/ubuntu jammy/main amd64 libwoff1 amd64 1.0.2-1build4 [45.2 kB]
2026-10-08T22:00:25.1485427Z Get:134 http://azure.archive.ubuntu.com/ubuntu jammy-updates/universe amd64 libwebkit2gtk-4.1-0 amd64 2.50.4-0ubuntu0.22.04.1 [27.3 MB]
2026-10-08T22:00:25.5039431Z Get:135 http://azure.archive.ubuntu.com/ubuntu jammy-updates/universe amd64 libwebkit2gtk-4.1-dev amd64 2.50.4-0ubuntu0.22.04.1 [288 kB]
2026-10-08T22:00:25.5361410Z Get:136 http://azure.archive.ubuntu.com/ubuntu jammy-updates/main amd64 pipewire-bin amd64 0.3.48-1ubuntu3.2 [312 kB]
2026-10-08T22:00:25.5687211Z Get:137 http://azure.archive.ubuntu.com/ubuntu jammy-updates/main amd64 pipewire amd64 0.3.48-1ubuntu3.2 [3978 B]
2026-10-08T22:00:25.6008233Z Get:138 http://azure.archive.ubuntu.com/ubuntu jammy/main amd64 pipewire-media-session amd64 0.4.1-2ubuntu1 [128 kB]
2026-10-08T22:00:25.6762446Z Get:139 http://azure.archive.ubuntu.com/ubuntu jammy/main amd64 rtkit amd64 0.13-4build2 [35.1 kB]
2026-10-08T22:00:25.7110007Z Get:140 http://azure.archive.ubuntu.com/ubuntu jammy-updates/main amd64 xdg-desktop-portal amd64 1.14.4-1ubuntu2~22.04.2 [265 kB]
2026-10-08T22:00:25.7431870Z Get:141 http://azure.archive.ubuntu.com/ubuntu jammy/main amd64 xdg-desktop-portal-gtk amd64 1.14.0-1build1 [87.4 kB]
2026-10-08T22:00:26.1297912Z Fetched 80.9 MB in 6s (14.3 MB/s)
2026-10-08T22:00:26.3048368Z (Reading database ... 
2026-10-08T22:00:26.3048666Z (Reading database ... 5%
2026-10-08T22:00:26.3048906Z (Reading database ... 10%
2026-10-08T22:00:26.3049288Z (Reading database ... 15%
2026-10-08T22:00:26.3049517Z (Reading database ... 20%
2026-10-08T22:00:26.3049730Z (Reading database ... 25%
2026-10-08T22:00:26.3049939Z (Reading database ... 30%
2026-10-08T22:00:26.3050147Z (Reading database ... 35%
2026-10-08T22:00:26.3050352Z (Reading database ... 40%
2026-10-08T22:00:26.3050558Z (Reading database ... 45%
2026-10-08T22:00:26.3050769Z (Reading database ... 50%
2026-10-08T22:00:26.9059111Z (Reading database ... 55%
2026-10-08T22:00:27.7762072Z (Reading database ... 60%
2026-10-08T22:00:28.4194613Z (Reading database ... 65%
2026-10-08T22:00:29.0433412Z (Reading database ... 70%
2026-10-08T22:00:30.5014424Z (Reading database ... 75%
2026-10-08T22:00:31.9031279Z (Reading database ... 80%
2026-10-08T22:00:33.2660212Z (Reading database ... 85%
2026-10-08T22:00:34.6597891Z (Reading database ... 90%
2026-10-08T22:00:36.0658885Z (Reading database ... 95%
2026-10-08T22:00:36.0659126Z (Reading database ... 100%
2026-10-08T22:00:36.0659372Z (Reading database ... 261292 files and directories currently installed.)
2026-10-08T22:00:36.0707212Z Removing r-base-dev (4.6.1-6.2204.0) ...
2026-10-08T22:00:36.1695931Z dpkg: pkgconf: dependency problems, but removing anyway as you requested:
2026-10-08T22:00:36.1696369Z  php8.1-dev depends on pkg-config; however:
2026-10-08T22:00:36.1696661Z   Package pkg-config is not installed.
2026-10-08T22:00:36.1697099Z   Package pkgconf which provides pkg-config is to be removed.
2026-10-08T22:00:36.1697466Z  mono-devel depends on pkg-config; however:
2026-10-08T22:00:36.1697751Z   Package pkg-config is not installed.
2026-10-08T22:00:36.1698074Z   Package pkgconf which provides pkg-config is to be removed.
2026-10-08T22:00:36.1698478Z  libmagickwand-6.q16-dev:amd64 depends on pkg-config; however:
2026-10-08T22:00:36.1698818Z   Package pkg-config is not installed.
2026-10-08T22:00:36.1699193Z   Package pkgconf which provides pkg-config is to be removed.
2026-10-08T22:00:36.1699570Z  libmagickcore-6.q16-dev:amd64 depends on pkg-config; however:
2026-10-08T22:00:36.1699903Z   Package pkg-config is not installed.
2026-10-08T22:00:36.1700219Z   Package pkgconf which provides pkg-config is to be removed.
2026-10-08T22:00:36.1700580Z  libglib2.0-dev:amd64 depends on pkg-config; however:
2026-10-08T22:00:36.1700880Z   Package pkg-config is not installed.
2026-10-08T22:00:36.1701201Z   Package pkgconf which provides pkg-config is to be removed.
2026-10-08T22:00:36.1701563Z  libfontconfig-dev:amd64 depends on pkg-config; however:
2026-10-08T22:00:36.1701862Z   Package pkg-config is not installed.
2026-10-08T22:00:36.1702170Z   Package pkgconf which provides pkg-config is to be removed.
2026-10-08T22:00:36.1702381Z 
2026-10-08T22:00:36.1747915Z Removing pkgconf (1.8.0-1) ...
2026-10-08T22:00:36.4062998Z Removing 'diversion of /usr/bin/pkg-config to /usr/bin/pkg-config.real by pkgconf'
2026-10-08T22:00:36.4129174Z Removing 'diversion of /usr/share/aclocal/pkg.m4 to /usr/share/aclocal/pkg.real.m4 by pkgconf'
2026-10-08T22:00:36.4191206Z Removing 'diversion of /usr/share/man/man1/pkg-config.1.gz to /usr/share/man/man1/pkg-config.real.1.gz by pkgconf'
2026-10-08T22:00:36.4255921Z Removing 'diversion of /usr/share/pkg-config-crosswrapper to /usr/share/pkg-config-crosswrapper.real by pkgconf'
2026-10-08T22:00:36.4805157Z Selecting previously unselected package pkg-config.
2026-10-08T22:00:36.4831044Z (Reading database ... 
2026-10-08T22:00:36.4831373Z (Reading database ... 5%
2026-10-08T22:00:36.4831778Z (Reading database ... 10%
2026-10-08T22:00:36.4831966Z (Reading database ... 15%
2026-10-08T22:00:36.4843317Z (Reading database ... 20%
2026-10-08T22:00:36.4843531Z (Reading database ... 25%
2026-10-08T22:00:36.4843740Z (Reading database ... 30%
2026-10-08T22:00:36.4843946Z (Reading database ... 35%
2026-10-08T22:00:36.4844147Z (Reading database ... 40%
2026-10-08T22:00:36.4844371Z (Reading database ... 45%
2026-10-08T22:00:36.4844587Z (Reading database ... 50%
2026-10-08T22:00:36.4844799Z (Reading database ... 55%
2026-10-08T22:00:36.4855668Z (Reading database ... 60%
2026-10-08T22:00:36.4865039Z (Reading database ... 65%
2026-10-08T22:00:36.4918952Z (Reading database ... 70%
2026-10-08T22:00:36.5023219Z (Reading database ... 75%
2026-10-08T22:00:36.5038143Z (Reading database ... 80%
2026-10-08T22:00:36.5177557Z (Reading database ... 85%
2026-10-08T22:00:36.5321584Z (Reading database ... 90%
2026-10-08T22:00:36.5406120Z (Reading database ... 95%
2026-10-08T22:00:36.5406405Z (Reading database ... 100%
2026-10-08T22:00:36.5406819Z (Reading database ... 261270 files and directories currently installed.)
2026-10-08T22:00:36.5452230Z Preparing to unpack .../000-pkg-config_0.29.2-1ubuntu3_amd64.deb ...
2026-10-08T22:00:36.5461213Z Unpacking pkg-config (0.29.2-1ubuntu3) ...
2026-10-08T22:00:36.5593831Z Selecting previously unselected package bubblewrap.
2026-10-08T22:00:36.5687488Z Preparing to unpack .../001-bubblewrap_0.6.1-1ubuntu0.3_amd64.deb ...
2026-10-08T22:00:36.5693729Z Unpacking bubblewrap (0.6.1-1ubuntu0.3) ...
2026-10-08T22:00:36.6158074Z Selecting previously unselected package gir1.2-atk-1.0:amd64.
2026-10-08T22:00:36.6247162Z Preparing to unpack .../002-gir1.2-atk-1.0_2.36.0-3build1_amd64.deb ...
2026-10-08T22:00:36.6252493Z Unpacking gir1.2-atk-1.0:amd64 (2.36.0-3build1) ...
2026-10-08T22:00:36.6351319Z Selecting previously unselected package gir1.2-atspi-2.0:amd64.
2026-10-08T22:00:36.6440593Z Preparing to unpack .../003-gir1.2-atspi-2.0_2.44.0-3_amd64.deb ...
2026-10-08T22:00:36.6445609Z Unpacking gir1.2-atspi-2.0:amd64 (2.44.0-3) ...
2026-10-08T22:00:36.6538508Z Selecting previously unselected package gir1.2-harfbuzz-0.0:amd64.
2026-10-08T22:00:36.6626666Z Preparing to unpack .../004-gir1.2-harfbuzz-0.0_2.7.4-1ubuntu3.2_amd64.deb ...
2026-10-08T22:00:36.6631346Z Unpacking gir1.2-harfbuzz-0.0:amd64 (2.7.4-1ubuntu3.2) ...
2026-10-08T22:00:36.6740459Z Selecting previously unselected package libpangoxft-1.0-0:amd64.
2026-10-08T22:00:36.6827901Z Preparing to unpack .../005-libpangoxft-1.0-0_1.50.6+ds-2ubuntu1_amd64.deb ...
2026-10-08T22:00:36.6839908Z Unpacking libpangoxft-1.0-0:amd64 (1.50.6+ds-2ubuntu1) ...
2026-10-08T22:00:36.6937122Z Selecting previously unselected package gir1.2-pango-1.0:amd64.
2026-10-08T22:00:36.7022604Z Preparing to unpack .../006-gir1.2-pango-1.0_1.50.6+ds-2ubuntu1_amd64.deb ...
2026-10-08T22:00:36.7027672Z Unpacking gir1.2-pango-1.0:amd64 (1.50.6+ds-2ubuntu1) ...
2026-10-08T22:00:36.7207292Z Selecting previously unselected package gir1.2-gtk-3.0:amd64.
2026-10-08T22:00:36.7292921Z Preparing to unpack .../007-gir1.2-gtk-3.0_3.24.33-1ubuntu2.2_amd64.deb ...
2026-10-08T22:00:36.7300678Z Unpacking gir1.2-gtk-3.0:amd64 (3.24.33-1ubuntu2.2) ...
2026-10-08T22:00:36.7422375Z Selecting previously unselected package libayatana-ido3-0.4-0:amd64.
2026-10-08T22:00:36.7509070Z Preparing to unpack .../008-libayatana-ido3-0.4-0_0.9.1-1_amd64.deb ...
2026-10-08T22:00:36.7514427Z Unpacking libayatana-ido3-0.4-0:amd64 (0.9.1-1) ...
2026-10-08T22:00:36.7619582Z Selecting previously unselected package libayatana-indicator3-7:amd64.
2026-10-08T22:00:36.7707077Z Preparing to unpack .../009-libayatana-indicator3-7_0.9.1-1_amd64.deb ...
2026-10-08T22:00:36.7713570Z Unpacking libayatana-indicator3-7:amd64 (0.9.1-1) ...
2026-10-08T22:00:36.7819588Z Selecting previously unselected package libayatana-appindicator3-1.
2026-10-08T22:00:36.7908129Z Preparing to unpack .../010-libayatana-appindicator3-1_0.5.90-7ubuntu2_amd64.deb ...
2026-10-08T22:00:36.7913908Z Unpacking libayatana-appindicator3-1 (0.5.90-7ubuntu2) ...
2026-10-08T22:00:36.8014908Z Selecting previously unselected package gir1.2-ayatanaappindicator3-0.1.
2026-10-08T22:00:36.8105908Z Preparing to unpack .../011-gir1.2-ayatanaappindicator3-0.1_0.5.90-7ubuntu2_amd64.deb ...
2026-10-08T22:00:36.8111314Z Unpacking gir1.2-ayatanaappindicator3-0.1 (0.5.90-7ubuntu2) ...
2026-10-08T22:00:36.8207939Z Selecting previously unselected package gir1.2-ayatanaido3-0.4:amd64.
2026-10-08T22:00:36.8296569Z Preparing to unpack .../012-gir1.2-ayatanaido3-0.4_0.9.1-1_amd64.deb ...
2026-10-08T22:00:36.8301932Z Unpacking gir1.2-ayatanaido3-0.4:amd64 (0.9.1-1) ...
2026-10-08T22:00:36.8398656Z Selecting previously unselected package libdazzle-common.
2026-10-08T22:00:36.8488604Z Preparing to unpack .../013-libdazzle-common_3.44.0-1_all.deb ...
2026-10-08T22:00:36.8493363Z Unpacking libdazzle-common (3.44.0-1) ...
2026-10-08T22:00:36.8632371Z Selecting previously unselected package libdazzle-1.0-0:amd64.
2026-10-08T22:00:36.8720816Z Preparing to unpack .../014-libdazzle-1.0-0_3.44.0-1_amd64.deb ...
2026-10-08T22:00:36.8726002Z Unpacking libdazzle-1.0-0:amd64 (3.44.0-1) ...
2026-10-08T22:00:36.8844241Z Selecting previously unselected package gir1.2-dazzle-1.0:amd64.
2026-10-08T22:00:36.8931276Z Preparing to unpack .../015-gir1.2-dazzle-1.0_3.44.0-1_amd64.deb ...
2026-10-08T22:00:36.8936371Z Unpacking gir1.2-dazzle-1.0:amd64 (3.44.0-1) ...
2026-10-08T22:00:36.9034503Z Selecting previously unselected package gir1.2-dbusmenu-glib-0.4:amd64.
2026-10-08T22:00:36.9120157Z Preparing to unpack .../016-gir1.2-dbusmenu-glib-0.4_16.04.1+18.10.20180917-0ubuntu8_amd64.deb ...
2026-10-08T22:00:36.9126044Z Unpacking gir1.2-dbusmenu-glib-0.4:amd64 (16.04.1+18.10.20180917-0ubuntu8) ...
2026-10-08T22:00:36.9222133Z Selecting previously unselected package gir1.2-json-1.0:amd64.
2026-10-08T22:00:36.9307808Z Preparing to unpack .../017-gir1.2-json-1.0_1.6.6-1build1_amd64.deb ...
2026-10-08T22:00:36.9314049Z Unpacking gir1.2-json-1.0:amd64 (1.6.6-1build1) ...
2026-10-08T22:00:36.9406232Z Selecting previously unselected package gir1.2-polkit-1.0.
2026-10-08T22:00:36.9494183Z Preparing to unpack .../018-gir1.2-polkit-1.0_0.105-33ubuntu0.2_amd64.deb ...
2026-10-08T22:00:36.9499375Z Unpacking gir1.2-polkit-1.0 (0.105-33ubuntu0.2) ...
2026-10-08T22:00:36.9594474Z Selecting previously unselected package libsoup-3.0-common.
2026-10-08T22:00:36.9681777Z Preparing to unpack .../019-libsoup-3.0-common_3.0.7-0ubuntu1_all.deb ...
2026-10-08T22:00:36.9686461Z Unpacking libsoup-3.0-common (3.0.7-0ubuntu1) ...
2026-10-08T22:00:37.1728295Z Selecting previously unselected package libsoup-3.0-0:amd64.
2026-10-08T22:00:37.1821390Z Preparing to unpack .../020-libsoup-3.0-0_3.0.7-0ubuntu1_amd64.deb ...
2026-10-08T22:00:37.1826849Z Unpacking libsoup-3.0-0:amd64 (3.0.7-0ubuntu1) ...
2026-10-08T22:00:37.1937317Z Selecting previously unselected package gir1.2-soup-3.0:amd64.
2026-10-08T22:00:37.2025557Z Preparing to unpack .../021-gir1.2-soup-3.0_3.0.7-0ubuntu1_amd64.deb ...
2026-10-08T22:00:37.2031408Z Unpacking gir1.2-soup-3.0:amd64 (3.0.7-0ubuntu1) ...
2026-10-08T22:00:37.2168784Z Selecting previously unselected package libgraphene-1.0-0:amd64.
2026-10-08T22:00:37.2257955Z Preparing to unpack .../022-libgraphene-1.0-0_1.10.8-1_amd64.deb ...
2026-10-08T22:00:37.2262931Z Unpacking libgraphene-1.0-0:amd64 (1.10.8-1) ...
2026-10-08T22:00:37.2366157Z Selecting previously unselected package libegl-mesa0:amd64.
2026-10-08T22:00:37.2454761Z Preparing to unpack .../023-libegl-mesa0_23.2.1-1ubuntu3.1~22.04.4_amd64.deb ...
2026-10-08T22:00:37.2459757Z Unpacking libegl-mesa0:amd64 (23.2.1-1ubuntu3.1~22.04.4) ...
2026-10-08T22:00:37.2567417Z Selecting previously unselected package libegl1:amd64.
2026-10-08T22:00:37.2657499Z Preparing to unpack .../024-libegl1_1.4.0-1_amd64.deb ...
2026-10-08T22:00:37.2662430Z Unpacking libegl1:amd64 (1.4.0-1) ...
2026-10-08T22:00:37.2759793Z Selecting previously unselected package liborc-0.4-0:amd64.
2026-10-08T22:00:37.2847377Z Preparing to unpack .../025-liborc-0.4-0_1%3a0.4.32-2ubuntu0.1_amd64.deb ...
2026-10-08T22:00:37.2852115Z Unpacking liborc-0.4-0:amd64 (1:0.4.32-2ubuntu0.1) ...
2026-10-08T22:00:37.2975868Z Selecting previously unselected package libgstreamer-plugins-base1.0-0:amd64.
2026-10-08T22:00:37.3067214Z Preparing to unpack .../026-libgstreamer-plugins-base1.0-0_1.20.1-1ubuntu0.7_amd64.deb ...
2026-10-08T22:00:37.3072295Z Unpacking libgstreamer-plugins-base1.0-0:amd64 (1.20.1-1ubuntu0.7) ...
2026-10-08T22:00:37.3290426Z Selecting previously unselected package libgstreamer-gl1.0-0:amd64.
2026-10-08T22:00:37.3383706Z Preparing to unpack .../027-libgstreamer-gl1.0-0_1.20.1-1ubuntu0.7_amd64.deb ...
2026-10-08T22:00:37.3388967Z Unpacking libgstreamer-gl1.0-0:amd64 (1.20.1-1ubuntu0.7) ...
2026-10-08T22:00:37.3496222Z Selecting previously unselected package gstreamer1.0-gl:amd64.
2026-10-08T22:00:37.3587956Z Preparing to unpack .../028-gstreamer1.0-gl_1.20.1-1ubuntu0.7_amd64.deb ...
2026-10-08T22:00:37.3592047Z Unpacking gstreamer1.0-gl:amd64 (1.20.1-1ubuntu0.7) ...
2026-10-08T22:00:37.3698636Z Selecting previously unselected package libcdparanoia0:amd64.
2026-10-08T22:00:37.3788645Z Preparing to unpack .../029-libcdparanoia0_3.10.2+debian-14build2_amd64.deb ...
2026-10-08T22:00:37.3793399Z Unpacking libcdparanoia0:amd64 (3.10.2+debian-14build2) ...
2026-10-08T22:00:37.3897164Z Selecting previously unselected package libopus0:amd64.
2026-10-08T22:00:37.3984406Z Preparing to unpack .../030-libopus0_1.3.1-0.1build2_amd64.deb ...
2026-10-08T22:00:37.3989980Z Unpacking libopus0:amd64 (1.3.1-0.1build2) ...
2026-10-08T22:00:37.4097283Z Selecting previously unselected package libtheora0:amd64.
2026-10-08T22:00:37.4183778Z Preparing to unpack .../031-libtheora0_1.1.1+dfsg.1-15ubuntu4_amd64.deb ...
2026-10-08T22:00:37.4188756Z Unpacking libtheora0:amd64 (1.1.1+dfsg.1-15ubuntu4) ...
2026-10-08T22:00:37.4301672Z Selecting previously unselected package libvisual-0.4-0:amd64.
2026-10-08T22:00:37.4389757Z Preparing to unpack .../032-libvisual-0.4-0_0.4.0-17build2_amd64.deb ...
2026-10-08T22:00:37.4393996Z Unpacking libvisual-0.4-0:amd64 (0.4.0-17build2) ...
2026-10-08T22:00:37.4499757Z Selecting previously unselected package libvorbisenc2:amd64.
2026-10-08T22:00:37.4586827Z Preparing to unpack .../033-libvorbisenc2_1.3.7-1build2_amd64.deb ...
2026-10-08T22:00:37.4591746Z Unpacking libvorbisenc2:amd64 (1.3.7-1build2) ...
2026-10-08T22:00:37.4697290Z Selecting previously unselected package gstreamer1.0-plugins-base:amd64.
2026-10-08T22:00:37.4782848Z Preparing to unpack .../034-gstreamer1.0-plugins-base_1.20.1-1ubuntu0.7_amd64.deb ...
2026-10-08T22:00:37.4789186Z Unpacking gstreamer1.0-plugins-base:amd64 (1.20.1-1ubuntu0.7) ...
2026-10-08T22:00:37.4987153Z Selecting previously unselected package libaa1:amd64.
2026-10-08T22:00:37.5074746Z Preparing to unpack .../035-libaa1_1.4p5-50build1_amd64.deb ...
2026-10-08T22:00:37.5079617Z Unpacking libaa1:amd64 (1.4p5-50build1) ...
2026-10-08T22:00:37.5180381Z Selecting previously unselected package libraw1394-11:amd64.
2026-10-08T22:00:37.5267268Z Preparing to unpack .../036-libraw1394-11_2.1.2-2build2_amd64.deb ...
2026-10-08T22:00:37.5272630Z Unpacking libraw1394-11:amd64 (2.1.2-2build2) ...
2026-10-08T22:00:37.5371940Z Selecting previously unselected package libavc1394-0:amd64.
2026-10-08T22:00:37.5458600Z Preparing to unpack .../037-libavc1394-0_0.5.4-5build2_amd64.deb ...
2026-10-08T22:00:37.5463489Z Unpacking libavc1394-0:amd64 (0.5.4-5build2) ...
2026-10-08T22:00:37.5559851Z Selecting previously unselected package libcaca0:amd64.
2026-10-08T22:00:37.5646574Z Preparing to unpack .../038-libcaca0_0.99.beta19-2.2ubuntu4.2_amd64.deb ...
2026-10-08T22:00:37.5651693Z Unpacking libcaca0:amd64 (0.99.beta19-2.2ubuntu4.2) ...
2026-10-08T22:00:37.5770055Z Selecting previously unselected package libdv4:amd64.
2026-10-08T22:00:37.5857955Z Preparing to unpack .../039-libdv4_1.0.0-14build1_amd64.deb ...
2026-10-08T22:00:37.5863393Z Unpacking libdv4:amd64 (1.0.0-14build1) ...
2026-10-08T22:00:37.5968563Z Selecting previously unselected package libflac8:amd64.
2026-10-08T22:00:37.6056053Z Preparing to unpack .../040-libflac8_1.3.3-2ubuntu0.2_amd64.deb ...
2026-10-08T22:00:37.6060974Z Unpacking libflac8:amd64 (1.3.3-2ubuntu0.2) ...
2026-10-08T22:00:37.6164307Z Selecting previously unselected package libgstreamer-plugins-good1.0-0:amd64.
2026-10-08T22:00:37.6252777Z Preparing to unpack .../041-libgstreamer-plugins-good1.0-0_1.20.3-0ubuntu1.10_amd64.deb ...
2026-10-08T22:00:37.6258108Z Unpacking libgstreamer-plugins-good1.0-0:amd64 (1.20.3-0ubuntu1.10) ...
2026-10-08T22:00:37.6361993Z Selecting previously unselected package libiec61883-0:amd64.
2026-10-08T22:00:37.6449368Z Preparing to unpack .../042-libiec61883-0_1.2.0-4build3_amd64.deb ...
2026-10-08T22:00:37.6453953Z Unpacking libiec61883-0:amd64 (1.2.0-4build3) ...
2026-10-08T22:00:37.6556494Z Selecting previously unselected package libsamplerate0:amd64.
2026-10-08T22:00:37.6644131Z Preparing to unpack .../043-libsamplerate0_0.2.2-1build1_amd64.deb ...
2026-10-08T22:00:37.6649681Z Unpacking libsamplerate0:amd64 (0.2.2-1build1) ...
2026-10-08T22:00:37.6783593Z Selecting previously unselected package libjack-jackd2-0:amd64.
2026-10-08T22:00:37.6872520Z Preparing to unpack .../044-libjack-jackd2-0_1.9.20~dfsg-1_amd64.deb ...
2026-10-08T22:00:37.6877893Z Unpacking libjack-jackd2-0:amd64 (1.9.20~dfsg-1) ...
2026-10-08T22:00:37.7001806Z Selecting previously unselected package libmp3lame0:amd64.
2026-10-08T22:00:37.7090035Z Preparing to unpack .../045-libmp3lame0_3.100-3build2_amd64.deb ...
2026-10-08T22:00:37.7095169Z Unpacking libmp3lame0:amd64 (3.100-3build2) ...
2026-10-08T22:00:37.7203497Z Selecting previously unselected package libmpg123-0:amd64.
2026-10-08T22:00:37.7290005Z Preparing to unpack .../046-libmpg123-0_1.29.3-1ubuntu0.1_amd64.deb ...
2026-10-08T22:00:37.7294649Z Unpacking libmpg123-0:amd64 (1.29.3-1ubuntu0.1) ...
2026-10-08T22:00:37.7402725Z Selecting previously unselected package libasyncns0:amd64.
2026-10-08T22:00:37.7490993Z Preparing to unpack .../047-libasyncns0_0.8-6build2_amd64.deb ...
2026-10-08T22:00:37.7495703Z Unpacking libasyncns0:amd64 (0.8-6build2) ...
2026-10-08T22:00:37.7591430Z Selecting previously unselected package libsndfile1:amd64.
2026-10-08T22:00:37.7677159Z Preparing to unpack .../048-libsndfile1_1.0.31-2ubuntu0.2_amd64.deb ...
2026-10-08T22:00:37.7682624Z Unpacking libsndfile1:amd64 (1.0.31-2ubuntu0.2) ...
2026-10-08T22:00:37.7806720Z Selecting previously unselected package libpulse0:amd64.
2026-10-08T22:00:37.7890707Z Preparing to unpack .../049-libpulse0_1%3a15.99.1+dfsg1-1ubuntu2.2_amd64.deb ...
2026-10-08T22:00:37.8009250Z Unpacking libpulse0:amd64 (1:15.99.1+dfsg1-1ubuntu2.2) ...
2026-10-08T22:00:37.8152411Z Selecting previously unselected package libspeex1:amd64.
2026-10-08T22:00:37.8261256Z Preparing to unpack .../050-libspeex1_1.2~rc1.2-1.1ubuntu3_amd64.deb ...
2026-10-08T22:00:37.8266835Z Unpacking libspeex1:amd64 (1.2~rc1.2-1.1ubuntu3) ...
2026-10-08T22:00:37.8456057Z Selecting previously unselected package libshout3:amd64.
2026-10-08T22:00:37.8564381Z Preparing to unpack .../051-libshout3_2.4.5-1build3_amd64.deb ...
2026-10-08T22:00:37.8570482Z Unpacking libshout3:amd64 (2.4.5-1build3) ...
2026-10-08T22:00:37.8820944Z Selecting previously unselected package libtag1v5-vanilla:amd64.
2026-10-08T22:00:37.9019087Z Preparing to unpack .../052-libtag1v5-vanilla_1.11.1+dfsg.1-3ubuntu3_amd64.deb ...
2026-10-08T22:00:37.9024498Z Unpacking libtag1v5-vanilla:amd64 (1.11.1+dfsg.1-3ubuntu3) ...
2026-10-08T22:00:37.9142095Z Selecting previously unselected package libtag1v5:amd64.
2026-10-08T22:00:37.9239492Z Preparing to unpack .../053-libtag1v5_1.11.1+dfsg.1-3ubuntu3_amd64.deb ...
2026-10-08T22:00:37.9244778Z Unpacking libtag1v5:amd64 (1.11.1+dfsg.1-3ubuntu3) ...
2026-10-08T22:00:37.9350337Z Selecting previously unselected package libtwolame0:amd64.
2026-10-08T22:00:37.9446096Z Preparing to unpack .../054-libtwolame0_0.4.0-2build2_amd64.deb ...
2026-10-08T22:00:37.9450838Z Unpacking libtwolame0:amd64 (0.4.0-2build2) ...
2026-10-08T22:00:37.9558844Z Selecting previously unselected package libv4lconvert0:amd64.
2026-10-08T22:00:37.9652889Z Preparing to unpack .../055-libv4lconvert0_1.22.1-2build1_amd64.deb ...
2026-10-08T22:00:37.9658392Z Unpacking libv4lconvert0:amd64 (1.22.1-2build1) ...
2026-10-08T22:00:37.9771126Z Selecting previously unselected package libv4l-0:amd64.
2026-10-08T22:00:37.9862670Z Preparing to unpack .../056-libv4l-0_1.22.1-2build1_amd64.deb ...
2026-10-08T22:00:37.9868064Z Unpacking libv4l-0:amd64 (1.22.1-2build1) ...
2026-10-08T22:00:37.9975363Z Selecting previously unselected package libvpx7:amd64.
2026-10-08T22:00:38.0061092Z Preparing to unpack .../057-libvpx7_1.11.0-2ubuntu2.5_amd64.deb ...
2026-10-08T22:00:38.0066258Z Unpacking libvpx7:amd64 (1.11.0-2ubuntu2.5) ...
2026-10-08T22:00:38.0281543Z Selecting previously unselected package libwavpack1:amd64.
2026-10-08T22:00:38.0368608Z Preparing to unpack .../058-libwavpack1_5.4.0-1build2_amd64.deb ...
2026-10-08T22:00:38.0374631Z Unpacking libwavpack1:amd64 (5.4.0-1build2) ...
2026-10-08T22:00:38.0467522Z Selecting previously unselected package gstreamer1.0-plugins-good:amd64.
2026-10-08T22:00:38.0553911Z Preparing to unpack .../059-gstreamer1.0-plugins-good_1.20.3-0ubuntu1.10_amd64.deb ...
2026-10-08T22:00:38.0558203Z Unpacking gstreamer1.0-plugins-good:amd64 (1.20.3-0ubuntu1.10) ...
2026-10-08T22:00:38.0991688Z Selecting previously unselected package libxv1:amd64.
2026-10-08T22:00:38.1082569Z Preparing to unpack .../060-libxv1_2%3a1.0.11-1build2_amd64.deb ...
2026-10-08T22:00:38.1087383Z Unpacking libxv1:amd64 (2:1.0.11-1build2) ...
2026-10-08T22:00:38.1177950Z Selecting previously unselected package gstreamer1.0-x:amd64.
2026-10-08T22:00:38.1267330Z Preparing to unpack .../061-gstreamer1.0-x_1.20.1-1ubuntu0.7_amd64.deb ...
2026-10-08T22:00:38.1271459Z Unpacking gstreamer1.0-x:amd64 (1.20.1-1ubuntu0.7) ...
2026-10-08T22:00:38.1365841Z Selecting previously unselected package libatk1.0-dev:amd64.
2026-10-08T22:00:38.1452395Z Preparing to unpack .../062-libatk1.0-dev_2.36.0-3build1_amd64.deb ...
2026-10-08T22:00:38.1456729Z Unpacking libatk1.0-dev:amd64 (2.36.0-3build1) ...
2026-10-08T22:00:38.1992407Z Selecting previously unselected package libdbus-1-dev:amd64.
2026-10-08T22:00:38.2077329Z Preparing to unpack .../063-libdbus-1-dev_1.12.20-2ubuntu4.1_amd64.deb ...
2026-10-08T22:00:38.2081943Z Unpacking libdbus-1-dev:amd64 (1.12.20-2ubuntu4.1) ...
2026-10-08T22:00:38.2272664Z Selecting previously unselected package libxfixes-dev:amd64.
2026-10-08T22:00:38.2357239Z Preparing to unpack .../064-libxfixes-dev_1%3a6.0.0-1_amd64.deb ...
2026-10-08T22:00:38.2362128Z Unpacking libxfixes-dev:amd64 (1:6.0.0-1) ...
2026-10-08T22:00:38.2606236Z Selecting previously unselected package libxi-dev:amd64.
2026-10-08T22:00:38.2689684Z Preparing to unpack .../065-libxi-dev_2%3a1.8-1build1_amd64.deb ...
2026-10-08T22:00:38.2694037Z Unpacking libxi-dev:amd64 (2:1.8-1build1) ...
2026-10-08T22:00:38.2860278Z Selecting previously unselected package libxtst-dev:amd64.
2026-10-08T22:00:38.2943408Z Preparing to unpack .../066-libxtst-dev_2%3a1.2.3-1build4_amd64.deb ...
2026-10-08T22:00:38.2947651Z Unpacking libxtst-dev:amd64 (2:1.2.3-1build4) ...
2026-10-08T22:00:38.3110248Z Selecting previously unselected package libatspi2.0-dev:amd64.
2026-10-08T22:00:38.3194732Z Preparing to unpack .../067-libatspi2.0-dev_2.44.0-3_amd64.deb ...
2026-10-08T22:00:38.3198922Z Unpacking libatspi2.0-dev:amd64 (2.44.0-3) ...
2026-10-08T22:00:38.3304089Z Selecting previously unselected package libatk-bridge2.0-dev:amd64.
2026-10-08T22:00:38.3389748Z Preparing to unpack .../068-libatk-bridge2.0-dev_2.38.0-3_amd64.deb ...
2026-10-08T22:00:38.3393913Z Unpacking libatk-bridge2.0-dev:amd64 (2.38.0-3) ...
2026-10-08T22:00:38.3478825Z Selecting previously unselected package libglx-dev:amd64.
2026-10-08T22:00:38.3562454Z Preparing to unpack .../069-libglx-dev_1.4.0-1_amd64.deb ...
2026-10-08T22:00:38.3567282Z Unpacking libglx-dev:amd64 (1.4.0-1) ...
2026-10-08T22:00:38.3806423Z Selecting previously unselected package libgl-dev:amd64.
2026-10-08T22:00:38.3890560Z Preparing to unpack .../070-libgl-dev_1.4.0-1_amd64.deb ...
2026-10-08T22:00:38.3894547Z Unpacking libgl-dev:amd64 (1.4.0-1) ...
2026-10-08T22:00:38.4002419Z Selecting previously unselected package libegl-dev:amd64.
2026-10-08T22:00:38.4086751Z Preparing to unpack .../071-libegl-dev_1.4.0-1_amd64.deb ...
2026-10-08T22:00:38.4091080Z Unpacking libegl-dev:amd64 (1.4.0-1) ...
2026-10-08T22:00:38.4178009Z Selecting previously unselected package libglvnd-core-dev:amd64.
2026-10-08T22:00:38.4261255Z Preparing to unpack .../072-libglvnd-core-dev_1.4.0-1_amd64.deb ...
2026-10-08T22:00:38.4265086Z Unpacking libglvnd-core-dev:amd64 (1.4.0-1) ...
2026-10-08T22:00:38.4357394Z Selecting previously unselected package libgles1:amd64.
2026-10-08T22:00:38.4440172Z Preparing to unpack .../073-libgles1_1.4.0-1_amd64.deb ...
2026-10-08T22:00:38.4444460Z Unpacking libgles1:amd64 (1.4.0-1) ...
2026-10-08T22:00:38.4537985Z Selecting previously unselected package libgles2:amd64.
2026-10-08T22:00:38.4622182Z Preparing to unpack .../074-libgles2_1.4.0-1_amd64.deb ...
2026-10-08T22:00:38.4627132Z Unpacking libgles2:amd64 (1.4.0-1) ...
2026-10-08T22:00:38.4714922Z Selecting previously unselected package libgles-dev:amd64.
2026-10-08T22:00:38.4799781Z Preparing to unpack .../075-libgles-dev_1.4.0-1_amd64.deb ...
2026-10-08T22:00:38.4803915Z Unpacking libgles-dev:amd64 (1.4.0-1) ...
2026-10-08T22:00:38.4915494Z Selecting previously unselected package libopengl0:amd64.
2026-10-08T22:00:38.5001121Z Preparing to unpack .../076-libopengl0_1.4.0-1_amd64.deb ...
2026-10-08T22:00:38.5005554Z Unpacking libopengl0:amd64 (1.4.0-1) ...
2026-10-08T22:00:38.5106255Z Selecting previously unselected package libopengl-dev:amd64.
2026-10-08T22:00:38.5191403Z Preparing to unpack .../077-libopengl-dev_1.4.0-1_amd64.deb ...
2026-10-08T22:00:38.5196106Z Unpacking libopengl-dev:amd64 (1.4.0-1) ...
2026-10-08T22:00:38.5281550Z Selecting previously unselected package libglvnd-dev:amd64.
2026-10-08T22:00:38.5365770Z Preparing to unpack .../078-libglvnd-dev_1.4.0-1_amd64.deb ...
2026-10-08T22:00:38.5370027Z Unpacking libglvnd-dev:amd64 (1.4.0-1) ...
2026-10-08T22:00:38.5455541Z Selecting previously unselected package libegl1-mesa-dev:amd64.
2026-10-08T22:00:38.5539034Z Preparing to unpack .../079-libegl1-mesa-dev_23.2.1-1ubuntu3.1~22.04.4_amd64.deb ...
2026-10-08T22:00:38.5542736Z Unpacking libegl1-mesa-dev:amd64 (23.2.1-1ubuntu3.1~22.04.4) ...
2026-10-08T22:00:38.5630986Z Selecting previously unselected package libepoxy-dev:amd64.
2026-10-08T22:00:38.5715164Z Preparing to unpack .../080-libepoxy-dev_1.5.10-1_amd64.deb ...
2026-10-08T22:00:38.5719405Z Unpacking libepoxy-dev:amd64 (1.5.10-1) ...
2026-10-08T22:00:38.5870818Z Selecting previously unselected package libfribidi-dev:amd64.
2026-10-08T22:00:38.5954324Z Preparing to unpack .../081-libfribidi-dev_1.0.8-2ubuntu3.1_amd64.deb ...
2026-10-08T22:00:38.6009046Z Unpacking libfribidi-dev:amd64 (1.0.8-2ubuntu3.1) ...
2026-10-08T22:00:38.6125398Z Selecting previously unselected package libharfbuzz-icu0:amd64.
2026-10-08T22:00:38.6212059Z Preparing to unpack .../082-libharfbuzz-icu0_2.7.4-1ubuntu3.2_amd64.deb ...
2026-10-08T22:00:38.6216789Z Unpacking libharfbuzz-icu0:amd64 (2.7.4-1ubuntu3.2) ...
2026-10-08T22:00:38.6308533Z Selecting previously unselected package libharfbuzz-gobject0:amd64.
2026-10-08T22:00:38.6392978Z Preparing to unpack .../083-libharfbuzz-gobject0_2.7.4-1ubuntu3.2_amd64.deb ...
2026-10-08T22:00:38.6729290Z Unpacking libharfbuzz-gobject0:amd64 (2.7.4-1ubuntu3.2) ...
2026-10-08T22:00:38.6830536Z Selecting previously unselected package libgraphite2-dev:amd64.
2026-10-08T22:00:38.6917264Z Preparing to unpack .../084-libgraphite2-dev_1.3.14-1ubuntu0.1_amd64.deb ...
2026-10-08T22:00:38.6921308Z Unpacking libgraphite2-dev:amd64 (1.3.14-1ubuntu0.1) ...
2026-10-08T22:00:38.7007822Z Selecting previously unselected package libharfbuzz-dev:amd64.
2026-10-08T22:00:38.7093778Z Preparing to unpack .../085-libharfbuzz-dev_2.7.4-1ubuntu3.2_amd64.deb ...
2026-10-08T22:00:38.7097940Z Unpacking libharfbuzz-dev:amd64 (2.7.4-1ubuntu3.2) ...
2026-10-08T22:00:38.7384840Z Selecting previously unselected package libdatrie-dev:amd64.
2026-10-08T22:00:38.7470777Z Preparing to unpack .../086-libdatrie-dev_0.2.13-2_amd64.deb ...
2026-10-08T22:00:38.7475161Z Unpacking libdatrie-dev:amd64 (0.2.13-2) ...
2026-10-08T22:00:38.7565043Z Selecting previously unselected package libthai-dev:amd64.
2026-10-08T22:00:38.7649335Z Preparing to unpack .../087-libthai-dev_0.1.29-1build1_amd64.deb ...
2026-10-08T22:00:38.7722691Z Unpacking libthai-dev:amd64 (0.1.29-1build1) ...
2026-10-08T22:00:38.7819365Z Selecting previously unselected package libxft-dev:amd64.
2026-10-08T22:00:38.7904037Z Preparing to unpack .../088-libxft-dev_2.3.4-1_amd64.deb ...
2026-10-08T22:00:38.7908201Z Unpacking libxft-dev:amd64 (2.3.4-1) ...
2026-10-08T22:00:38.8002094Z Selecting previously unselected package pango1.0-tools.
2026-10-08T22:00:38.8086029Z Preparing to unpack .../089-pango1.0-tools_1.50.6+ds-2ubuntu1_amd64.deb ...
2026-10-08T22:00:38.8090078Z Unpacking pango1.0-tools (1.50.6+ds-2ubuntu1) ...
2026-10-08T22:00:38.8186287Z Selecting previously unselected package libpango1.0-dev:amd64.
2026-10-08T22:00:38.8272753Z Preparing to unpack .../090-libpango1.0-dev_1.50.6+ds-2ubuntu1_amd64.deb ...
2026-10-08T22:00:38.8277324Z Unpacking libpango1.0-dev:amd64 (1.50.6+ds-2ubuntu1) ...
2026-10-08T22:00:38.8570318Z Selecting previously unselected package libwayland-bin.
2026-10-08T22:00:38.8656599Z Preparing to unpack .../091-libwayland-bin_1.20.0-1ubuntu0.1_amd64.deb ...
2026-10-08T22:00:38.8661180Z Unpacking libwayland-bin (1.20.0-1ubuntu0.1) ...
2026-10-08T22:00:38.8855244Z Selecting previously unselected package libwayland-dev:amd64.
2026-10-08T22:00:38.8938705Z Preparing to unpack .../092-libwayland-dev_1.20.0-1ubuntu0.1_amd64.deb ...
2026-10-08T22:00:38.8942855Z Unpacking libwayland-dev:amd64 (1.20.0-1ubuntu0.1) ...
2026-10-08T22:00:38.9048314Z Selecting previously unselected package libxcomposite-dev:amd64.
2026-10-08T22:00:38.9131575Z Preparing to unpack .../093-libxcomposite-dev_1%3a0.4.5-1build2_amd64.deb ...
2026-10-08T22:00:38.9139057Z Unpacking libxcomposite-dev:amd64 (1:0.4.5-1build2) ...
2026-10-08T22:00:38.9233014Z Selecting previously unselected package libxcursor-dev:amd64.
2026-10-08T22:00:38.9316783Z Preparing to unpack .../094-libxcursor-dev_1%3a1.2.0-2build4_amd64.deb ...
2026-10-08T22:00:38.9322434Z Unpacking libxcursor-dev:amd64 (1:1.2.0-2build4) ...
2026-10-08T22:00:38.9424470Z Selecting previously unselected package libxdamage-dev:amd64.
2026-10-08T22:00:38.9511427Z Preparing to unpack .../095-libxdamage-dev_1%3a1.1.5-2build2_amd64.deb ...
2026-10-08T22:00:38.9517080Z Unpacking libxdamage-dev:amd64 (1:1.1.5-2build2) ...
2026-10-08T22:00:38.9612136Z Selecting previously unselected package libxinerama-dev:amd64.
2026-10-08T22:00:38.9697636Z Preparing to unpack .../096-libxinerama-dev_2%3a1.1.4-3_amd64.deb ...
2026-10-08T22:00:38.9702681Z Unpacking libxinerama-dev:amd64 (2:1.1.4-3) ...
2026-10-08T22:00:38.9803368Z Selecting previously unselected package libxkbcommon-dev:amd64.
2026-10-08T22:00:38.9889541Z Preparing to unpack .../097-libxkbcommon-dev_1.4.0-1_amd64.deb ...
2026-10-08T22:00:38.9894644Z Unpacking libxkbcommon-dev:amd64 (1.4.0-1) ...
2026-10-08T22:00:38.9997467Z Selecting previously unselected package libxrandr-dev:amd64.
2026-10-08T22:00:39.0081650Z Preparing to unpack .../098-libxrandr-dev_2%3a1.5.2-1build1_amd64.deb ...
2026-10-08T22:00:39.0093242Z Unpacking libxrandr-dev:amd64 (2:1.5.2-1build1) ...
2026-10-08T22:00:39.0190625Z Selecting previously unselected package wayland-protocols.
2026-10-08T22:00:39.0277327Z Preparing to unpack .../099-wayland-protocols_1.25-1_all.deb ...
2026-10-08T22:00:39.0281631Z Unpacking wayland-protocols (1.25-1) ...
2026-10-08T22:00:39.0403769Z Selecting previously unselected package libgtk-3-dev:amd64.
2026-10-08T22:00:39.0490166Z Preparing to unpack .../100-libgtk-3-dev_3.24.33-1ubuntu2.2_amd64.deb ...
2026-10-08T22:00:39.0494330Z Unpacking libgtk-3-dev:amd64 (3.24.33-1ubuntu2.2) ...
2026-10-08T22:00:39.1717122Z Selecting previously unselected package libayatana-ido3-dev.
2026-10-08T22:00:39.1812617Z Preparing to unpack .../101-libayatana-ido3-dev_0.9.1-1_amd64.deb ...
2026-10-08T22:00:39.1817285Z Unpacking libayatana-ido3-dev (0.9.1-1) ...
2026-10-08T22:00:39.1923280Z Selecting previously unselected package libayatana-indicator3-dev.
2026-10-08T22:00:39.2014127Z Preparing to unpack .../102-libayatana-indicator3-dev_0.9.1-1_amd64.deb ...
2026-10-08T22:00:39.2019202Z Unpacking libayatana-indicator3-dev (0.9.1-1) ...
2026-10-08T22:00:39.2116354Z Selecting previously unselected package libdbus-glib-1-dev-bin.
2026-10-08T22:00:39.2203195Z Preparing to unpack .../103-libdbus-glib-1-dev-bin_0.112-2build1_amd64.deb ...
2026-10-08T22:00:39.2207966Z Unpacking libdbus-glib-1-dev-bin (0.112-2build1) ...
2026-10-08T22:00:39.2306584Z Selecting previously unselected package libdbus-glib-1-dev:amd64.
2026-10-08T22:00:39.2392025Z Preparing to unpack .../104-libdbus-glib-1-dev_0.112-2build1_amd64.deb ...
2026-10-08T22:00:39.2396281Z Unpacking libdbus-glib-1-dev:amd64 (0.112-2build1) ...
2026-10-08T22:00:39.2497085Z Selecting previously unselected package libdbusmenu-glib-dev:amd64.
2026-10-08T22:00:39.2581465Z Preparing to unpack .../105-libdbusmenu-glib-dev_16.04.1+18.10.20180917-0ubuntu8_amd64.deb ...
2026-10-08T22:00:39.2585881Z Unpacking libdbusmenu-glib-dev:amd64 (16.04.1+18.10.20180917-0ubuntu8) ...
2026-10-08T22:00:39.2691396Z Selecting previously unselected package libayatana-appindicator3-dev.
2026-10-08T22:00:39.2776397Z Preparing to unpack .../106-libayatana-appindicator3-dev_0.5.90-7ubuntu2_amd64.deb ...
2026-10-08T22:00:39.2781050Z Unpacking libayatana-appindicator3-dev (0.5.90-7ubuntu2) ...
2026-10-08T22:00:39.2896053Z Selecting previously unselected package libclang-14-dev.
2026-10-08T22:00:39.2984392Z Preparing to unpack .../107-libclang-14-dev_1%3a14.0.0-1ubuntu1.1_amd64.deb ...
2026-10-08T22:00:39.2988702Z Unpacking libclang-14-dev (1:14.0.0-1ubuntu1.1) ...
2026-10-08T22:00:40.6303693Z Selecting previously unselected package libclang-dev.
2026-10-08T22:00:40.6405924Z Preparing to unpack .../108-libclang-dev_1%3a14.0-55~exp2_amd64.deb ...
2026-10-08T22:00:40.6410772Z Unpacking libclang-dev (1:14.0-55~exp2) ...
2026-10-08T22:00:40.6507531Z Selecting previously unselected package libdazzle-1.0-dev:amd64.
2026-10-08T22:00:40.6600189Z Preparing to unpack .../109-libdazzle-1.0-dev_3.44.0-1_amd64.deb ...
2026-10-08T22:00:40.6604789Z Unpacking libdazzle-1.0-dev:amd64 (3.44.0-1) ...
2026-10-08T22:00:40.6824697Z Selecting previously unselected package libhyphen0:amd64.
2026-10-08T22:00:40.6916657Z Preparing to unpack .../110-libhyphen0_2.8.8-7build2_amd64.deb ...
2026-10-08T22:00:40.6921460Z Unpacking libhyphen0:amd64 (2.8.8-7build2) ...
2026-10-08T22:00:40.7018619Z Selecting previously unselected package libjavascriptcoregtk-4.1-0:amd64.
2026-10-08T22:00:40.7108281Z Preparing to unpack .../111-libjavascriptcoregtk-4.1-0_2.50.4-0ubuntu0.22.04.1_amd64.deb ...
2026-10-08T22:00:40.7113346Z Unpacking libjavascriptcoregtk-4.1-0:amd64 (2.50.4-0ubuntu0.22.04.1) ...
2026-10-08T22:00:40.9529791Z Selecting previously unselected package libjavascriptcoregtk-4.1-dev:amd64.
2026-10-08T22:00:40.9636053Z Preparing to unpack .../112-libjavascriptcoregtk-4.1-dev_2.50.4-0ubuntu0.22.04.1_amd64.deb ...
2026-10-08T22:00:40.9642082Z Unpacking libjavascriptcoregtk-4.1-dev:amd64 (2.50.4-0ubuntu0.22.04.1) ...
2026-10-08T22:00:40.9776370Z Selecting previously unselected package libjson-glib-dev:amd64.
2026-10-08T22:00:40.9876640Z Preparing to unpack .../113-libjson-glib-dev_1.6.6-1build1_amd64.deb ...
2026-10-08T22:00:40.9881872Z Unpacking libjson-glib-dev:amd64 (1.6.6-1build1) ...
2026-10-08T22:00:41.0019175Z Selecting previously unselected package libevdev2:amd64.
2026-10-08T22:00:41.0114063Z Preparing to unpack .../114-libevdev2_1.12.1+dfsg-1_amd64.deb ...
2026-10-08T22:00:41.0118734Z Unpacking libevdev2:amd64 (1.12.1+dfsg-1) ...
2026-10-08T22:00:41.0254912Z Selecting previously unselected package libmanette-0.2-0:amd64.
2026-10-08T22:00:41.0346460Z Preparing to unpack .../115-libmanette-0.2-0_0.2.6-3build1_amd64.deb ...
2026-10-08T22:00:41.0351264Z Unpacking libmanette-0.2-0:amd64 (0.2.6-3build1) ...
2026-10-08T22:00:41.0449065Z Selecting previously unselected package libnghttp2-dev.
2026-10-08T22:00:41.0540729Z Preparing to unpack .../116-libnghttp2-dev_1.43.0-1ubuntu0.4_amd64.deb ...
2026-10-08T22:00:41.0545956Z Unpacking libnghttp2-dev (1.43.0-1ubuntu0.4) ...
2026-10-08T22:00:41.0659733Z Selecting previously unselected package libwebrtc-audio-processing1:amd64.
2026-10-08T22:00:41.0752000Z Preparing to unpack .../117-libwebrtc-audio-processing1_0.3.1-0ubuntu5_amd64.deb ...
2026-10-08T22:00:41.0759232Z Unpacking libwebrtc-audio-processing1:amd64 (0.3.1-0ubuntu5) ...
2026-10-08T22:00:41.0875289Z Selecting previously unselected package libspa-0.2-modules:amd64.
2026-10-08T22:00:41.0966034Z Preparing to unpack .../118-libspa-0.2-modules_0.3.48-1ubuntu3.2_amd64.deb ...
2026-10-08T22:00:41.0970805Z Unpacking libspa-0.2-modules:amd64 (0.3.48-1ubuntu3.2) ...
2026-10-08T22:00:41.1133946Z Selecting previously unselected package libpipewire-0.3-0:amd64.
2026-10-08T22:00:41.1226440Z Preparing to unpack .../119-libpipewire-0.3-0_0.3.48-1ubuntu3.2_amd64.deb ...
2026-10-08T22:00:41.1231872Z Unpacking libpipewire-0.3-0:amd64 (0.3.48-1ubuntu3.2) ...
2026-10-08T22:00:41.1352852Z Selecting previously unselected package libpipewire-0.3-common.
2026-10-08T22:00:41.1445154Z Preparing to unpack .../120-libpipewire-0.3-common_0.3.48-1ubuntu3.2_all.deb ...
2026-10-08T22:00:41.1450971Z Unpacking libpipewire-0.3-common (0.3.48-1ubuntu3.2) ...
2026-10-08T22:00:41.1548701Z Selecting previously unselected package libspa-0.2-dev:amd64.
2026-10-08T22:00:41.1640460Z Preparing to unpack .../121-libspa-0.2-dev_0.3.48-1ubuntu3.2_amd64.deb ...
2026-10-08T22:00:41.1645646Z Unpacking libspa-0.2-dev:amd64 (0.3.48-1ubuntu3.2) ...
2026-10-08T22:00:41.1782459Z Selecting previously unselected package libpipewire-0.3-dev:amd64.
2026-10-08T22:00:41.1873121Z Preparing to unpack .../122-libpipewire-0.3-dev_0.3.48-1ubuntu3.2_amd64.deb ...
2026-10-08T22:00:41.1880774Z Unpacking libpipewire-0.3-dev:amd64 (0.3.48-1ubuntu3.2) ...
2026-10-08T22:00:41.2001832Z Selecting previously unselected package libpipewire-0.3-modules:amd64.
2026-10-08T22:00:41.2092816Z Preparing to unpack .../123-libpipewire-0.3-modules_0.3.48-1ubuntu3.2_amd64.deb ...
2026-10-08T22:00:41.2098151Z Unpacking libpipewire-0.3-modules:amd64 (0.3.48-1ubuntu3.2) ...
2026-10-08T22:00:41.2307155Z Selecting previously unselected package libpolkit-gobject-1-dev.
2026-10-08T22:00:41.2400683Z Preparing to unpack .../124-libpolkit-gobject-1-dev_0.105-33ubuntu0.2_amd64.deb ...
2026-10-08T22:00:41.2405476Z Unpacking libpolkit-gobject-1-dev (0.105-33ubuntu0.2) ...
2026-10-08T22:00:41.2526286Z Selecting previously unselected package libpsl-dev:amd64.
2026-10-08T22:00:41.2619061Z Preparing to unpack .../125-libpsl-dev_0.21.0-1.2build2_amd64.deb ...
2026-10-08T22:00:41.2624515Z Unpacking libpsl-dev:amd64 (0.21.0-1.2build2) ...
2026-10-08T22:00:41.2743616Z Selecting previously unselected package libsysprof-4:amd64.
2026-10-08T22:00:41.2836258Z Preparing to unpack .../126-libsysprof-4_3.44.0-1_amd64.deb ...
2026-10-08T22:00:41.2841650Z Unpacking libsysprof-4:amd64 (3.44.0-1) ...
2026-10-08T22:00:41.2959232Z Selecting previously unselected package libsysprof-ui-4:amd64.
2026-10-08T22:00:41.3050284Z Preparing to unpack .../127-libsysprof-ui-4_3.44.0-1_amd64.deb ...
2026-10-08T22:00:41.3055317Z Unpacking libsysprof-ui-4:amd64 (3.44.0-1) ...
2026-10-08T22:00:41.3166280Z Selecting previously unselected package libsysprof-4-dev:amd64.
2026-10-08T22:00:41.3259365Z Preparing to unpack .../128-libsysprof-4-dev_3.44.0-1_amd64.deb ...
2026-10-08T22:00:41.3265062Z Unpacking libsysprof-4-dev:amd64 (3.44.0-1) ...
2026-10-08T22:00:41.3732562Z Selecting previously unselected package libsoup-3.0-dev:amd64.
2026-10-08T22:00:41.3823971Z Preparing to unpack .../129-libsoup-3.0-dev_3.0.7-0ubuntu1_amd64.deb ...
2026-10-08T22:00:41.3829404Z Unpacking libsoup-3.0-dev:amd64 (3.0.7-0ubuntu1) ...
2026-10-08T22:00:41.3958871Z Selecting previously unselected package xdg-dbus-proxy.
2026-10-08T22:00:41.4050973Z Preparing to unpack .../130-xdg-dbus-proxy_0.1.3-1ubuntu0.1_amd64.deb ...
2026-10-08T22:00:41.4055248Z Unpacking xdg-dbus-proxy (0.1.3-1ubuntu0.1) ...
2026-10-08T22:00:41.4160749Z Selecting previously unselected package libwoff1:amd64.
2026-10-08T22:00:41.4249946Z Preparing to unpack .../131-libwoff1_1.0.2-1build4_amd64.deb ...
2026-10-08T22:00:41.4254415Z Unpacking libwoff1:amd64 (1.0.2-1build4) ...
2026-10-08T22:00:41.4363590Z Selecting previously unselected package libwebkit2gtk-4.1-0:amd64.
2026-10-08T22:00:41.4453263Z Preparing to unpack .../132-libwebkit2gtk-4.1-0_2.50.4-0ubuntu0.22.04.1_amd64.deb ...
2026-10-08T22:00:41.4458611Z Unpacking libwebkit2gtk-4.1-0:amd64 (2.50.4-0ubuntu0.22.04.1) ...
2026-10-08T22:00:42.0446068Z Selecting previously unselected package libwebkit2gtk-4.1-dev.
2026-10-08T22:00:42.0545264Z Preparing to unpack .../133-libwebkit2gtk-4.1-dev_2.50.4-0ubuntu0.22.04.1_amd64.deb ...
2026-10-08T22:00:42.0550315Z Unpacking libwebkit2gtk-4.1-dev (2.50.4-0ubuntu0.22.04.1) ...
2026-10-08T22:00:42.1064918Z Selecting previously unselected package pipewire-bin.
2026-10-08T22:00:42.1165664Z Preparing to unpack .../134-pipewire-bin_0.3.48-1ubuntu3.2_amd64.deb ...
2026-10-08T22:00:42.1355363Z Unpacking pipewire-bin (0.3.48-1ubuntu3.2) ...
2026-10-08T22:00:42.1804457Z Selecting previously unselected package pipewire:amd64.
2026-10-08T22:00:42.1902574Z Preparing to unpack .../135-pipewire_0.3.48-1ubuntu3.2_amd64.deb ...
2026-10-08T22:00:42.1908083Z Unpacking pipewire:amd64 (0.3.48-1ubuntu3.2) ...
2026-10-08T22:00:42.2016832Z Selecting previously unselected package pipewire-media-session.
2026-10-08T22:00:42.2116374Z Preparing to unpack .../136-pipewire-media-session_0.4.1-2ubuntu1_amd64.deb ...
2026-10-08T22:00:42.2121480Z Unpacking pipewire-media-session (0.4.1-2ubuntu1) ...
2026-10-08T22:00:42.2243313Z Selecting previously unselected package rtkit.
2026-10-08T22:00:42.2339162Z Preparing to unpack .../137-rtkit_0.13-4build2_amd64.deb ...
2026-10-08T22:00:42.2372055Z Unpacking rtkit (0.13-4build2) ...
2026-10-08T22:00:42.2628895Z Selecting previously unselected package xdg-desktop-portal.
2026-10-08T22:00:42.2728006Z Preparing to unpack .../138-xdg-desktop-portal_1.14.4-1ubuntu2~22.04.2_amd64.deb ...
2026-10-08T22:00:42.2732844Z Unpacking xdg-desktop-portal (1.14.4-1ubuntu2~22.04.2) ...
2026-10-08T22:00:42.2857969Z Selecting previously unselected package xdg-desktop-portal-gtk.
2026-10-08T22:00:42.2957327Z Preparing to unpack .../139-xdg-desktop-portal-gtk_1.14.0-1build1_amd64.deb ...
2026-10-08T22:00:42.2963292Z Unpacking xdg-desktop-portal-gtk (1.14.0-1build1) ...
2026-10-08T22:00:42.3415474Z Setting up libpipewire-0.3-common (0.3.48-1ubuntu3.2) ...
2026-10-08T22:00:42.3429910Z Setting up bubblewrap (0.6.1-1ubuntu0.3) ...
2026-10-08T22:00:42.3454850Z Setting up libcdparanoia0:amd64 (3.10.2+debian-14build2) ...
2026-10-08T22:00:42.3466003Z Setting up libraw1394-11:amd64 (2.1.2-2build2) ...
2026-10-08T22:00:42.3477436Z Setting up rtkit (0.13-4build2) ...
2026-10-08T22:00:42.6122381Z Setting up libtag1v5-vanilla:amd64 (1.11.1+dfsg.1-3ubuntu3) ...
2026-10-08T22:00:42.6134820Z Setting up libharfbuzz-icu0:amd64 (2.7.4-1ubuntu3.2) ...
2026-10-08T22:00:42.6145979Z Setting up libmpg123-0:amd64 (1.29.3-1ubuntu0.1) ...
2026-10-08T22:00:42.6157252Z Setting up libspeex1:amd64 (1.2~rc1.2-1.1ubuntu3) ...
2026-10-08T22:00:42.6168941Z Setting up libcaca0:amd64 (0.99.beta19-2.2ubuntu4.2) ...
2026-10-08T22:00:42.6180008Z Setting up libpangoxft-1.0-0:amd64 (1.50.6+ds-2ubuntu1) ...
2026-10-08T22:00:42.6192315Z Setting up gir1.2-dbusmenu-glib-0.4:amd64 (16.04.1+18.10.20180917-0ubuntu8) ...
2026-10-08T22:00:42.6203790Z Setting up libglvnd-core-dev:amd64 (1.4.0-1) ...
2026-10-08T22:00:42.6215525Z Setting up libtwolame0:amd64 (0.4.0-2build2) ...
2026-10-08T22:00:42.6226411Z Setting up libwoff1:amd64 (1.0.2-1build4) ...
2026-10-08T22:00:42.6238087Z Setting up libhyphen0:amd64 (2.8.8-7build2) ...
2026-10-08T22:00:42.6248967Z Setting up libvisual-0.4-0:amd64 (0.4.0-17build2) ...
2026-10-08T22:00:42.6259942Z Setting up gir1.2-atk-1.0:amd64 (2.36.0-3build1) ...
2026-10-08T22:00:42.6271096Z Setting up libfribidi-dev:amd64 (1.0.8-2ubuntu3.1) ...
2026-10-08T22:00:42.6282082Z Setting up libxkbcommon-dev:amd64 (1.4.0-1) ...
2026-10-08T22:00:42.6294195Z Setting up pango1.0-tools (1.50.6+ds-2ubuntu1) ...
2026-10-08T22:00:42.6305155Z Setting up libdbus-glib-1-dev-bin (0.112-2build1) ...
2026-10-08T22:00:42.6317737Z Setting up libwebrtc-audio-processing1:amd64 (0.3.1-0ubuntu5) ...
2026-10-08T22:00:42.6329079Z Setting up libharfbuzz-gobject0:amd64 (2.7.4-1ubuntu3.2) ...
2026-10-08T22:00:42.6339784Z Setting up gir1.2-atspi-2.0:amd64 (2.44.0-3) ...
2026-10-08T22:00:42.6350696Z Setting up libsoup-3.0-common (3.0.7-0ubuntu1) ...
2026-10-08T22:00:42.6361336Z Setting up libayatana-ido3-0.4-0:amd64 (0.9.1-1) ...
2026-10-08T22:00:42.6372884Z Setting up gir1.2-harfbuzz-0.0:amd64 (2.7.4-1ubuntu3.2) ...
2026-10-08T22:00:42.6384357Z Setting up libopengl0:amd64 (1.4.0-1) ...
2026-10-08T22:00:42.6395592Z Setting up libpsl-dev:amd64 (0.21.0-1.2build2) ...
2026-10-08T22:00:42.6405660Z Setting up libflac8:amd64 (1.3.3-2ubuntu0.2) ...
2026-10-08T22:00:42.6416587Z Setting up libxfixes-dev:amd64 (1:6.0.0-1) ...
2026-10-08T22:00:42.6427243Z Setting up libwayland-bin (1.20.0-1ubuntu0.1) ...
2026-10-08T22:00:42.6438402Z Setting up libgraphite2-dev:amd64 (1.3.14-1ubuntu0.1) ...
2026-10-08T22:00:42.6449454Z Setting up gir1.2-pango-1.0:amd64 (1.50.6+ds-2ubuntu1) ...
2026-10-08T22:00:42.6459780Z Setting up libxrandr-dev:amd64 (2:1.5.2-1build1) ...
2026-10-08T22:00:42.6470305Z Setting up libegl-mesa0:amd64 (23.2.1-1ubuntu3.1~22.04.4) ...
2026-10-08T22:00:42.6481038Z Setting up libjavascriptcoregtk-4.1-0:amd64 (2.50.4-0ubuntu0.22.04.1) ...
2026-10-08T22:00:42.6491772Z Setting up libgles2:amd64 (1.4.0-1) ...
2026-10-08T22:00:42.6502307Z Setting up libspa-0.2-modules:amd64 (0.3.48-1ubuntu3.2) ...
2026-10-08T22:00:42.6512850Z Setting up libgles1:amd64 (1.4.0-1) ...
2026-10-08T22:00:42.6525036Z Setting up libpipewire-0.3-0:amd64 (0.3.48-1ubuntu3.2) ...
2026-10-08T22:00:42.6535669Z Setting up libopus0:amd64 (1.3.1-0.1build2) ...
2026-10-08T22:00:42.6545912Z Setting up libxv1:amd64 (2:1.0.11-1build2) ...
2026-10-08T22:00:42.6557123Z Setting up liborc-0.4-0:amd64 (1:0.4.32-2ubuntu0.1) ...
2026-10-08T22:00:42.6566893Z Setting up pkg-config (0.29.2-1ubuntu3) ...
2026-10-08T22:00:42.6741497Z Setting up libxinerama-dev:amd64 (2:1.1.4-3) ...
2026-10-08T22:00:42.6753815Z Setting up gir1.2-ayatanaido3-0.4:amd64 (0.9.1-1) ...
2026-10-08T22:00:42.6765170Z Setting up xdg-dbus-proxy (0.1.3-1ubuntu0.1) ...
2026-10-08T22:00:42.6776718Z Setting up wayland-protocols (1.25-1) ...
2026-10-08T22:00:42.6789372Z Setting up libtag1v5:amd64 (1.11.1+dfsg.1-3ubuntu3) ...
2026-10-08T22:00:42.6801013Z Setting up libdatrie-dev:amd64 (0.2.13-2) ...
2026-10-08T22:00:42.6812748Z Setting up libdv4:amd64 (1.0.0-14build1) ...
2026-10-08T22:00:42.6824388Z Setting up libasyncns0:amd64 (0.8-6build2) ...
2026-10-08T22:00:42.6836882Z Setting up gir1.2-polkit-1.0 (0.105-33ubuntu0.2) ...
2026-10-08T22:00:42.6849272Z Setting up libwavpack1:amd64 (5.4.0-1build2) ...
2026-10-08T22:00:42.6861121Z Setting up libdazzle-common (3.44.0-1) ...
2026-10-08T22:00:42.6872636Z Setting up libtheora0:amd64 (1.1.1+dfsg.1-15ubuntu4) ...
2026-10-08T22:00:42.6883790Z Setting up libv4lconvert0:amd64 (1.22.1-2build1) ...
2026-10-08T22:00:42.6895143Z Setting up libegl1:amd64 (1.4.0-1) ...
2026-10-08T22:00:42.6910815Z Setting up libclang-14-dev (1:14.0.0-1ubuntu1.1) ...
2026-10-08T22:00:42.6925085Z Setting up libglx-dev:amd64 (1.4.0-1) ...
2026-10-08T22:00:42.6937091Z Setting up gir1.2-json-1.0:amd64 (1.6.6-1build1) ...
2026-10-08T22:00:42.6948918Z Setting up libvpx7:amd64 (1.11.0-2ubuntu2.5) ...
2026-10-08T22:00:42.6960166Z Setting up libopengl-dev:amd64 (1.4.0-1) ...
2026-10-08T22:00:42.6970894Z Setting up libsysprof-4:amd64 (3.44.0-1) ...
2026-10-08T22:00:42.6982793Z Setting up libxi-dev:amd64 (2:1.8-1build1) ...
2026-10-08T22:00:42.6993627Z Setting up libspa-0.2-dev:amd64 (0.3.48-1ubuntu3.2) ...
2026-10-08T22:00:42.7004817Z Setting up libsamplerate0:amd64 (0.2.2-1build1) ...
2026-10-08T22:00:42.7016475Z Setting up libayatana-indicator3-7:amd64 (0.9.1-1) ...
2026-10-08T22:00:42.7030181Z Setting up libevdev2:amd64 (1.12.1+dfsg-1) ...
2026-10-08T22:00:42.7041611Z Setting up libgl-dev:amd64 (1.4.0-1) ...
2026-10-08T22:00:42.7052910Z Setting up libjavascriptcoregtk-4.1-dev:amd64 (2.50.4-0ubuntu0.22.04.1) ...
2026-10-08T22:00:42.7064307Z Setting up libmp3lame0:amd64 (3.100-3build2) ...
2026-10-08T22:00:42.7076381Z Setting up libgraphene-1.0-0:amd64 (1.10.8-1) ...
2026-10-08T22:00:42.7087812Z Setting up libatk1.0-dev:amd64 (2.36.0-3build1) ...
2026-10-08T22:00:42.7099916Z Setting up libvorbisenc2:amd64 (1.3.7-1build2) ...
2026-10-08T22:00:42.7112920Z Setting up libaa1:amd64 (1.4p5-50build1) ...
2026-10-08T22:00:42.7125220Z Setting up libiec61883-0:amd64 (1.2.0-4build3) ...
2026-10-08T22:00:42.7137188Z Setting up libxft-dev:amd64 (2.3.4-1) ...
2026-10-08T22:00:42.7149033Z Setting up libxtst-dev:amd64 (2:1.2.3-1build4) ...
2026-10-08T22:00:42.7161064Z Setting up libxdamage-dev:amd64 (1:1.1.5-2build2) ...
2026-10-08T22:00:42.7172666Z Setting up libavc1394-0:amd64 (0.5.4-5build2) ...
2026-10-08T22:00:42.7184702Z Setting up libnghttp2-dev (1.43.0-1ubuntu0.4) ...
2026-10-08T22:00:42.7549548Z Setting up libharfbuzz-dev:amd64 (2.7.4-1ubuntu3.2) ...
2026-10-08T22:00:42.7561299Z Setting up libdazzle-1.0-0:amd64 (3.44.0-1) ...
2026-10-08T22:00:42.7573526Z Setting up xdg-desktop-portal (1.14.4-1ubuntu2~22.04.2) ...
2026-10-08T22:00:42.8217417Z Created symlink /etc/systemd/user/graphical-session-pre.target.wants/xdg-desktop-portal-rewrite-launchers.service → /usr/lib/systemd/user/xdg-desktop-portal-rewrite-launchers.service.
2026-10-08T22:00:42.8231402Z Setting up libclang-dev (1:14.0-55~exp2) ...
2026-10-08T22:00:42.8243355Z Setting up libegl-dev:amd64 (1.4.0-1) ...
2026-10-08T22:00:42.8255259Z Setting up libxcomposite-dev:amd64 (1:0.4.5-1build2) ...
2026-10-08T22:00:42.8266428Z Setting up libxcursor-dev:amd64 (1:1.2.0-2build4) ...
2026-10-08T22:00:42.8277990Z Setting up libmanette-0.2-0:amd64 (0.2.6-3build1) ...
2026-10-08T22:00:42.8290120Z Setting up libjson-glib-dev:amd64 (1.6.6-1build1) ...
2026-10-08T22:00:42.8300645Z Setting up libepoxy-dev:amd64 (1.5.10-1) ...
2026-10-08T22:00:42.8312096Z Setting up libsoup-3.0-0:amd64 (3.0.7-0ubuntu1) ...
2026-10-08T22:00:42.8325115Z Setting up gir1.2-gtk-3.0:amd64 (3.24.33-1ubuntu2.2) ...
2026-10-08T22:00:42.8337177Z Setting up libgstreamer-plugins-base1.0-0:amd64 (1.20.1-1ubuntu0.7) ...
2026-10-08T22:00:42.8348822Z Setting up libwayland-dev:amd64 (1.20.0-1ubuntu0.1) ...
2026-10-08T22:00:42.8360378Z Setting up libv4l-0:amd64 (1.22.1-2build1) ...
2026-10-08T22:00:42.8371950Z Setting up libgstreamer-plugins-good1.0-0:amd64 (1.20.3-0ubuntu1.10) ...
2026-10-08T22:00:42.8383241Z Setting up libgstreamer-gl1.0-0:amd64 (1.20.1-1ubuntu0.7) ...
2026-10-08T22:00:42.8394953Z Setting up gstreamer1.0-plugins-base:amd64 (1.20.1-1ubuntu0.7) ...
2026-10-08T22:00:42.8406144Z Setting up libdbus-1-dev:amd64 (1.12.20-2ubuntu4.1) ...
2026-10-08T22:00:42.8417355Z Setting up libayatana-appindicator3-1 (0.5.90-7ubuntu2) ...
2026-10-08T22:00:42.8428860Z Setting up libshout3:amd64 (2.4.5-1build3) ...
2026-10-08T22:00:42.8440271Z Setting up libpolkit-gobject-1-dev (0.105-33ubuntu0.2) ...
2026-10-08T22:00:42.8451404Z Setting up libthai-dev:amd64 (0.1.29-1build1) ...
2026-10-08T22:00:42.8461679Z Setting up gir1.2-soup-3.0:amd64 (3.0.7-0ubuntu1) ...
2026-10-08T22:00:42.8473260Z Setting up libjack-jackd2-0:amd64 (1.9.20~dfsg-1) ...
2026-10-08T22:00:42.8484527Z Setting up libpipewire-0.3-dev:amd64 (0.3.48-1ubuntu3.2) ...
2026-10-08T22:00:42.8494791Z Setting up libsysprof-ui-4:amd64 (3.44.0-1) ...
2026-10-08T22:00:42.8506440Z Setting up libsndfile1:amd64 (1.0.31-2ubuntu0.2) ...
2026-10-08T22:00:42.8518455Z Setting up libgles-dev:amd64 (1.4.0-1) ...
2026-10-08T22:00:42.8529069Z Setting up gir1.2-dazzle-1.0:amd64 (3.44.0-1) ...
2026-10-08T22:00:42.8539946Z Setting up gir1.2-ayatanaappindicator3-0.1 (0.5.90-7ubuntu2) ...
2026-10-08T22:00:42.8550770Z Setting up gstreamer1.0-gl:amd64 (1.20.1-1ubuntu0.7) ...
2026-10-08T22:00:42.8561699Z Setting up xdg-desktop-portal-gtk (1.14.0-1build1) ...
2026-10-08T22:00:42.8572239Z Setting up libatspi2.0-dev:amd64 (2.44.0-3) ...
2026-10-08T22:00:42.8583714Z Setting up gstreamer1.0-x:amd64 (1.20.1-1ubuntu0.7) ...
2026-10-08T22:00:42.8594782Z Setting up libpulse0:amd64 (1:15.99.1+dfsg1-1ubuntu2.2) ...
2026-10-08T22:00:42.8631105Z Setting up libdbus-glib-1-dev:amd64 (0.112-2build1) ...
2026-10-08T22:00:42.8642491Z Setting up gstreamer1.0-plugins-good:amd64 (1.20.3-0ubuntu1.10) ...
2026-10-08T22:00:42.8654276Z Setting up libglvnd-dev:amd64 (1.4.0-1) ...
2026-10-08T22:00:42.8665395Z Setting up libatk-bridge2.0-dev:amd64 (2.38.0-3) ...
2026-10-08T22:00:42.8676158Z Setting up libpipewire-0.3-modules:amd64 (0.3.48-1ubuntu3.2) ...
2026-10-08T22:00:42.8687134Z Setting up libpango1.0-dev:amd64 (1.50.6+ds-2ubuntu1) ...
2026-10-08T22:00:42.8698642Z Setting up libdbusmenu-glib-dev:amd64 (16.04.1+18.10.20180917-0ubuntu8) ...
2026-10-08T22:00:42.8709822Z Setting up libegl1-mesa-dev:amd64 (23.2.1-1ubuntu3.1~22.04.4) ...
2026-10-08T22:00:42.8720721Z Setting up libgtk-3-dev:amd64 (3.24.33-1ubuntu2.2) ...
2026-10-08T22:00:42.8731502Z Setting up libwebkit2gtk-4.1-0:amd64 (2.50.4-0ubuntu0.22.04.1) ...
2026-10-08T22:00:42.8742977Z Setting up libdazzle-1.0-dev:amd64 (3.44.0-1) ...
2026-10-08T22:00:42.8753769Z Setting up libayatana-ido3-dev (0.9.1-1) ...
2026-10-08T22:00:42.8764227Z Setting up pipewire-bin (0.3.48-1ubuntu3.2) ...
2026-10-08T22:00:42.8950734Z Setting up libayatana-indicator3-dev (0.9.1-1) ...
2026-10-08T22:00:42.8962417Z Setting up libsysprof-4-dev:amd64 (3.44.0-1) ...
2026-10-08T22:00:42.8973564Z Setting up pipewire:amd64 (0.3.48-1ubuntu3.2) ...
2026-10-08T22:00:42.9523888Z Created symlink /etc/systemd/user/default.target.wants/pipewire.service → /usr/lib/systemd/user/pipewire.service.
2026-10-08T22:00:42.9524791Z Created symlink /etc/systemd/user/sockets.target.wants/pipewire.socket → /usr/lib/systemd/user/pipewire.socket.
2026-10-08T22:00:43.0076465Z Setting up libayatana-appindicator3-dev (0.5.90-7ubuntu2) ...
2026-10-08T22:00:43.0087876Z Setting up libsoup-3.0-dev:amd64 (3.0.7-0ubuntu1) ...
2026-10-08T22:00:43.0098399Z Setting up libwebkit2gtk-4.1-dev (2.50.4-0ubuntu0.22.04.1) ...
2026-10-08T22:00:43.0109210Z Setting up pipewire-media-session (0.4.1-2ubuntu1) ...
2026-10-08T22:00:43.0653215Z Created symlink /etc/systemd/user/pipewire-session-manager.service → /usr/lib/systemd/user/pipewire-media-session.service.
2026-10-08T22:00:43.0654186Z Created symlink /etc/systemd/user/pipewire.service.wants/pipewire-media-session.service → /usr/lib/systemd/user/pipewire-media-session.service.
2026-10-08T22:00:43.0672798Z Processing triggers for libc-bin (2.35-0ubuntu3.15) ...
2026-10-08T22:00:55.5764281Z Processing triggers for man-db (2.10.2-1) ...
2026-10-08T22:00:55.5777961Z Not building database; man-db/auto-update is not 'true'.
2026-10-08T22:00:55.5789108Z Processing triggers for dbus (1.12.20-2ubuntu4.1) ...
2026-10-08T22:00:55.5827205Z Processing triggers for mailcap (3.70+nmu1ubuntu1.22.04.1) ...
2026-10-08T22:00:57.2538690Z 
2026-10-08T22:00:57.2539299Z Running kernel seems to be up-to-date.
2026-10-08T22:00:57.2539560Z 
2026-10-08T22:00:57.2539692Z No services need to be restarted.
2026-10-08T22:00:57.2539830Z 
2026-10-08T22:00:57.2539916Z No containers need to be restarted.
2026-10-08T22:00:57.2540021Z 
2026-10-08T22:00:57.2540156Z No user sessions are running outdated binaries.
2026-10-08T22:00:57.2540284Z 
2026-10-08T22:00:57.2540440Z No VM guests are running outdated hypervisor (qemu) binaries on this host.
2026-10-08T22:00:58.2961596Z ##[group]Run Swatinem/rust-cache@v2
2026-10-08T22:00:58.2961756Z with:
2026-10-08T22:00:58.2961876Z   workspaces: apps/desktop/src-tauri
2026-10-08T22:00:58.2962022Z   prefix-key: v0-rust
2026-10-08T22:00:58.2962143Z   add-job-id-key: true
2026-10-08T22:00:58.2962275Z   add-rust-environment-hash-key: true
2026-10-08T22:00:58.2962424Z   cache-targets: true
2026-10-08T22:00:58.2962546Z   cache-all-crates: false
2026-10-08T22:00:58.2962681Z   cache-workspace-crates: false
2026-10-08T22:00:58.2962813Z   save-if: true
2026-10-08T22:00:58.2962929Z   cache-provider: github
2026-10-08T22:00:58.2963050Z   cache-bin: true
2026-10-08T22:00:58.2963161Z   lookup-only: false
2026-10-08T22:00:58.2963278Z   cmd-format: {0}
2026-10-08T22:00:58.2963384Z env:
2026-10-08T22:00:58.2963494Z   CARGO_HOME: /home/runner/.cargo
2026-10-08T22:00:58.2963632Z   CARGO_INCREMENTAL: 0
2026-10-08T22:00:58.2963755Z   CARGO_TERM_COLOR: always
2026-10-08T22:00:58.2963879Z ##[endgroup]
2026-10-08T22:00:58.7523547Z ##[group]Cache Configuration
2026-10-08T22:00:58.7524278Z Cache Provider:
2026-10-08T22:00:58.7524478Z     github
2026-10-08T22:00:58.7524670Z Workspaces:
2026-10-08T22:00:58.7525006Z     /home/runner/work/Glassboard/Glassboard/apps/desktop/src-tauri
2026-10-08T22:00:58.7525354Z Cache Paths:
2026-10-08T22:00:58.7525551Z     /home/runner/.cargo/bin
2026-10-08T22:00:58.7525795Z     /home/runner/.cargo/.crates.toml
2026-10-08T22:00:58.7526067Z     /home/runner/.cargo/.crates2.json
2026-10-08T22:00:58.7526330Z     /home/runner/.cargo/registry
2026-10-08T22:00:58.7526557Z     /home/runner/.cargo/git
2026-10-08T22:00:58.7526906Z     /home/runner/work/Glassboard/Glassboard/apps/desktop/src-tauri/target
2026-10-08T22:00:58.7527358Z Restore Key:
2026-10-08T22:00:58.7527570Z     v0-rust-desktop-Linux-x64-c7b3ef7d
2026-10-08T22:00:58.7527807Z Cache Key:
2026-10-08T22:00:58.7528042Z     v0-rust-desktop-Linux-x64-c7b3ef7d-9dd2f7b3
2026-10-08T22:00:58.7528310Z .. Prefix:
2026-10-08T22:00:58.7528517Z   - v0-rust-desktop-Linux-x64
2026-10-08T22:00:58.7528784Z .. Environment considered:
2026-10-08T22:00:58.7529000Z   - Rust Versions:
2026-10-08T22:00:58.7529326Z     - 1.99.0 x86_64-unknown-linux-gnu b940084d7eb6a299eb4bfeb8e34901bc051e7ac4
2026-10-08T22:00:58.7529663Z   - CARGO_HOME
2026-10-08T22:00:58.7529847Z   - CARGO_INCREMENTAL
2026-10-08T22:00:58.7530045Z   - CARGO_TERM_COLOR
2026-10-08T22:00:58.7530254Z .. Lockfiles considered:
2026-10-08T22:00:58.7530608Z   - /home/runner/work/Glassboard/Glassboard/apps/desktop/src-tauri/Cargo.lock
2026-10-08T22:00:58.7531116Z   - /home/runner/work/Glassboard/Glassboard/apps/desktop/src-tauri/Cargo.toml
2026-10-08T22:00:58.7531616Z ##[endgroup]
2026-10-08T22:00:58.7531724Z 
2026-10-08T22:00:58.7531826Z ... Restoring cache ...
2026-10-08T22:00:58.8894003Z No cache found.
2026-10-08T22:00:58.8949399Z ##[group]Run npm ci
2026-10-08T22:00:58.8949539Z npm ci
2026-10-08T22:00:58.8979009Z shell: /usr/bin/bash -e {0}
2026-10-08T22:00:58.8979144Z env:
2026-10-08T22:00:58.8979260Z   CARGO_HOME: /home/runner/.cargo
2026-10-08T22:00:58.8979415Z   CARGO_INCREMENTAL: 0
2026-10-08T22:00:58.8979539Z   CARGO_TERM_COLOR: always
2026-10-08T22:00:58.8979668Z   CACHE_ON_FAILURE: false
2026-10-08T22:00:58.8979793Z ##[endgroup]
2026-10-08T22:01:01.4842964Z npm warn deprecated whatwg-encoding@3.1.1: Use @exodus/bytes instead for a more spec-conformant and faster implementation
2026-10-08T22:01:05.2527857Z 
2026-10-08T22:01:05.2528553Z added 369 packages, and audited 373 packages in 6s
2026-10-08T22:01:05.2528847Z 
2026-10-08T22:01:05.2529001Z 105 packages are looking for funding
2026-10-08T22:01:05.2529262Z   run `npm fund` for details
2026-10-08T22:01:05.2540163Z 
2026-10-08T22:01:05.2540401Z 2 high severity vulnerabilities
2026-10-08T22:01:05.2540536Z 
2026-10-08T22:01:05.2540675Z To address all issues, run:
2026-10-08T22:01:05.2540830Z   npm audit fix
2026-10-08T22:01:05.2540901Z 
2026-10-08T22:01:05.2540975Z Run `npm audit` for details.
2026-10-08T22:01:05.2748841Z ##[group]Run npm run check --workspace apps/desktop
2026-10-08T22:01:05.2749077Z npm run check --workspace apps/desktop
2026-10-08T22:01:05.2778735Z shell: /usr/bin/bash -e {0}
2026-10-08T22:01:05.2778871Z env:
2026-10-08T22:01:05.2778990Z   CARGO_HOME: /home/runner/.cargo
2026-10-08T22:01:05.2779131Z   CARGO_INCREMENTAL: 0
2026-10-08T22:01:05.2779253Z   CARGO_TERM_COLOR: always
2026-10-08T22:01:05.2779384Z   CACHE_ON_FAILURE: false
2026-10-08T22:01:05.2779513Z ##[endgroup]
2026-10-08T22:01:05.3564732Z 
2026-10-08T22:01:05.3565371Z > @glassboard/desktop@0.1.1 check
2026-10-08T22:01:05.3565781Z > svelte-check --tsconfig ./tsconfig.json
2026-10-08T22:01:05.3565978Z 
2026-10-08T22:01:07.6323812Z Loading svelte-check in workspace: /home/runner/work/Glassboard/Glassboard/apps/desktop
2026-10-08T22:01:07.6324444Z Getting Svelte diagnostics...
2026-10-08T22:01:07.6324638Z 
2026-10-08T22:01:07.6435118Z svelte-check found 0 errors and 0 warnings
2026-10-08T22:01:07.6631085Z 
2026-10-08T22:01:07.6653110Z ##[group]Run npm test --workspace apps/desktop
2026-10-08T22:01:07.6653416Z npm test --workspace apps/desktop
2026-10-08T22:01:07.6683480Z shell: /usr/bin/bash -e {0}
2026-10-08T22:01:07.6683617Z env:
2026-10-08T22:01:07.6683732Z   CARGO_HOME: /home/runner/.cargo
2026-10-08T22:01:07.6683871Z   CARGO_INCREMENTAL: 0
2026-10-08T22:01:07.6683994Z   CARGO_TERM_COLOR: always
2026-10-08T22:01:07.6684120Z   CACHE_ON_FAILURE: false
2026-10-08T22:01:07.6684248Z ##[endgroup]
2026-10-08T22:01:07.7471437Z 
2026-10-08T22:01:07.7471773Z > @glassboard/desktop@0.1.1 test
2026-10-08T22:01:07.7472044Z > vitest run
2026-10-08T22:01:07.7472150Z 
2026-10-08T22:01:08.1700607Z 
2026-10-08T22:01:08.1703127Z  RUN  v4.1.11 /home/runner/work/Glassboard/Glassboard/apps/desktop
2026-10-08T22:01:08.6640393Z 
2026-10-08T22:01:08.6641806Z  ✓ src/lib/capture.test.ts (7 tests) 55ms
2026-10-08T22:01:08.8112437Z  ✓ src/lib/updates.test.ts (15 tests) 5ms
2026-10-08T22:01:16.1793515Z  ✓ src/App.test.ts (23 tests) 374ms
2026-10-08T22:01:16.4141915Z stderr | src/Settings.svelte.test.ts > records, refuses, clears, and resets the global screenshot shortcut
2026-10-08T22:01:16.4142650Z Ctrl+Shift+A is already used to toggle Glassboard.
2026-10-08T22:01:16.4142873Z 
2026-10-08T22:01:16.4174257Z stderr | src/Settings.svelte.test.ts > records, refuses, clears, and resets the global screenshot shortcut
2026-10-08T22:01:16.4174931Z Ctrl+Alt+X is already used to take a screenshot.
2026-10-08T22:01:16.4175148Z 
2026-10-08T22:01:16.4185045Z stderr | src/Settings.svelte.test.ts > records, refuses, clears, and resets the global screenshot shortcut
2026-10-08T22:01:16.4185732Z Ctrl+Alt+X is already used to take a screenshot.
2026-10-08T22:01:16.4186059Z 
2026-10-08T22:01:16.5101177Z  ✓ src/Settings.svelte.test.ts (14 tests) 750ms
2026-10-08T22:01:16.5115990Z 
2026-10-08T22:01:16.5118574Z  Test Files  4 passed (4)
2026-10-08T22:01:16.5119107Z       Tests  59 passed (59)
2026-10-08T22:01:16.5119543Z    Start at  22:01:08
2026-10-08T22:01:16.5120728Z    Duration  8.34s (transform 11.63s, setup 68ms, import 14.52s, tests 1.18s, environment 773ms)
2026-10-08T22:01:16.5121496Z 
2026-10-08T22:01:16.5893831Z ##[group]Run npm run build --workspace apps/desktop
2026-10-08T22:01:16.5894064Z npm run build --workspace apps/desktop
2026-10-08T22:01:16.5924177Z shell: /usr/bin/bash -e {0}
2026-10-08T22:01:16.5924314Z env:
2026-10-08T22:01:16.5924430Z   CARGO_HOME: /home/runner/.cargo
2026-10-08T22:01:16.5924574Z   CARGO_INCREMENTAL: 0
2026-10-08T22:01:16.5924699Z   CARGO_TERM_COLOR: always
2026-10-08T22:01:16.5924828Z   CACHE_ON_FAILURE: false
2026-10-08T22:01:16.5924977Z ##[endgroup]
2026-10-08T22:01:16.6800017Z 
2026-10-08T22:01:16.6800362Z > @glassboard/desktop@0.1.1 build
2026-10-08T22:01:16.6800569Z > vite build
2026-10-08T22:01:16.6800643Z 
2026-10-08T22:01:16.9266428Z vite v8.3.1 building client environment for production...
2026-10-08T22:01:16.9323683Z transforming...
2026-10-08T22:01:18.3394109Z ✓ 4153 modules transformed.
2026-10-08T22:01:18.3758023Z rendering chunks...
2026-10-08T22:01:18.3991219Z computing gzip size...
2026-10-08T22:01:18.4010373Z dist/index.html                   0.46 kB │ gzip:  0.30 kB
2026-10-08T22:01:18.4010727Z dist/assets/index-Bt3a0dZ7.css   36.23 kB │ gzip:  7.04 kB
2026-10-08T22:01:18.4011011Z dist/assets/index-D1am12mb.js   153.41 kB │ gzip: 53.08 kB
2026-10-08T22:01:18.4011148Z 
2026-10-08T22:01:18.4012216Z ✓ built in 1.47s
2026-10-08T22:01:18.4458181Z ##[group]Run cargo fmt --manifest-path apps/desktop/src-tauri/Cargo.toml -- --check
2026-10-08T22:01:18.4458523Z cargo fmt --manifest-path apps/desktop/src-tauri/Cargo.toml -- --check
2026-10-08T22:01:18.4487444Z shell: /usr/bin/bash -e {0}
2026-10-08T22:01:18.4487584Z env:
2026-10-08T22:01:18.4487699Z   CARGO_HOME: /home/runner/.cargo
2026-10-08T22:01:18.4487842Z   CARGO_INCREMENTAL: 0
2026-10-08T22:01:18.4487967Z   CARGO_TERM_COLOR: always
2026-10-08T22:01:18.4488093Z   CACHE_ON_FAILURE: false
2026-10-08T22:01:18.4488220Z ##[endgroup]
2026-10-08T22:01:18.5784252Z ##[group]Run cargo test --manifest-path apps/desktop/src-tauri/Cargo.toml
2026-10-08T22:01:18.5784559Z cargo test --manifest-path apps/desktop/src-tauri/Cargo.toml
2026-10-08T22:01:18.5812653Z shell: /usr/bin/bash -e {0}
2026-10-08T22:01:18.5812800Z env:
2026-10-08T22:01:18.5812916Z   CARGO_HOME: /home/runner/.cargo
2026-10-08T22:01:18.5813059Z   CARGO_INCREMENTAL: 0
2026-10-08T22:01:18.5813184Z   CARGO_TERM_COLOR: always
2026-10-08T22:01:18.5813319Z   CACHE_ON_FAILURE: false
2026-10-08T22:01:18.5813452Z ##[endgroup]
2026-10-08T22:01:18.6076524Z     Updating crates.io index
2026-10-08T22:01:19.7335384Z  Downloading crates ...
2026-10-08T22:01:19.8019625Z   Downloaded annotate-snippets v0.11.5
2026-10-08T22:01:19.8089943Z   Downloaded alloc-stdlib v0.3.0
2026-10-08T22:01:19.8125316Z   Downloaded adler2 v2.0.1
2026-10-08T22:01:19.8223381Z   Downloaded alloc-no-stdlib v3.0.0
2026-10-08T22:01:19.8310082Z   Downloaded byteorder-lite v0.1.0
2026-10-08T22:01:19.8314148Z   Downloaded endi v1.1.1
2026-10-08T22:01:19.8326690Z   Downloaded libwayshot-xcap v0.3.3
2026-10-08T22:01:19.8342515Z   Downloaded libspa-sys v0.10.1
2026-10-08T22:01:19.8372444Z   Downloaded aho-corasick v1.1.5
2026-10-08T22:01:19.8393907Z   Downloaded cpufeatures v0.2.17
2026-10-08T22:01:19.8398570Z   Downloaded defmt-macros v1.1.1
2026-10-08T22:01:19.8409433Z   Downloaded cexpr v0.6.0
2026-10-08T22:01:19.8414880Z   Downloaded chacha20 v0.10.2
2026-10-08T22:01:19.8423528Z   Downloaded atk v0.18.2
2026-10-08T22:01:19.8434293Z   Downloaded base64 v0.23.1
2026-10-08T22:01:19.8448864Z   Downloaded async-recursion v1.1.1
2026-10-08T22:01:19.8495812Z   Downloaded byteorder v1.5.0
2026-10-08T22:01:19.8501463Z   Downloaded anstyle v1.0.14
2026-10-08T22:01:19.8507505Z   Downloaded async-channel v2.5.0
2026-10-08T22:01:19.8511979Z   Downloaded async-io v2.6.0
2026-10-08T22:01:19.8522266Z   Downloaded cfg-expr v0.20.9
2026-10-08T22:01:19.8532148Z   Downloaded atomic-waker v1.1.2
2026-10-08T22:01:19.8536064Z   Downloaded bitflags v2.13.2
2026-10-08T22:01:19.8549845Z   Downloaded dpi v0.1.2
2026-10-08T22:01:19.8554126Z   Downloaded cookie v0.18.2
2026-10-08T22:01:19.8563508Z   Downloaded atk-sys v0.18.2
2026-10-08T22:01:19.8569538Z   Downloaded defmt v1.1.1
2026-10-08T22:01:19.8582989Z   Downloaded cargo_toml v1.0.1
2026-10-08T22:01:19.8588255Z   Downloaded dbus v0.9.12
2026-10-08T22:01:19.8603808Z   Downloaded downcast-rs v1.2.1
2026-10-08T22:01:19.8608113Z   Downloaded defmt-parser v1.0.0
2026-10-08T22:01:19.8611130Z   Downloaded dunce v1.0.5
2026-10-08T22:01:19.8667416Z   Downloaded deranged v0.5.8
2026-10-08T22:01:19.8673834Z   Downloaded dlopen2_derive v0.4.3
2026-10-08T22:01:19.8676774Z   Downloaded auto-launch v0.5.0
2026-10-08T22:01:19.8681133Z   Downloaded concurrent-queue v2.5.0
2026-10-08T22:01:19.8706298Z   Downloaded dyn-clone v1.0.20
2026-10-08T22:01:19.8711878Z   Downloaded bit-set v0.8.0
2026-10-08T22:01:19.8716113Z   Downloaded cpufeatures v0.3.1
2026-10-08T22:01:19.8721243Z   Downloaded cargo-platform v0.1.9
2026-10-08T22:01:19.8735982Z   Downloaded dtoa-short v0.3.5
2026-10-08T22:01:19.8738884Z   Downloaded block-buffer v0.10.4
2026-10-08T22:01:19.8742265Z   Downloaded crypto-common v0.1.7
2026-10-08T22:01:19.8751183Z   Downloaded option-ext v0.2.0
2026-10-08T22:01:19.8754307Z   Downloaded dirs v4.0.0
2026-10-08T22:01:19.8759263Z   Downloaded drm-ffi v0.9.1
2026-10-08T22:01:19.8763120Z   Downloaded cfg-if v1.0.5
2026-10-08T22:01:19.8767110Z   Downloaded num-conv v0.2.2
2026-10-08T22:01:19.8770944Z   Downloaded darling_macro v0.24.1
2026-10-08T22:01:19.8772882Z   Downloaded drm-fourcc v2.2.0
2026-10-08T22:01:19.8776910Z   Downloaded async-process v2.5.0
2026-10-08T22:01:19.8783249Z   Downloaded dirs v7.0.0
2026-10-08T22:01:19.8787829Z   Downloaded dlopen2 v0.8.2
2026-10-08T22:01:19.8798391Z   Downloaded pipewire-sys v0.10.1
2026-10-08T22:01:19.8801626Z   Downloaded async-broadcast v0.7.2
2026-10-08T22:01:19.8807602Z   Downloaded async-executor v1.14.0
2026-10-08T22:01:19.8814641Z   Downloaded blocking v1.7.0
2026-10-08T22:01:19.8819219Z   Downloaded anyhow v1.0.104
2026-10-08T22:01:19.8831766Z   Downloaded dlib v0.5.3
2026-10-08T22:01:19.8834988Z   Downloaded dirs-sys v0.5.0
2026-10-08T22:01:19.8838913Z   Downloaded drm-sys v0.8.1
2026-10-08T22:01:19.8842734Z   Downloaded cairo-sys-rs v0.18.2
2026-10-08T22:01:19.8846785Z   Downloaded cssparser-macros v0.7.1
2026-10-08T22:01:19.8849347Z   Downloaded dirs-sys v0.3.7
2026-10-08T22:01:19.8853485Z   Downloaded bit-vec v0.8.0
2026-10-08T22:01:19.8859818Z   Downloaded bs58 v0.5.1
2026-10-08T22:01:19.8867464Z   Downloaded displaydoc v0.2.7
2026-10-08T22:01:19.8874637Z   Downloaded embed-resource v3.0.11
2026-10-08T22:01:19.8881305Z   Downloaded cargo_metadata v0.19.2
2026-10-08T22:01:19.8888119Z   Downloaded async-task v4.7.1
2026-10-08T22:01:19.8897173Z   Downloaded async-trait v0.1.92
2026-10-08T22:01:19.8909521Z   Downloaded digest v0.10.7
2026-10-08T22:01:19.8915669Z   Downloaded dtoa v1.0.11
2026-10-08T22:01:19.8921539Z   Downloaded async-signal v0.2.14
2026-10-08T22:01:19.8926851Z   Downloaded clang-sys v1.9.1
2026-10-08T22:01:19.8935854Z   Downloaded crossbeam-utils v0.8.23
2026-10-08T22:01:19.8945678Z   Downloaded either v1.18.0
2026-10-08T22:01:19.8951484Z   Downloaded bytemuck_derive v1.12.1
2026-10-08T22:01:19.8956792Z   Downloaded mime v0.3.17
2026-10-08T22:01:19.8961163Z   Downloaded cookie-factory v0.3.3
2026-10-08T22:01:19.8966588Z   Downloaded bitflags v1.3.2
2026-10-08T22:01:19.8978214Z   Downloaded scoped-tls v1.0.1
2026-10-08T22:01:19.8981563Z   Downloaded openssl-probe v0.2.1
2026-10-08T22:01:19.8985472Z   Downloaded phf_shared v0.13.1
2026-10-08T22:01:19.8989091Z   Downloaded precomputed-hash v0.1.1
2026-10-08T22:01:19.8991069Z   Downloaded xattr v1.6.1
2026-10-08T22:01:19.8996715Z   Downloaded arboard v3.6.1
2026-10-08T22:01:19.9007647Z   Downloaded autocfg v1.5.1
2026-10-08T22:01:19.9013755Z   Downloaded zerofrom v0.1.8
2026-10-08T22:01:19.9018038Z   Downloaded async-lock v3.4.2
2026-10-08T22:01:19.9027566Z   Downloaded zerofrom-derive v0.1.8
2026-10-08T22:01:19.9031757Z   Downloaded lock_api v0.4.14
2026-10-08T22:01:19.9037400Z   Downloaded crc32fast v1.5.2
2026-10-08T22:01:19.9045623Z   Downloaded memoffset v0.9.1
2026-10-08T22:01:19.9049974Z   Downloaded ref-cast v1.0.27
2026-10-08T22:01:19.9059567Z   Downloaded bytemuck v1.25.2
2026-10-08T22:01:19.9070495Z   Downloaded cfg-expr v0.15.8
2026-10-08T22:01:19.9080237Z   Downloaded cssparser v0.37.0
2026-10-08T22:01:19.9089495Z   Downloaded darling v0.24.1
2026-10-08T22:01:19.9109739Z   Downloaded drm v0.14.1
2026-10-08T22:01:19.9121577Z   Downloaded bytes v1.12.1
2026-10-08T22:01:19.9134886Z   Downloaded camino v1.2.6
2026-10-08T22:01:19.9142535Z   Downloaded ctor v1.0.13
2026-10-08T22:01:19.9152197Z   Downloaded wayland-server v0.31.14
2026-10-08T22:01:19.9159959Z   Downloaded cairo-rs v0.18.5
2026-10-08T22:01:19.9172068Z   Downloaded drm v0.15.0
2026-10-08T22:01:19.9185473Z   Downloaded markup5ever v0.39.0
2026-10-08T22:01:19.9189964Z   Downloaded new_debug_unreachable v1.0.6
2026-10-08T22:01:19.9193719Z   Downloaded phf v0.13.1
2026-10-08T22:01:19.9200008Z   Downloaded potential_utf v0.1.6
2026-10-08T22:01:19.9204597Z   Downloaded schemars_derive v0.8.22
2026-10-08T22:01:19.9210202Z   Downloaded webkit2gtk v2.0.2
2026-10-08T22:01:19.9231541Z   Downloaded x11-dl v2.21.0
2026-10-08T22:01:19.9243276Z   Downloaded zune-core v0.5.3
2026-10-08T22:01:19.9251175Z   Downloaded darling_core v0.24.1
2026-10-08T22:01:19.9270996Z   Downloaded base64 v0.22.1
2026-10-08T22:01:19.9285233Z   Downloaded cc v1.5.1
2026-10-08T22:01:19.9301057Z   Downloaded cfb v0.14.0
2026-10-08T22:01:19.9316605Z   Downloaded crossbeam-channel v0.5.17
2026-10-08T22:01:19.9333002Z   Downloaded derive_more v2.1.1
2026-10-08T22:01:19.9372575Z   Downloaded gdkx11-sys v0.18.2
2026-10-08T22:01:19.9375950Z   Downloaded zvariant_utils v4.2.0
2026-10-08T22:01:19.9382576Z   Downloaded derive_more-impl v2.1.1
2026-10-08T22:01:19.9401201Z   Downloaded dom_query v0.28.0
2026-10-08T22:01:19.9419047Z   Downloaded erased-serde v0.4.10
2026-10-08T22:01:19.9428426Z   Downloaded getrandom v0.3.4
2026-10-08T22:01:19.9440972Z   Downloaded futures-core v0.3.34
2026-10-08T22:01:19.9445552Z   Downloaded futures-sink v0.3.34
2026-10-08T22:01:19.9448648Z   Downloaded fnv v1.0.7
2026-10-08T22:01:19.9452194Z   Downloaded winnow v1.0.4
2026-10-08T22:01:19.9487934Z   Downloaded fax v0.2.7
2026-10-08T22:01:19.9494566Z   Downloaded bindgen v0.72.1
2026-10-08T22:01:19.9522861Z   Downloaded brotli-decompressor v6.0.1
2026-10-08T22:01:19.9551926Z   Downloaded chrono v0.4.45
2026-10-08T22:01:19.9580394Z   Downloaded futures-macro v0.3.34
2026-10-08T22:01:19.9584053Z   Downloaded hex v0.4.3
2026-10-08T22:01:19.9589520Z   Downloaded infer v0.22.0
2026-10-08T22:01:19.9596249Z   Downloaded proc-macro-crate v1.3.1
2026-10-08T22:01:19.9600203Z   Downloaded futures-lite v2.6.1
2026-10-08T22:01:19.9609295Z   Downloaded http-body-util v0.1.5
2026-10-08T22:01:19.9616780Z   Downloaded phf_generator v0.13.1
2026-10-08T22:01:19.9621073Z   Downloaded powerfmt v0.2.0
2026-10-08T22:01:19.9624709Z   Downloaded getrandom v0.2.17
2026-10-08T22:01:19.9634694Z   Downloaded proc-macro-error-attr v1.0.4
2026-10-08T22:01:19.9638630Z   Downloaded rustc-hash v2.1.3
2026-10-08T22:01:19.9643286Z   Downloaded rustc_version v0.4.1
2026-10-08T22:01:19.9647639Z   Downloaded scopeguard v1.2.0
2026-10-08T22:01:19.9651813Z   Downloaded proc-macro-crate v3.5.0
2026-10-08T22:01:19.9656452Z   Downloaded memmap2 v0.9.11
2026-10-08T22:01:19.9663322Z   Downloaded num_threads v0.1.7
2026-10-08T22:01:19.9667098Z   Downloaded phf_macros v0.13.1
2026-10-08T22:01:19.9671201Z   Downloaded phf_codegen v0.13.1
2026-10-08T22:01:19.9674768Z   Downloaded quick-error v2.0.1
2026-10-08T22:01:19.9679368Z   Downloaded libloading v0.8.9
2026-10-08T22:01:19.9687677Z   Downloaded percent-encoding v2.3.2
2026-10-08T22:01:19.9691088Z   Downloaded glib-sys v0.18.1
2026-10-08T22:01:19.9700047Z   Downloaded parking v2.2.1
2026-10-08T22:01:19.9703757Z   Downloaded same-file v1.0.6
2026-10-08T22:01:19.9708587Z   Downloaded proc-macro-crate v2.0.2
2026-10-08T22:01:19.9712767Z   Downloaded tauri-winres v0.3.6
2026-10-08T22:01:19.9718593Z   Downloaded ipnet v2.12.2
2026-10-08T22:01:19.9724930Z   Downloaded javascriptcore-rs-sys v1.1.1
2026-10-08T22:01:19.9729333Z   Downloaded parking_lot v0.12.5
2026-10-08T22:01:19.9741422Z   Downloaded siphasher v1.0.4
2026-10-08T22:01:19.9747981Z   Downloaded fastrand v2.5.0
2026-10-08T22:01:19.9754003Z   Downloaded half v2.7.1
2026-10-08T22:01:19.9766459Z   Downloaded httparse v1.10.1
2026-10-08T22:01:19.9777859Z   Downloaded minisign-verify v0.2.5
2026-10-08T22:01:19.9784417Z   Downloaded raw-window-handle v0.6.2
2026-10-08T22:01:19.9792136Z   Downloaded rustls-native-certs v0.8.4
2026-10-08T22:01:19.9809841Z   Downloaded zbus_names v4.3.4
2026-10-08T22:01:19.9810218Z   Downloaded log v0.4.34
2026-10-08T22:01:19.9821652Z   Downloaded pango v0.18.3
2026-10-08T22:01:19.9846073Z   Downloaded pango-sys v0.18.0
2026-10-08T22:01:19.9862121Z   Downloaded rand_core v0.10.1
2026-10-08T22:01:19.9870908Z   Downloaded strsim v0.11.1
2026-10-08T22:01:19.9877251Z   Downloaded png v0.18.1
2026-10-08T22:01:19.9897768Z   Downloaded ref-cast-impl v1.0.27
2026-10-08T22:01:19.9900576Z   Downloaded piper v0.2.5
2026-10-08T22:01:19.9906240Z   Downloaded icu_locale_core v2.3.0
2026-10-08T22:01:19.9933206Z   Downloaded javascriptcore-rs v1.1.2
2026-10-08T22:01:19.9941664Z   Downloaded tauri-plugin-opener v2.7.0
2026-10-08T22:01:19.9954573Z   Downloaded ordered-stream v0.2.0
2026-10-08T22:01:19.9959341Z   Downloaded serde-untagged v0.1.9
2026-10-08T22:01:19.9967564Z   Downloaded serde_with_macros v3.24.0
2026-10-08T22:01:19.9975656Z   Downloaded shlex v2.0.1
2026-10-08T22:01:19.9982951Z   Downloaded pkg-config v0.3.34
2026-10-08T22:01:19.9990334Z   Downloaded icu_provider v2.3.1
2026-10-08T22:01:20.0009714Z   Downloaded libloading v0.7.4
2026-10-08T22:01:20.0017071Z   Downloaded proc-macro-error v1.0.4
2026-10-08T22:01:20.0029825Z   Downloaded quote v1.0.47
2026-10-08T22:01:20.0038175Z   Downloaded litemap v0.8.3
2026-10-08T22:01:20.0048271Z   Downloaded semver v1.0.28
2026-10-08T22:01:20.0056466Z   Downloaded libappindicator v0.9.0
2026-10-08T22:01:20.0064522Z   Downloaded once_cell v1.21.4
2026-10-08T22:01:20.0073751Z   Downloaded yoke v0.8.3
2026-10-08T22:01:20.0080508Z   Downloaded icu_properties_data v2.3.0
2026-10-08T22:01:20.0122698Z   Downloaded open v5.4.4
2026-10-08T22:01:20.0130074Z   Downloaded parking_lot_core v0.9.12
2026-10-08T22:01:20.0138248Z   Downloaded schemars v0.8.22
2026-10-08T22:01:20.0174561Z   Downloaded tauri-plugin-log v2.10.0
2026-10-08T22:01:20.0183763Z   Downloaded tray-icon v0.25.1
2026-10-08T22:01:20.0194344Z   Downloaded pin-project-lite v0.2.17
2026-10-08T22:01:20.0211171Z   Downloaded rustls-pki-types v1.15.1
2026-10-08T22:01:20.0219813Z   Downloaded tar v0.4.46
2026-10-08T22:01:20.0230798Z   Downloaded tauri-codegen v2.7.0
2026-10-08T22:01:20.0236999Z   Downloaded tauri-utils v2.10.0
2026-10-08T22:01:20.0262742Z   Downloaded time-macros v0.2.32
2026-10-08T22:01:20.0271288Z   Downloaded tower-http v0.6.11
2026-10-08T22:01:20.0303563Z   Downloaded brotli v9.0.0
2026-10-08T22:01:20.0373870Z   Downloaded gtk v0.18.2
2026-10-08T22:01:20.0453656Z   Downloaded libdbus-sys v0.2.7
2026-10-08T22:01:20.0573096Z   Downloaded plist v1.10.1
2026-10-08T22:01:20.0586655Z   Downloaded polling v3.11.0
2026-10-08T22:01:20.0597587Z   Downloaded proc-macro2 v1.0.107
2026-10-08T22:01:20.0608032Z   Downloaded rustls-platform-verifier v0.7.1
2026-10-08T22:01:20.0620936Z   Downloaded schemars v0.9.0
2026-10-08T22:01:20.0664036Z   Downloaded serde_core v1.0.229
2026-10-08T22:01:20.0675173Z   Downloaded serde_derive v1.0.229
2026-10-08T22:01:20.0686993Z   Downloaded serde_derive_internals v0.29.1
2026-10-08T22:01:20.0691869Z   Downloaded syn v3.0.6
2026-10-08T22:01:20.0733123Z   Downloaded toml v0.8.2
2026-10-08T22:01:20.0744508Z   Downloaded num-traits v0.2.19
2026-10-08T22:01:20.0753499Z   Downloaded http-body v1.1.0
2026-10-08T22:01:20.0756522Z   Downloaded miniz_oxide v0.8.9
2026-10-08T22:01:20.0766521Z   Downloaded miniz_oxide v0.9.1
2026-10-08T22:01:20.0778109Z   Downloaded time-core v0.1.9
2026-10-08T22:01:20.0785296Z   Downloaded web_atoms v0.2.6
2026-10-08T22:01:20.0789737Z   Downloaded json-patch v4.2.0
2026-10-08T22:01:20.0793382Z   Downloaded equivalent v1.0.2
2026-10-08T22:01:20.0796268Z   Downloaded selectors v0.38.0
2026-10-08T22:01:20.0805365Z   Downloaded pipewire v0.10.1
2026-10-08T22:01:20.0819467Z   Downloaded hyper-rustls v0.27.10
2026-10-08T22:01:20.0824798Z   Downloaded serde v1.0.229
2026-10-08T22:01:20.0837631Z   Downloaded errno v0.3.14
2026-10-08T22:01:20.0842127Z   Downloaded mio v1.2.3
2026-10-08T22:01:20.0862062Z   Downloaded rustls-webpki v0.103.15
2026-10-08T22:01:20.0875511Z   Downloaded schemars v1.2.2
2026-10-08T22:01:20.0924723Z   Downloaded syn v2.0.119
2026-10-08T22:01:20.0965352Z   Downloaded minimal-lexical v0.2.1
2026-10-08T22:01:20.0981217Z   Downloaded rand v0.10.3
2026-10-08T22:01:20.0995102Z   Downloaded toml v1.1.6+spec-1.1.0
2026-10-08T22:01:20.1010687Z   Downloaded png v0.17.16
2026-10-08T22:01:20.1025707Z   Downloaded slab v0.4.12
2026-10-08T22:01:20.1030232Z   Downloaded unicode-segmentation v1.13.3
2026-10-08T22:01:20.1042226Z   Downloaded x11rb v0.13.2
2026-10-08T22:01:20.1073428Z   Downloaded nom v7.1.3
2026-10-08T22:01:20.1092712Z   Downloaded memchr v2.8.3
2026-10-08T22:01:20.1110855Z   Downloaded simd-adler32 v0.3.10
2026-10-08T22:01:20.1116441Z   Downloaded version_check v0.9.5
2026-10-08T22:01:20.1120436Z   Downloaded x11 v2.21.0
2026-10-08T22:01:20.1131536Z   Downloaded tokio-util v0.7.19
2026-10-08T22:01:20.1158045Z   Downloaded gio-sys v0.18.1
2026-10-08T22:01:20.1169165Z   Downloaded muda v0.20.0
2026-10-08T22:01:20.1188988Z   Downloaded nom v8.0.0
2026-10-08T22:01:20.1208976Z   Downloaded toml_writer v1.1.2+spec-1.1.0
2026-10-08T22:01:20.1214033Z   Downloaded hashbrown v0.12.3
2026-10-08T22:01:20.1228601Z   Downloaded signal-hook-registry v1.4.8
2026-10-08T22:01:20.1232709Z   Downloaded regex v1.13.1
2026-10-08T22:01:20.1253071Z   Downloaded http v1.5.0
2026-10-08T22:01:20.1266905Z   Downloaded serde_json v1.0.151
2026-10-08T22:01:20.1292057Z   Downloaded moxcms v0.8.1
2026-10-08T22:01:20.1325487Z   Downloaded reqwest v0.13.5
2026-10-08T22:01:20.1348486Z   Downloaded gio v0.18.4
2026-10-08T22:01:20.1397562Z   Downloaded indexmap v2.14.2
2026-10-08T22:01:20.1412930Z   Downloaded serde_repr v0.1.21
2026-10-08T22:01:20.1418824Z   Downloaded typeid v1.0.3
2026-10-08T22:01:20.1422368Z   Downloaded walkdir v2.5.0
2026-10-08T22:01:20.1428090Z   Downloaded jiff-core v0.1.1
2026-10-08T22:01:20.1442226Z   Downloaded zlib-rs v0.6.8
2026-10-08T22:01:20.1463430Z   Downloaded enumflags2_derive v0.7.12
2026-10-08T22:01:20.1465881Z   Downloaded stable_deref_trait v1.2.1
2026-10-08T22:01:20.1468668Z   Downloaded zerovec-derive v0.11.6
2026-10-08T22:01:20.1474676Z   Downloaded zune-jpeg v0.5.15
2026-10-08T22:01:20.1487409Z   Downloaded field-offset v0.3.6
2026-10-08T22:01:20.1490745Z   Downloaded toml_parser v1.1.3+spec-1.1.0
2026-10-08T22:01:20.1498745Z   Downloaded thiserror v2.0.21
2026-10-08T22:01:20.1515429Z   Downloaded quick-xml v0.41.0
2026-10-08T22:01:20.1540244Z   Downloaded quick-xml v0.42.0
2026-10-08T22:01:20.1564962Z   Downloaded toml_edit v0.20.2
2026-10-08T22:01:20.1617229Z   Downloaded toml_edit v0.25.15+spec-1.1.0
2026-10-08T22:01:20.1630739Z   Downloaded try-lock v0.2.5
2026-10-08T22:01:20.1633722Z   Downloaded wayland-sys v0.31.11
2026-10-08T22:01:20.1637348Z   Downloaded web-time v1.1.0
2026-10-08T22:01:20.1643604Z   Downloaded toml_datetime v0.6.3
2026-10-08T22:01:20.1646874Z   Downloaded tinyvec v1.13.3
2026-10-08T22:01:20.1658514Z   Downloaded hyper v1.11.1
2026-10-08T22:01:20.1684081Z   Downloaded webkit2gtk-sys v2.0.2
2026-10-08T22:01:20.1690113Z   Downloaded want v0.3.1
2026-10-08T22:01:20.1692933Z   Downloaded xml-rs v0.8.29
2026-10-08T22:01:20.1702418Z   Downloaded tower v0.5.3
2026-10-08T22:01:20.1732178Z   Downloaded gtk-sys v0.18.2
2026-10-08T22:01:20.1747816Z   Downloaded is-docker v0.2.0
2026-10-08T22:01:20.1752389Z   Downloaded servo_arc v0.4.3
2026-10-08T22:01:20.1755014Z   Downloaded shlex v1.3.0
2026-10-08T22:01:20.1759233Z   Downloaded zerocopy-derive v0.8.59
2026-10-08T22:01:20.1806440Z   Downloaded gdk-pixbuf-sys v0.18.0
2026-10-08T22:01:20.1810548Z   Downloaded global-hotkey v0.8.0
2026-10-08T22:01:20.1822297Z   Downloaded icu_properties v2.3.0
2026-10-08T22:01:20.1835283Z   Downloaded fern v0.7.1
2026-10-08T22:01:20.1853438Z   Downloaded wry v0.57.0
2026-10-08T22:01:20.1883569Z   Downloaded syn v1.0.109
2026-10-08T22:01:20.1918622Z   Downloaded gdkwayland-sys v0.18.2
2026-10-08T22:01:20.1920929Z   Downloaded libappindicator-sys v0.9.0
2026-10-08T22:01:20.1923328Z   Downloaded string_cache v0.9.0
2026-10-08T22:01:20.1928221Z   Downloaded uuid v1.26.1
2026-10-08T22:01:20.1939533Z   Downloaded event-listener-strategy v0.5.4
2026-10-08T22:01:20.1943590Z   Downloaded thiserror-impl v2.0.21
2026-10-08T22:01:20.1948512Z   Downloaded gdk-pixbuf v0.18.5
2026-10-08T22:01:20.1954972Z   Downloaded xkeysym v0.2.1
2026-10-08T22:01:20.1966152Z   Downloaded regex-syntax v0.8.11
2026-10-08T22:01:20.1997059Z   Downloaded wayland-protocols v0.32.13
2026-10-08T22:01:20.2024617Z   Downloaded event-listener v5.4.2
2026-10-08T22:01:20.2031030Z   Downloaded sync_wrapper v1.0.2
2026-10-08T22:01:20.2033591Z   Downloaded socket2 v0.6.5
2026-10-08T22:01:20.2041155Z   Downloaded wayland-protocols-wlr v0.3.12
2026-10-08T22:01:20.2047792Z   Downloaded rustls v0.23.45
2026-10-08T22:01:20.2093192Z   Downloaded fdeflate v0.3.7
2026-10-08T22:01:20.2098797Z   Downloaded find-msvc-tools v0.1.14
2026-10-08T22:01:20.2104163Z   Downloaded gdk-sys v0.18.2
2026-10-08T22:01:20.2112982Z   Downloaded gdkx11 v0.18.2
2026-10-08T22:01:20.2118558Z   Downloaded weezl v0.1.12
2026-10-08T22:01:20.2126800Z   Downloaded smallvec v1.16.2
2026-10-08T22:01:20.2132150Z   Downloaded rustix v0.38.44
2026-10-08T22:01:20.2213285Z   Downloaded rustix v1.1.5
2026-10-08T22:01:20.2298215Z   Downloaded serialize-to-javascript v0.1.2
2026-10-08T22:01:20.2301519Z   Downloaded soup3 v0.5.0
2026-10-08T22:01:20.2313792Z   Downloaded string_cache_codegen v0.6.1
2026-10-08T22:01:20.2316026Z   Downloaded tiff v0.11.3
2026-10-08T22:01:20.2331408Z   Downloaded tinystr v0.8.4
2026-10-08T22:01:20.2338443Z   Downloaded unicode-width v0.2.2
2026-10-08T22:01:20.2365476Z   Downloaded enumflags2 v0.7.12
2026-10-08T22:01:20.2369800Z   Downloaded filetime v0.2.29
2026-10-08T22:01:20.2374685Z   Downloaded gdk v0.18.2
2026-10-08T22:01:20.2392904Z   Downloaded heck v0.4.1
2026-10-08T22:01:20.2396693Z   Downloaded iana-time-zone v0.1.65
2026-10-08T22:01:20.2405729Z   Downloaded tauri-runtime-wry v2.12.0
2026-10-08T22:01:20.2416275Z   Downloaded generic-array v0.14.7
2026-10-08T22:01:20.2421224Z   Downloaded idna_adapter v1.2.2
2026-10-08T22:01:20.2424079Z   Downloaded indexmap v1.9.3
2026-10-08T22:01:20.2434715Z   Downloaded serde_spanned v1.1.1
2026-10-08T22:01:20.2439090Z   Downloaded system-deps v6.2.2
2026-10-08T22:01:20.2445601Z   Downloaded keyboard-types v0.7.0
2026-10-08T22:01:20.2451442Z   Downloaded hashbrown v0.17.1
2026-10-08T22:01:20.2471714Z   Downloaded soup3-sys v0.5.0
2026-10-08T22:01:20.2476630Z   Downloaded synstructure v0.14.0
2026-10-08T22:01:20.2480541Z   Downloaded system-deps v7.0.8
2026-10-08T22:01:20.2487708Z   Downloaded zmij v1.0.23
2026-10-08T22:01:20.2493444Z   Downloaded jiff v0.2.37
2026-10-08T22:01:20.2559126Z   Downloaded subtle v2.6.1
2026-10-08T22:01:20.2563071Z   Downloaded futures-channel v0.3.34
2026-10-08T22:01:20.2569466Z   Downloaded libspa v0.10.1
2026-10-08T22:01:20.2581143Z   Downloaded wayland-client v0.31.15
2026-10-08T22:01:20.2589116Z   Downloaded tao v0.37.1
2026-10-08T22:01:20.2629759Z   Downloaded idna v1.1.0
2026-10-08T22:01:20.2644937Z   Downloaded tempfile v3.27.0
2026-10-08T22:01:20.2653374Z   Downloaded thiserror-impl v1.0.69
2026-10-08T22:01:20.2657762Z   Downloaded toml_datetime v1.1.1+spec-1.1.0
2026-10-08T22:01:20.2662322Z   Downloaded zerocopy v0.8.59
2026-10-08T22:01:20.2725026Z   Downloaded regex-automata v0.4.18
2026-10-08T22:01:20.2785591Z   Downloaded serde_spanned v0.6.9
2026-10-08T22:01:20.2789580Z   Downloaded tauri v2.12.0
2026-10-08T22:01:20.2840797Z   Downloaded futures-util v0.3.34
2026-10-08T22:01:20.2879307Z   Downloaded glib-macros v0.18.5
2026-10-08T22:01:20.2888191Z   Downloaded writeable v0.6.4
2026-10-08T22:01:20.2894956Z   Downloaded getrandom v0.4.3
2026-10-08T22:01:20.2907164Z   Downloaded ident_case v1.0.1
2026-10-08T22:01:20.2909722Z   Downloaded tauri-plugin-single-instance v2.5.2
2026-10-08T22:01:20.2916163Z   Downloaded jsonptr v0.7.1
2026-10-08T22:01:20.2925706Z   Downloaded gbm v0.18.0
2026-10-08T22:01:20.2929323Z   Downloaded untrusted v0.9.0
2026-10-08T22:01:20.2933981Z   Downloaded gtk3-macros v0.18.2
2026-10-08T22:01:20.2936635Z   Downloaded sha2 v0.10.9
2026-10-08T22:01:20.2944279Z   Downloaded thiserror v1.0.69
2026-10-08T22:01:20.2958835Z   Downloaded xcap v0.9.8
2026-10-08T22:01:20.2975590Z   Downloaded tower-layer v0.3.3
2026-10-08T22:01:20.2978529Z   Downloaded unicode-ident v1.0.26
2026-10-08T22:01:20.2987620Z   Downloaded zeroize v1.9.0
2026-10-08T22:01:20.2992721Z   Downloaded zvariant_derive v5.15.0
2026-10-08T22:01:20.2996315Z   Downloaded foldhash v0.2.0
2026-10-08T22:01:20.3000882Z   Downloaded gl_generator v0.14.0
2026-10-08T22:01:20.3006024Z   Downloaded glob v0.3.4
2026-10-08T22:01:20.3010786Z   Downloaded itoa v1.0.18
2026-10-08T22:01:20.3015216Z   Downloaded yoke-derive v0.8.3
2026-10-08T22:01:20.3019263Z   Downloaded futures-task v0.3.34
2026-10-08T22:01:20.3022838Z   Downloaded is-wsl v0.4.0
2026-10-08T22:01:20.3025656Z   Downloaded form_urlencoded v1.2.2
2026-10-08T22:01:20.3028278Z   Downloaded icu_normalizer_data v2.3.0
2026-10-08T22:01:20.3036768Z   Downloaded target-lexicon v0.12.16
2026-10-08T22:01:20.3043120Z   Downloaded version-compare v0.2.1
2026-10-08T22:01:20.3047035Z   Downloaded heck v0.5.0
2026-10-08T22:01:20.3050727Z   Downloaded tauri-macros v2.7.0
2026-10-08T22:01:20.3056133Z   Downloaded tracing-attributes v0.1.31
2026-10-08T22:01:20.3065059Z   Downloaded toml_edit v0.19.15
2026-10-08T22:01:20.3116252Z   Downloaded tower-service v0.3.3
2026-10-08T22:01:20.3118970Z   Downloaded icu_collections v2.3.0
2026-10-08T22:01:20.3139310Z   Downloaded tendril v0.5.1
2026-10-08T22:01:20.3146038Z   Downloaded itertools v0.13.0
2026-10-08T22:01:20.3169368Z   Downloaded gethostname v1.1.0
2026-10-08T22:01:20.3172733Z   Downloaded utf8_iter v1.0.4
2026-10-08T22:01:20.3175855Z   Downloaded target-lexicon v0.13.5
2026-10-08T22:01:20.3181108Z   Downloaded tokio-rustls v0.26.6
2026-10-08T22:01:20.3186636Z   Downloaded typenum v1.20.1
2026-10-08T22:01:20.3200462Z   Downloaded khronos-egl v6.0.0
2026-10-08T22:01:20.3206617Z   Downloaded tauri-build v2.7.0
2026-10-08T22:01:20.3213318Z   Downloaded tauri-plugin v2.7.0
2026-10-08T22:01:20.3217715Z   Downloaded tauri-plugin-autostart v2.6.0
2026-10-08T22:01:20.3224598Z   Downloaded tauri-runtime v2.12.0
2026-10-08T22:01:20.3231656Z   Downloaded futures-executor v0.3.34
2026-10-08T22:01:20.3236050Z   Downloaded urlpattern v0.6.0
2026-10-08T22:01:20.3243434Z   Downloaded zbus_macros v5.19.0
2026-10-08T22:01:20.3249584Z   Downloaded zerovec v0.11.8
2026-10-08T22:01:20.3270740Z   Downloaded serde_with v3.24.0
2026-10-08T22:01:20.3313349Z   Downloaded winnow v0.5.40
2026-10-08T22:01:20.3342221Z   Downloaded zcheapstr v1.1.0
2026-10-08T22:01:20.3347356Z   Downloaded zerotrie v0.2.5
2026-10-08T22:01:20.3361515Z   Downloaded futures-io v0.3.34
2026-10-08T22:01:20.3364324Z   Downloaded gl v0.14.0
2026-10-08T22:01:20.3367808Z   Downloaded wayland-scanner v0.31.11
2026-10-08T22:01:20.3374627Z   Downloaded gbm-sys v0.4.0
2026-10-08T22:01:20.3377498Z   Downloaded serialize-to-javascript-impl v0.1.2
2026-10-08T22:01:20.3379642Z   Downloaded icu_normalizer v2.3.0
2026-10-08T22:01:20.3425954Z   Downloaded khronos_api v3.1.0
2026-10-08T22:01:20.3500566Z   Downloaded tauri-plugin-global-shortcut v2.4.0
2026-10-08T22:01:20.3508188Z   Downloaded gobject-sys v0.18.0
2026-10-08T22:01:20.3513059Z   Downloaded tauri-plugin-updater v2.13.1
2026-10-08T22:01:20.3523879Z   Downloaded zvariant v5.15.0
2026-10-08T22:01:20.3545849Z   Downloaded flate2 v1.1.10
2026-10-08T22:01:20.3561918Z   Downloaded ico v0.5.0
2026-10-08T22:01:20.3571826Z   Downloaded url v2.5.8
2026-10-08T22:01:20.3582481Z   Downloaded libc v0.2.189
2026-10-08T22:01:20.4028716Z   Downloaded tokio v1.53.1
2026-10-08T22:01:20.4178808Z   Downloaded wayland-backend v0.3.17
2026-10-08T22:01:20.4206551Z   Downloaded tracing-core v0.1.36
2026-10-08T22:01:20.4207591Z   Downloaded keyboard-types v0.8.3
2026-10-08T22:01:20.4215064Z   Downloaded pxfm v0.1.30
2026-10-08T22:01:20.4311813Z   Downloaded xcb v1.7.1
2026-10-08T22:01:20.4342448Z   Downloaded hyper-util v0.1.21
2026-10-08T22:01:20.4365057Z   Downloaded html5ever v0.39.0
2026-10-08T22:01:20.4377813Z   Downloaded zbus v5.19.0
2026-10-08T22:01:20.4410941Z   Downloaded glib v0.18.5
2026-10-08T22:01:20.4449475Z   Downloaded image v0.25.10
2026-10-08T22:01:20.4485522Z   Downloaded time v0.3.55
2026-10-08T22:01:20.4534670Z   Downloaded x11rb-protocol v0.13.2
2026-10-08T22:01:20.4593287Z   Downloaded tracing v0.1.44
2026-10-08T22:01:20.4654676Z   Downloaded ring v0.17.14
2026-10-08T22:01:20.4816756Z   Downloaded linux-raw-sys v0.4.15
2026-10-08T22:01:20.5013548Z   Downloaded linux-raw-sys v0.9.4
2026-10-08T22:01:20.5229760Z   Downloaded linux-raw-sys v0.12.1
2026-10-08T22:01:20.6194142Z    Compiling unicode-ident v1.0.26
2026-10-08T22:01:20.6194646Z    Compiling quote v1.0.47
2026-10-08T22:01:20.6194984Z    Compiling proc-macro2 v1.0.107
2026-10-08T22:01:20.6195210Z    Compiling serde_core v1.0.229
2026-10-08T22:01:21.5361303Z    Compiling libc v0.2.189
2026-10-08T22:01:28.9041946Z    Compiling serde v1.0.229
2026-10-08T22:01:29.0168484Z    Compiling smallvec v1.16.2
2026-10-08T22:01:29.1195454Z    Compiling hashbrown v0.17.1
2026-10-08T22:01:29.4488941Z    Compiling equivalent v1.0.2
2026-10-08T22:01:29.4758819Z    Compiling syn v3.0.6
2026-10-08T22:01:29.4868789Z    Compiling indexmap v2.14.2
2026-10-08T22:01:29.5209671Z    Compiling pkg-config v0.3.34
2026-10-08T22:01:29.7928720Z    Compiling cfg-if v1.0.5
2026-10-08T22:01:29.8148452Z    Compiling syn v2.0.119
2026-10-08T22:01:29.8585668Z    Compiling heck v0.5.0
2026-10-08T22:01:29.9788587Z    Compiling memchr v2.8.3
2026-10-08T22:01:30.3888582Z    Compiling version-compare v0.2.1
2026-10-08T22:01:30.4918688Z    Compiling winnow v0.5.40
2026-10-08T22:01:31.5178630Z    Compiling target-lexicon v0.12.16
2026-10-08T22:01:31.7515557Z    Compiling synstructure v0.14.0
2026-10-08T22:01:31.8588693Z    Compiling cfg-expr v0.15.8
2026-10-08T22:01:32.0397159Z    Compiling autocfg v1.5.1
2026-10-08T22:01:32.1398675Z    Compiling bitflags v2.13.2
2026-10-08T22:01:32.2262410Z    Compiling winnow v1.0.4
2026-10-08T22:01:32.2508504Z    Compiling pin-project-lite v0.2.17
2026-10-08T22:01:32.2823805Z    Compiling toml_datetime v1.1.1+spec-1.1.0
2026-10-08T22:01:32.4198871Z    Compiling writeable v0.6.4
2026-10-08T22:01:32.5378574Z    Compiling itoa v1.0.18
2026-10-08T22:01:32.6136290Z    Compiling litemap v0.8.3
2026-10-08T22:01:32.7065293Z    Compiling serde_derive v1.0.229
2026-10-08T22:01:32.7122028Z    Compiling zerofrom-derive v0.1.8
2026-10-08T22:01:32.8258449Z    Compiling yoke-derive v0.8.3
2026-10-08T22:01:32.9568659Z    Compiling zerovec-derive v0.11.6
2026-10-08T22:01:33.3699807Z    Compiling displaydoc v0.2.7
2026-10-08T22:01:33.3726531Z    Compiling zerofrom v0.1.8
2026-10-08T22:01:33.4117712Z    Compiling toml_parser v1.1.3+spec-1.1.0
2026-10-08T22:01:33.5099239Z    Compiling find-msvc-tools v0.1.14
2026-10-08T22:01:33.6063295Z    Compiling futures-core v0.3.34
2026-10-08T22:01:33.6538531Z    Compiling shlex v2.0.1
2026-10-08T22:01:33.6728280Z    Compiling siphasher v1.0.4
2026-10-08T22:01:33.7248422Z    Compiling cc v1.5.1
2026-10-08T22:01:33.7535954Z    Compiling utf8_iter v1.0.4
2026-10-08T22:01:33.8078577Z    Compiling once_cell v1.21.4
2026-10-08T22:01:33.8528957Z    Compiling phf_shared v0.13.1
2026-10-08T22:01:33.9058689Z    Compiling version_check v0.9.5
2026-10-08T22:01:33.9768593Z    Compiling toml_writer v1.1.2+spec-1.1.0
2026-10-08T22:01:34.0218794Z    Compiling icu_normalizer_data v2.3.0
2026-10-08T22:01:34.0664541Z    Compiling icu_properties_data v2.3.0
2026-10-08T22:01:34.0905394Z    Compiling fastrand v2.5.0
2026-10-08T22:01:34.1574058Z    Compiling phf_generator v0.13.1
2026-10-08T22:01:34.2233432Z    Compiling aho-corasick v1.1.5
2026-10-08T22:01:34.2234259Z    Compiling glob v0.3.4
2026-10-08T22:01:34.4498752Z    Compiling stable_deref_trait v1.2.1
2026-10-08T22:01:34.4708658Z    Compiling regex-syntax v0.8.11
2026-10-08T22:01:34.5998721Z    Compiling semver v1.0.28
2026-10-08T22:01:34.7453201Z    Compiling toml_datetime v0.6.3
2026-10-08T22:01:34.7689171Z    Compiling serde_spanned v0.6.9
2026-10-08T22:01:34.8108763Z    Compiling toml_edit v0.20.2
2026-10-08T22:01:34.8218590Z    Compiling serde_spanned v1.1.1
2026-10-08T22:01:34.8659490Z    Compiling bytes v1.12.1
2026-10-08T22:01:35.2528762Z    Compiling toml v1.1.6+spec-1.1.0
2026-10-08T22:01:35.5848682Z    Compiling regex-automata v0.4.18
2026-10-08T22:01:36.3098394Z    Compiling toml v0.8.2
2026-10-08T22:01:36.3428587Z    Compiling zmij v1.0.23
2026-10-08T22:01:36.4068573Z    Compiling yoke v0.8.3
2026-10-08T22:01:36.4498295Z    Compiling thiserror v2.0.21
2026-10-08T22:01:36.5008711Z    Compiling system-deps v6.2.2
2026-10-08T22:01:36.6438529Z    Compiling thiserror-impl v2.0.21
2026-10-08T22:01:36.8005934Z    Compiling parking_lot_core v0.9.12
2026-10-08T22:01:36.8834254Z    Compiling rustc-hash v2.1.3
2026-10-08T22:01:36.9048636Z    Compiling glib-sys v0.18.1
2026-10-08T22:01:36.9326250Z    Compiling regex v1.13.1
2026-10-08T22:01:37.1783913Z    Compiling gobject-sys v0.18.0
2026-10-08T22:01:37.2817613Z    Compiling slab v0.4.12
2026-10-08T22:01:37.3748732Z    Compiling zerovec v0.11.8
2026-10-08T22:01:37.4128503Z    Compiling http v1.5.0
2026-10-08T22:01:37.5238510Z    Compiling phf_macros v0.13.1
2026-10-08T22:01:37.7098646Z    Compiling gio-sys v0.18.1
2026-10-08T22:01:37.8198540Z    Compiling log v0.4.34
2026-10-08T22:01:37.8868878Z    Compiling time-core v0.1.9
2026-10-08T22:01:37.9018685Z    Compiling num-conv v0.2.2
2026-10-08T22:01:37.9838485Z    Compiling tinystr v0.8.4
2026-10-08T22:01:38.0417060Z    Compiling phf_codegen v0.13.1
2026-10-08T22:01:38.0698792Z    Compiling typeid v1.0.3
2026-10-08T22:01:38.0908634Z    Compiling deranged v0.5.8
2026-10-08T22:01:38.0953781Z    Compiling powerfmt v0.2.0
2026-10-08T22:01:38.1728575Z    Compiling strsim v0.11.1
2026-10-08T22:01:38.1742586Z    Compiling ident_case v1.0.1
2026-10-08T22:01:38.2548837Z    Compiling darling_core v0.24.1
2026-10-08T22:01:38.3204015Z    Compiling icu_locale_core v2.3.0
2026-10-08T22:01:38.7528849Z    Compiling potential_utf v0.1.6
2026-10-08T22:01:38.8148749Z    Compiling zerotrie v0.2.5
2026-10-08T22:01:38.9668636Z    Compiling base64 v0.23.1
2026-10-08T22:01:39.0810657Z    Compiling erased-serde v0.4.10
2026-10-08T22:01:39.2028891Z    Compiling icu_provider v2.3.1
2026-10-08T22:01:39.2418734Z    Compiling icu_collections v2.3.0
2026-10-08T22:01:39.3605491Z    Compiling futures-macro v0.3.34
2026-10-08T22:01:39.5508738Z    Compiling scopeguard v1.2.0
2026-10-08T22:01:39.5808635Z    Compiling new_debug_unreachable v1.0.6
2026-10-08T22:01:39.5890083Z    Compiling futures-task v0.3.34
2026-10-08T22:01:39.5999574Z    Compiling fnv v1.0.7
2026-10-08T22:01:39.6308682Z    Compiling web-time v1.1.0
2026-10-08T22:01:39.6488696Z    Compiling lock_api v0.4.14
2026-10-08T22:01:39.6556904Z    Compiling phf v0.13.1
2026-10-08T22:01:39.7037490Z    Compiling futures-util v0.3.34
2026-10-08T22:01:39.7658587Z    Compiling string_cache_codegen v0.6.1
2026-10-08T22:01:39.8318621Z    Compiling getrandom v0.4.3
2026-10-08T22:01:39.9088536Z    Compiling serde_json v1.0.151
2026-10-08T22:01:39.9678629Z    Compiling alloc-no-stdlib v3.0.0
2026-10-08T22:01:39.9748293Z    Compiling precomputed-hash v0.1.1
2026-10-08T22:01:39.9988584Z    Compiling alloc-stdlib v0.3.0
2026-10-08T22:01:40.0098781Z    Compiling web_atoms v0.2.6
2026-10-08T22:01:40.0428736Z    Compiling parking_lot v0.12.5
2026-10-08T22:01:40.1458650Z    Compiling darling_macro v0.24.1
2026-10-08T22:01:40.2338709Z    Compiling icu_properties v2.3.0
2026-10-08T22:01:40.2689165Z    Compiling icu_normalizer v2.3.0
2026-10-08T22:01:40.2788839Z    Compiling darling v0.24.1
2026-10-08T22:01:40.3018617Z    Compiling serde_with_macros v3.24.0
2026-10-08T22:01:40.6008563Z    Compiling rustc_version v0.4.1
2026-10-08T22:01:40.7236353Z    Compiling proc-macro-error-attr v1.0.4
2026-10-08T22:01:40.7908385Z    Compiling quick-xml v0.42.0
2026-10-08T22:01:40.7948010Z    Compiling anyhow v1.0.104
2026-10-08T22:01:40.9029249Z    Compiling syn v1.0.109
2026-10-08T22:01:40.9208576Z    Compiling futures-io v0.3.34
2026-10-08T22:01:40.9858387Z    Compiling rustix v1.1.5
2026-10-08T22:01:41.0288753Z    Compiling idna_adapter v1.2.2
2026-10-08T22:01:41.1158894Z    Compiling string_cache v0.9.0
2026-10-08T22:01:41.1908894Z    Compiling brotli-decompressor v6.0.1
2026-10-08T22:01:41.2908295Z    Compiling gdk-sys v0.18.2
2026-10-08T22:01:41.3989243Z    Compiling proc-macro-error v1.0.4
2026-10-08T22:01:41.4636147Z    Compiling futures-channel v0.3.34
2026-10-08T22:01:41.5038602Z    Compiling linux-raw-sys v0.12.1
2026-10-08T22:01:41.5624086Z    Compiling percent-encoding v2.3.2
2026-10-08T22:01:41.6348603Z    Compiling same-file v1.0.6
2026-10-08T22:01:41.6918469Z    Compiling dunce v1.0.5
2026-10-08T22:01:41.7198706Z    Compiling dtoa v1.0.11
2026-10-08T22:01:41.7788722Z    Compiling dtoa-short v0.3.5
2026-10-08T22:01:41.8278816Z    Compiling brotli v9.0.0
2026-10-08T22:01:41.8408738Z    Compiling walkdir v2.5.0
2026-10-08T22:01:41.9658477Z    Compiling form_urlencoded v1.2.2
2026-10-08T22:01:42.2938740Z    Compiling uuid v1.26.1
2026-10-08T22:01:42.6248521Z    Compiling idna v1.1.0
2026-10-08T22:01:43.0228664Z    Compiling tendril v0.5.1
2026-10-08T22:01:43.1318512Z    Compiling selectors v0.38.0
2026-10-08T22:01:43.1679406Z    Compiling derive_more-impl v2.1.1
2026-10-08T22:01:43.2788753Z    Compiling cssparser-macros v0.7.1
2026-10-08T22:01:43.4198549Z    Compiling indexmap v1.9.3
2026-10-08T22:01:43.4917506Z    Compiling ctor v1.0.13
2026-10-08T22:01:43.5448913Z    Compiling camino v1.2.6
2026-10-08T22:01:43.6598630Z    Compiling thiserror v1.0.69
2026-10-08T22:01:43.6768655Z    Compiling derive_more v2.1.1
2026-10-08T22:01:43.7457895Z    Compiling cssparser v0.37.0
2026-10-08T22:01:43.7802848Z    Compiling markup5ever v0.39.0
2026-10-08T22:01:43.8726385Z    Compiling url v2.5.8
2026-10-08T22:01:43.8979011Z    Compiling servo_arc v0.4.3
2026-10-08T22:01:43.9608747Z    Compiling thiserror-impl v1.0.69
2026-10-08T22:01:44.2278742Z    Compiling memoffset v0.9.1
2026-10-08T22:01:44.2858912Z    Compiling serde_derive_internals v0.29.1
2026-10-08T22:01:44.4265636Z    Compiling schemars v0.8.22
2026-10-08T22:01:44.4903460Z    Compiling bit-vec v0.8.0
2026-10-08T22:01:44.5548812Z    Compiling hashbrown v0.12.3
2026-10-08T22:01:44.7028344Z    Compiling bit-set v0.8.0
2026-10-08T22:01:44.7654381Z    Compiling schemars_derive v0.8.22
2026-10-08T22:01:45.0380067Z    Compiling html5ever v0.39.0
2026-10-08T22:01:45.4558573Z    Compiling cfb v0.14.0
2026-10-08T22:01:45.5547545Z    Compiling jsonptr v0.7.1
2026-10-08T22:01:45.7458396Z    Compiling time v0.3.55
2026-10-08T22:01:45.8414924Z    Compiling pango-sys v0.18.0
2026-10-08T22:01:45.9228834Z    Compiling gdk-pixbuf-sys v0.18.0
2026-10-08T22:01:45.9334746Z    Compiling cairo-sys-rs v0.18.2
2026-10-08T22:01:45.9382436Z    Compiling proc-macro-crate v2.0.2
2026-10-08T22:01:46.0096511Z    Compiling cargo-platform v0.1.9
2026-10-08T22:01:46.0141808Z    Compiling dyn-clone v1.0.20
2026-10-08T22:01:46.0563137Z    Compiling heck v0.4.1
2026-10-08T22:01:46.1098722Z    Compiling foldhash v0.2.0
2026-10-08T22:01:46.1383744Z    Compiling cargo_metadata v0.19.2
2026-10-08T22:01:46.1561752Z    Compiling glib-macros v0.18.5
2026-10-08T22:01:46.1743045Z    Compiling dom_query v0.28.0
2026-10-08T22:01:47.0068641Z    Compiling plist v1.10.1
2026-10-08T22:01:47.1828679Z    Compiling infer v0.22.0
2026-10-08T22:01:47.4968410Z    Compiling serde-untagged v0.1.9
2026-10-08T22:01:47.5828508Z    Compiling json-patch v4.2.0
2026-10-08T22:01:47.6378672Z    Compiling urlpattern v0.6.0
2026-10-08T22:01:47.7470372Z    Compiling futures-executor v0.3.34
2026-10-08T22:01:47.8158640Z    Compiling serde_with v3.24.0
2026-10-08T22:01:47.8488440Z    Compiling atk-sys v0.18.2
2026-10-08T22:01:47.9538629Z    Compiling glib v0.18.5
2026-10-08T22:01:48.3118674Z    Compiling crossbeam-utils v0.8.23
2026-10-08T22:01:48.5698685Z    Compiling gtk-sys v0.18.2
2026-10-08T22:01:48.6148663Z    Compiling gio v0.18.4
2026-10-08T22:01:48.7588636Z    Compiling option-ext v0.2.0
2026-10-08T22:01:48.7833153Z    Compiling simd-adler32 v0.3.10
2026-10-08T22:01:48.8788698Z    Compiling dirs-sys v0.5.0
2026-10-08T22:01:48.9436076Z    Compiling tauri-utils v2.10.0
2026-10-08T22:01:49.2198057Z    Compiling libloading v0.8.9
2026-10-08T22:01:49.3005613Z    Compiling adler2 v2.0.1
2026-10-08T22:01:49.3452742Z    Compiling crc32fast v1.5.2
2026-10-08T22:01:49.6818587Z    Compiling dirs v7.0.0
2026-10-08T22:01:49.9649186Z    Compiling miniz_oxide v0.9.1
2026-10-08T22:01:50.3738462Z    Compiling flate2 v1.1.10
2026-10-08T22:01:50.9348637Z    Compiling miniz_oxide v0.8.9
2026-10-08T22:01:51.3088163Z    Compiling fdeflate v0.3.7
2026-10-08T22:01:51.5508589Z    Compiling field-offset v0.3.6
2026-10-08T22:01:51.6209341Z    Compiling embed-resource v3.0.11
2026-10-08T22:01:52.5008600Z    Compiling cairo-rs v0.18.5
2026-10-08T22:01:53.1196785Z    Compiling toml_edit v0.19.15
2026-10-08T22:01:53.2562125Z    Compiling tauri-winres v0.3.6
2026-10-08T22:01:53.5035885Z    Compiling cargo_toml v1.0.1
2026-10-08T22:01:54.6530313Z    Compiling proc-macro-crate v1.3.1
2026-10-08T22:01:54.8268591Z    Compiling gtk v0.18.2
2026-10-08T22:01:54.9029534Z    Compiling bitflags v1.3.2
2026-10-08T22:01:54.9358443Z    Compiling gtk3-macros v0.18.2
2026-10-08T22:01:55.1518477Z    Compiling tauri-build v2.7.0
2026-10-08T22:01:55.1878583Z    Compiling tauri-plugin v2.7.0
2026-10-08T22:01:55.8125860Z    Compiling atk v0.18.2
2026-10-08T22:01:55.9045155Z    Compiling mio v1.2.3
2026-10-08T22:01:56.1848594Z    Compiling socket2 v0.6.5
2026-10-08T22:01:56.5485822Z    Compiling tokio v1.53.1
2026-10-08T22:01:57.7571927Z    Compiling soup3-sys v0.5.0
2026-10-08T22:01:57.8478724Z    Compiling javascriptcore-rs-sys v1.1.1
2026-10-08T22:01:57.9398700Z    Compiling generic-array v0.14.7
2026-10-08T22:01:57.9768860Z    Compiling target-lexicon v0.13.5
2026-10-08T22:01:58.0085536Z    Compiling parking v2.2.1
2026-10-08T22:01:58.0908763Z    Compiling tauri v2.12.0
2026-10-08T22:01:58.5163535Z    Compiling time-macros v0.2.32
2026-10-08T22:01:59.0358522Z    Compiling webkit2gtk-sys v2.0.2
2026-10-08T22:01:59.1217651Z    Compiling clang-sys v1.9.1
2026-10-08T22:01:59.2408603Z    Compiling x11 v2.21.0
2026-10-08T22:01:59.3138609Z    Compiling typenum v1.20.1
2026-10-08T22:01:59.4358885Z    Compiling pango v0.18.3
2026-10-08T22:01:59.7888609Z    Compiling gdk-pixbuf v0.18.5
2026-10-08T22:02:00.2788806Z    Compiling num_threads v0.1.7
2026-10-08T22:02:00.6988693Z    Compiling gdk v0.18.2
2026-10-08T22:02:01.6607181Z    Compiling dpi v0.1.2
2026-10-08T22:02:01.6948746Z    Compiling gdkx11-sys v0.18.2
2026-10-08T22:02:01.8398607Z    Compiling minimal-lexical v0.2.1
2026-10-08T22:02:01.9034121Z    Compiling cfg-expr v0.20.9
2026-10-08T22:02:01.9568521Z    Compiling nom v7.1.3
2026-10-08T22:02:02.2079018Z    Compiling png v0.18.1
2026-10-08T22:02:02.4628854Z    Compiling crossbeam-channel v0.5.17
2026-10-08T22:02:02.9677836Z    Compiling cookie v0.18.2
2026-10-08T22:02:03.0284524Z    Compiling libdbus-sys v0.2.7
2026-10-08T22:02:03.0564176Z    Compiling x11-dl v2.21.0
2026-10-08T22:02:03.1049201Z    Compiling either v1.18.0
2026-10-08T22:02:03.1389280Z    Compiling anstyle v1.0.14
2026-10-08T22:02:03.2022756Z    Compiling unicode-width v0.2.2
2026-10-08T22:02:03.2307489Z    Compiling bindgen v0.72.1
2026-10-08T22:02:03.2878837Z    Compiling itertools v0.13.0
2026-10-08T22:02:03.3238586Z    Compiling annotate-snippets v0.11.5
2026-10-08T22:02:03.3899062Z    Compiling cexpr v0.6.0
2026-10-08T22:02:03.7448639Z    Compiling system-deps v7.0.8
2026-10-08T22:02:03.8748664Z    Compiling javascriptcore-rs v1.1.2
2026-10-08T22:02:04.1918552Z    Compiling soup3 v0.5.0
2026-10-08T22:02:04.2798572Z    Compiling crypto-common v0.1.7
2026-10-08T22:02:04.3166731Z    Compiling block-buffer v0.10.4
2026-10-08T22:02:05.7158838Z    Compiling toml_edit v0.25.15+spec-1.1.0
2026-10-08T22:02:06.2908776Z    Compiling enumflags2_derive v0.7.12
2026-10-08T22:02:06.4978580Z    Compiling quick-xml v0.41.0
2026-10-08T22:02:06.5839412Z    Compiling shlex v1.3.0
2026-10-08T22:02:06.6149399Z    Compiling raw-window-handle v0.6.2
2026-10-08T22:02:06.6538737Z    Compiling atomic-waker v1.1.2
2026-10-08T22:02:07.0788664Z    Compiling proc-macro-crate v3.5.0
2026-10-08T22:02:07.9733998Z    Compiling digest v0.10.7
2026-10-08T22:02:09.1468753Z    Compiling event-listener v5.4.2
2026-10-08T22:02:09.7898554Z    Compiling png v0.17.16
2026-10-08T22:02:10.1878572Z    Compiling concurrent-queue v2.5.0
2026-10-08T22:02:10.2769021Z    Compiling zvariant_utils v4.2.0
2026-10-08T22:02:10.3308712Z    Compiling ring v0.17.14
2026-10-08T22:02:10.5348815Z    Compiling tracing-core v0.1.36
2026-10-08T22:02:10.8678730Z    Compiling tracing-attributes v0.1.31
2026-10-08T22:02:11.0678513Z    Compiling dlopen2_derive v0.4.3
2026-10-08T22:02:11.3878633Z    Compiling libloading v0.7.4
2026-10-08T22:02:11.4508083Z    Compiling wayland-sys v0.31.11
2026-10-08T22:02:11.4702830Z    Compiling byteorder v1.5.0
2026-10-08T22:02:11.4769029Z    Compiling cpufeatures v0.2.17
2026-10-08T22:02:11.5002222Z    Compiling tauri-runtime v2.12.0
2026-10-08T22:02:11.5158530Z    Compiling wry v0.57.0
2026-10-08T22:02:11.5658903Z    Compiling muda v0.20.0
2026-10-08T22:02:11.5768387Z    Compiling ico v0.5.0
2026-10-08T22:02:11.6341475Z    Compiling sha2 v0.10.9
2026-10-08T22:02:11.6384686Z    Compiling tracing v0.1.44
2026-10-08T22:02:11.7378568Z    Compiling libappindicator-sys v0.9.0
2026-10-08T22:02:11.8367348Z    Compiling dlopen2 v0.8.2
2026-10-08T22:02:11.8648672Z    Compiling zvariant_derive v5.15.0
2026-10-08T22:02:12.0182808Z    Compiling event-listener-strategy v0.5.4
2026-10-08T22:02:12.0684490Z    Compiling dbus v0.9.12
2026-10-08T22:02:14.8718625Z    Compiling gdkx11 v0.18.2
2026-10-08T22:02:15.2398388Z    Compiling webkit2gtk v2.0.2
2026-10-08T22:02:15.4108687Z    Compiling futures-lite v2.6.1
2026-10-08T22:02:16.6288522Z    Compiling dlib v0.5.3
2026-10-08T22:02:16.6678615Z    Compiling gdkwayland-sys v0.18.2
2026-10-08T22:02:16.7088758Z    Compiling keyboard-types v0.8.3
2026-10-08T22:02:17.2618350Z    Compiling wayland-backend v0.3.17
2026-10-08T22:02:17.3348661Z    Compiling serde_repr v0.1.21
2026-10-08T22:02:17.5107585Z    Compiling endi v1.1.1
2026-10-08T22:02:17.5631855Z    Compiling zeroize v1.9.0
2026-10-08T22:02:17.6368911Z    Compiling base64 v0.22.1
2026-10-08T22:02:17.8122873Z    Compiling getrandom v0.3.4
2026-10-08T22:02:17.9178753Z    Compiling tauri-runtime-wry v2.12.0
2026-10-08T22:02:17.9829439Z    Compiling tray-icon v0.25.1
2026-10-08T22:02:18.6578747Z    Compiling tauri-codegen v2.7.0
2026-10-08T22:02:18.8238845Z    Compiling rustls-pki-types v1.15.1
2026-10-08T22:02:19.1368899Z    Compiling tao v0.37.1
2026-10-08T22:02:19.3418661Z    Compiling libappindicator v0.9.0
2026-10-08T22:02:19.5278790Z    Compiling libspa-sys v0.10.1
2026-10-08T22:02:19.5808822Z    Compiling serialize-to-javascript-impl v0.1.2
2026-10-08T22:02:19.7588598Z    Compiling bytemuck_derive v1.12.1
2026-10-08T22:02:19.8127221Z    Compiling async-io v2.6.0
2026-10-08T22:02:19.8758571Z    Compiling getrandom v0.2.17
2026-10-08T22:02:19.9575015Z    Compiling drm-sys v0.8.1
2026-10-08T22:02:20.0188673Z    Compiling downcast-rs v1.2.1
2026-10-08T22:02:20.0496878Z    Compiling untrusted v0.9.0
2026-10-08T22:02:20.0908764Z    Compiling scoped-tls v1.0.1
2026-10-08T22:02:20.1275645Z    Compiling khronos_api v3.1.0
2026-10-08T22:02:20.3788718Z    Compiling bytemuck v1.25.2
2026-10-08T22:02:21.0609281Z    Compiling serialize-to-javascript v0.1.2
2026-10-08T22:02:21.1142545Z    Compiling tauri-macros v2.7.0
2026-10-08T22:02:21.7658223Z    Compiling wayland-scanner v0.31.11
2026-10-08T22:02:21.8370296Z    Compiling enumflags2 v0.7.12
2026-10-08T22:02:21.9097181Z    Compiling polling v3.11.0
2026-10-08T22:02:22.0279914Z    Compiling http-body v1.1.0
2026-10-08T22:02:22.0761145Z    Compiling zcheapstr v1.1.0
2026-10-08T22:02:22.1452209Z    Compiling num-traits v0.2.19
2026-10-08T22:02:22.1954576Z    Compiling errno v0.3.14
2026-10-08T22:02:22.2330203Z    Compiling mime v0.3.17
2026-10-08T22:02:22.3402873Z    Compiling rustls v0.23.45
2026-10-08T22:02:22.3864675Z    Compiling async-task v4.7.1
2026-10-08T22:02:22.4549143Z    Compiling linux-raw-sys v0.9.4
2026-10-08T22:02:22.4691257Z    Compiling drm-fourcc v2.2.0
2026-10-08T22:02:22.5140858Z    Compiling httparse v1.10.1
2026-10-08T22:02:22.8224655Z    Compiling signal-hook-registry v1.4.8
2026-10-08T22:02:22.9976280Z    Compiling zvariant v5.15.0
2026-10-08T22:02:25.0348768Z    Compiling rustls-webpki v0.103.15
2026-10-08T22:02:25.1378580Z    Compiling async-channel v2.5.0
2026-10-08T22:02:25.3622168Z    Compiling wayland-client v0.31.15
2026-10-08T22:02:25.3695837Z    Compiling subtle v2.6.1
2026-10-08T22:02:25.4218631Z    Compiling rand_core v0.10.1
2026-10-08T22:02:25.4258078Z    Compiling rustix v0.38.44
2026-10-08T22:02:25.4751484Z    Compiling try-lock v0.2.5
2026-10-08T22:02:25.5134762Z    Compiling xml-rs v0.8.29
2026-10-08T22:02:25.5469164Z    Compiling tower-service v0.3.3
2026-10-08T22:02:25.6068630Z    Compiling want v0.3.1
2026-10-08T22:02:26.0208507Z    Compiling gl_generator v0.14.0
2026-10-08T22:02:26.2968597Z    Compiling async-signal v0.2.14
2026-10-08T22:02:26.3828649Z    Compiling zbus_names v4.3.4
2026-10-08T22:02:27.1258769Z    Compiling drm-ffi v0.9.1
2026-10-08T22:02:27.3879347Z    Compiling async-lock v3.4.2
2026-10-08T22:02:27.4538946Z    Compiling piper v0.2.5
2026-10-08T22:02:27.5448699Z    Compiling pxfm v0.1.30
2026-10-08T22:02:27.7148697Z    Compiling linux-raw-sys v0.4.15
2026-10-08T22:02:27.8978626Z    Compiling gbm-sys v0.4.0
2026-10-08T22:02:28.1860935Z    Compiling async-process v2.5.0
2026-10-08T22:02:28.6228813Z    Compiling blocking v1.7.0
2026-10-08T22:02:28.7728570Z    Compiling hyper v1.11.1
2026-10-08T22:02:29.5542560Z    Compiling moxcms v0.8.1
2026-10-08T22:02:29.7788586Z    Compiling zbus_macros v5.19.0
2026-10-08T22:02:29.8950565Z    Compiling gl v0.14.0
2026-10-08T22:02:30.5788506Z    Compiling async-executor v1.14.0
2026-10-08T22:02:30.7638229Z    Compiling async-broadcast v0.7.2
2026-10-08T22:02:30.8638551Z    Compiling pipewire-sys v0.10.1
2026-10-08T22:02:31.1400946Z    Compiling libspa v0.10.1
2026-10-08T22:02:31.2638748Z    Compiling gethostname v1.1.0
2026-10-08T22:02:31.2928966Z    Compiling ordered-stream v0.2.0
2026-10-08T22:02:31.3047911Z    Compiling sync_wrapper v1.0.2
2026-10-08T22:02:31.3408669Z    Compiling async-recursion v1.1.1
2026-10-08T22:02:31.3938445Z    Compiling async-trait v0.1.92
2026-10-08T22:02:31.4518691Z    Compiling khronos-egl v6.0.0
2026-10-08T22:02:31.5203667Z    Compiling hex v0.4.3
2026-10-08T22:02:31.5898395Z    Compiling x11rb-protocol v0.13.2
2026-10-08T22:02:31.6508592Z    Compiling ipnet v2.12.2
2026-10-08T22:02:31.8578648Z    Compiling openssl-probe v0.2.1
2026-10-08T22:02:31.9368638Z    Compiling tower-layer v0.3.3
2026-10-08T22:02:31.9539047Z    Compiling byteorder-lite v0.1.0
2026-10-08T22:02:32.0108580Z    Compiling tower v0.5.3
2026-10-08T22:02:32.0763179Z    Compiling image v0.25.10
2026-10-08T22:02:32.3149103Z    Compiling rustls-native-certs v0.8.4
2026-10-08T22:02:32.5008509Z    Compiling zbus v5.19.0
2026-10-08T22:02:34.9698752Z    Compiling x11rb v0.13.2
2026-10-08T22:02:35.2298756Z    Compiling hyper-util v0.1.21
2026-10-08T22:02:36.1168494Z    Compiling wayland-protocols v0.32.13
2026-10-08T22:02:37.4011751Z    Compiling drm v0.14.1
2026-10-08T22:02:37.6768757Z    Compiling tokio-rustls v0.26.6
2026-10-08T22:02:37.8068756Z    Compiling wayland-server v0.31.14
2026-10-08T22:02:37.9858509Z    Compiling xcb v1.7.1
2026-10-08T22:02:38.5938776Z    Compiling tauri-plugin-opener v2.7.0
2026-10-08T22:02:38.9690427Z    Compiling tauri-plugin-global-shortcut v2.4.0
2026-10-08T22:02:38.9818461Z    Compiling tauri-plugin-updater v2.13.1
2026-10-08T22:02:39.2838648Z    Compiling tauri-plugin-log v2.10.0
2026-10-08T22:02:39.3148454Z    Compiling tauri-plugin-autostart v2.6.0
2026-10-08T22:02:39.5848447Z    Compiling is-docker v0.2.0
2026-10-08T22:02:39.6077536Z    Compiling nom v8.0.0
2026-10-08T22:02:39.6266874Z    Compiling dirs-sys v0.3.7
2026-10-08T22:02:39.6697294Z    Compiling cpufeatures v0.3.1
2026-10-08T22:02:39.6978614Z    Compiling cookie-factory v0.3.3
2026-10-08T22:02:39.7778718Z    Compiling unicode-segmentation v1.13.3
2026-10-08T22:02:39.8448644Z    Compiling futures-sink v0.3.34
2026-10-08T22:02:39.8838546Z    Compiling tokio-util v0.7.19
2026-10-08T22:02:40.0178533Z    Compiling keyboard-types v0.7.0
2026-10-08T22:02:40.1509062Z    Compiling chacha20 v0.10.2
2026-10-08T22:02:40.2688533Z    Compiling dirs v4.0.0
2026-10-08T22:02:40.3075681Z    Compiling is-wsl v0.4.0
2026-10-08T22:02:40.4918431Z    Compiling gbm v0.18.0
2026-10-08T22:02:40.6188685Z    Compiling hyper-rustls v0.27.10
2026-10-08T22:02:40.7369067Z    Compiling wayland-protocols-wlr v0.3.12
2026-10-08T22:02:41.3910141Z error[E0425]: cannot find function `spa_meta_region_is_valid` in crate `spa_sys`
2026-10-08T22:02:41.3911326Z    --> /home/runner/.cargo/registry/src/index.crates.io-1949cf8c6b5b557f/libspa-0.10.1/src/buffer/meta.rs:107:27
2026-10-08T22:02:41.3912033Z     |
2026-10-08T22:02:41.3914665Z 107 |         unsafe { spa_sys::spa_meta_region_is_valid(self.as_raw()) }
2026-10-08T22:02:41.3915710Z     |                           ^^^^^^^^^^^^^^^^^^^^^^^^
2026-10-08T22:02:41.3916151Z     |
2026-10-08T22:02:41.3916915Z    ::: /home/runner/.cargo/registry/src/index.crates.io-1949cf8c6b5b557f/libspa-sys-0.10.1/src/meta.rs:11:5
2026-10-08T22:02:41.3917673Z     |
2026-10-08T22:02:41.3918287Z  11 |     pub fn spa_meta_cursor_is_valid(m: *const spa_meta_cursor) -> bool;
2026-10-08T22:02:41.3919324Z     |     ------------------------------------------------------------------- similarly named function `spa_meta_cursor_is_valid` defined here
2026-10-08T22:02:41.3920010Z     |
2026-10-08T22:02:41.3920513Z help: a function with a similar name exists
2026-10-08T22:02:41.3920923Z     |
2026-10-08T22:02:41.3921575Z 107 -         unsafe { spa_sys::spa_meta_region_is_valid(self.as_raw()) }
2026-10-08T22:02:41.3922395Z 107 +         unsafe { spa_sys::spa_meta_cursor_is_valid(self.as_raw()) }
2026-10-08T22:02:41.3923155Z     |
2026-10-08T22:02:41.3923371Z 
2026-10-08T22:02:41.3928479Z error[E0425]: cannot find function `spa_meta_first` in crate `spa_sys`
2026-10-08T22:02:41.3929413Z    --> /home/runner/.cargo/registry/src/index.crates.io-1949cf8c6b5b557f/libspa-0.10.1/src/buffer/meta.rs:157:36
2026-10-08T22:02:41.3930052Z     |
2026-10-08T22:02:41.3930956Z 157 |             pos: unsafe { spa_sys::spa_meta_first(video_damage.as_raw()) }.cast(),
2026-10-08T22:02:41.3931724Z     |                                    ^^^^^^^^^^^^^^ not found in `spa_sys`
2026-10-08T22:02:41.3932098Z 
2026-10-08T22:02:41.4078746Z    Compiling rustls-platform-verifier v0.7.1
2026-10-08T22:02:41.4328743Z    Compiling tower-http v0.6.11
2026-10-08T22:02:41.5108495Z    Compiling drm v0.15.0
2026-10-08T22:02:41.5578683Z error[E0560]: struct `spa_video_info_raw` has no field named `flags`
2026-10-08T22:02:41.5587910Z    --> /home/runner/.cargo/registry/src/index.crates.io-1949cf8c6b5b557f/libspa-0.10.1/src/param/video/raw.rs:228:13
2026-10-08T22:02:41.5617529Z     |
2026-10-08T22:02:41.5698161Z 228 |             flags: 0,
2026-10-08T22:02:41.5718177Z     |             ^^^^^ `spa_video_info_raw` does not have this field
2026-10-08T22:02:41.5737622Z     |
2026-10-08T22:02:41.5757794Z     = note: all struct fields are already assigned
2026-10-08T22:02:41.5777173Z 
2026-10-08T22:02:41.5807741Z error[E0609]: no field `flags` on type `spa_video_info_raw`
2026-10-08T22:02:41.5817972Z    --> /home/runner/.cargo/registry/src/index.crates.io-1949cf8c6b5b557f/libspa-0.10.1/src/param/video/raw.rs:258:16
2026-10-08T22:02:41.5837461Z     |
2026-10-08T22:02:41.5852720Z 258 |         self.0.flags = flags.bits();
2026-10-08T22:02:41.5887713Z     |                ^^^^^ unknown field
2026-10-08T22:02:41.5917530Z     |
2026-10-08T22:02:41.5947887Z     = note: available fields are: `format`, `modifier`, `size`, `framerate`, `max_framerate` ... and 10 others
2026-10-08T22:02:41.5977199Z 
2026-10-08T22:02:41.5997953Z error[E0609]: no field `flags` on type `spa_video_info_raw`
2026-10-08T22:02:41.6000774Z    --> /home/runner/.cargo/registry/src/index.crates.io-1949cf8c6b5b557f/libspa-0.10.1/src/param/video/raw.rs:262:45
2026-10-08T22:02:41.6001354Z     |
2026-10-08T22:02:41.6001995Z 262 |         VideoFlags::from_bits_retain(self.0.flags)
2026-10-08T22:02:41.6002550Z     |                                             ^^^^^ unknown field
2026-10-08T22:02:41.6002909Z     |
2026-10-08T22:02:41.6003470Z     = note: available fields are: `format`, `modifier`, `size`, `framerate`, `max_framerate` ... and 10 others
2026-10-08T22:02:41.6003895Z 
2026-10-08T22:02:41.6004116Z error[E0308]: mismatched types
2026-10-08T22:02:41.6004816Z    --> /home/runner/.cargo/registry/src/index.crates.io-1949cf8c6b5b557f/libspa-0.10.1/src/param/video/raw.rs:266:27
2026-10-08T22:02:41.6005340Z     |
2026-10-08T22:02:41.6005713Z 266 |         self.0.modifier = modifier;
2026-10-08T22:02:41.6006289Z     |         ---------------   ^^^^^^^^ expected `i64`, found `u64`
2026-10-08T22:02:41.6006737Z     |         |
2026-10-08T22:02:41.6007352Z     |         expected due to the type of this binding
2026-10-08T22:02:41.6007604Z 
2026-10-08T22:02:41.6007810Z error[E0308]: mismatched types
2026-10-08T22:02:41.6008508Z    --> /home/runner/.cargo/registry/src/index.crates.io-1949cf8c6b5b557f/libspa-0.10.1/src/param/video/raw.rs:270:9
2026-10-08T22:02:41.6009395Z     |
2026-10-08T22:02:41.6009775Z 269 |     pub fn modifier(self) -> u64 {
2026-10-08T22:02:41.6010343Z     |                              --- expected `u64` because of return type
2026-10-08T22:02:41.6010991Z 270 |         self.0.modifier
2026-10-08T22:02:41.6011449Z     |         ^^^^^^^^^^^^^^^ expected `u64`, found `i64`
2026-10-08T22:02:41.6011797Z     |
2026-10-08T22:02:41.6012291Z help: you can convert an `i64` to a `u64` and panic if the converted value doesn't fit
2026-10-08T22:02:41.6012693Z     |
2026-10-08T22:02:41.6013112Z 270 |         self.0.modifier.try_into().unwrap()
2026-10-08T22:02:41.6013567Z     |                        ++++++++++++++++++++
2026-10-08T22:02:41.6013776Z 
2026-10-08T22:02:41.6420018Z    Compiling http-body-util v0.1.5
2026-10-08T22:02:41.6918812Z    Compiling xattr v1.6.1
2026-10-08T22:02:41.7706689Z    Compiling filetime v0.2.29
2026-10-08T22:02:41.8358580Z    Compiling memmap2 v0.9.11
2026-10-08T22:02:41.8659270Z    Compiling xcap v0.9.8
2026-10-08T22:02:41.8992606Z Some errors have detailed explanations: E0308, E0425, E0560, E0609.
2026-10-08T22:02:41.9014566Z For more information about an error, try `rustc --explain E0308`.
2026-10-08T22:02:41.9084529Z error: could not compile `libspa` (lib) due to 7 previous errors
2026-10-08T22:02:41.9087318Z warning: build failed, waiting for other jobs to finish...
2026-10-08T22:02:42.1298930Z ##[error]Process completed with exit code 101.
2026-10-08T22:02:42.1388238Z Post job cleanup.
2026-10-08T22:02:42.1849974Z [command]/usr/bin/git version
2026-10-08T22:02:42.1871202Z git version 2.55.0
2026-10-08T22:02:42.1890513Z Temporarily overriding HOME='/home/runner/work/_temp/8e3e9367-296d-4340-95e7-465214cb47aa' before making global git config changes
2026-10-08T22:02:42.1891255Z Adding repository directory to the temporary git global config as a safe directory
2026-10-08T22:02:42.1893735Z [command]/usr/bin/git config --global --add safe.directory /home/runner/work/Glassboard/Glassboard
2026-10-08T22:02:42.1911692Z [command]/usr/bin/git config --local --name-only --get-regexp core\.sshCommand
2026-10-08T22:02:42.1926561Z [command]/usr/bin/git submodule foreach --recursive sh -c "git config --local --name-only --get-regexp 'core\.sshCommand' && git config --local --unset-all 'core.sshCommand' || :"
2026-10-08T22:02:42.2027361Z [command]/usr/bin/git config --local --name-only --get-regexp http\.https\:\/\/github\.com\/\.extraheader
2026-10-08T22:02:42.2037430Z http.https://github.com/.extraheader
2026-10-08T22:02:42.2042244Z [command]/usr/bin/git config --local --unset-all http.https://github.com/.extraheader
2026-10-08T22:02:42.2057541Z [command]/usr/bin/git submodule foreach --recursive sh -c "git config --local --name-only --get-regexp 'http\.https\:\/\/github\.com\/\.extraheader' && git config --local --unset-all 'http.https://github.com/.extraheader' || :"
2026-10-08T22:02:42.2147706Z [command]/usr/bin/git config --local --name-only --get-regexp ^includeIf\.gitdir:
2026-10-08T22:02:42.2161002Z [command]/usr/bin/git submodule foreach --recursive git config --local --show-origin --name-only --get-regexp remote.origin.url
2026-10-08T22:02:42.2330985Z Cleaning up orphan processes
2026-10-08T22:02:42.2459702Z ##[warning]Node.js 20 is deprecated. The following actions target Node.js 20 but are being forced to run on Node.js 24: actions/checkout@v4, actions/setup-node@v4. For more information see: https://github.blog/changelog/2025-09-19-deprecation-of-node-20-on-github-actions-runners/
