#0 building with "desktop-linux" instance using docker driver

#1 [internal] load build definition from Dockerfile
#1 transferring dockerfile: 943B done
#1 DONE 0.0s

#2 [internal] load metadata for docker.io/library/node:24-bookworm
#2 DONE 1.3s

#3 [internal] load metadata for docker.io/library/rust:1.93.0-bookworm
#3 DONE 1.3s

#4 [internal] load .dockerignore
#4 transferring context: 2B done
#4 DONE 0.0s

#5 [stage-1 1/6] FROM docker.io/library/rust:1.93.0-bookworm@sha256:d0a4aa3ca2e1088ac0c81690914a0d810f2eee188197034edf366ed010a2b382
#5 resolve docker.io/library/rust:1.93.0-bookworm@sha256:d0a4aa3ca2e1088ac0c81690914a0d810f2eee188197034edf366ed010a2b382 done
#5 DONE 0.1s

#6 [node 1/1] FROM docker.io/library/node:24-bookworm@sha256:3d27e5c11e5786e309ec3e03f93ae536eb36e6e5eb3714d5eb3300a36157add0
#6 resolve docker.io/library/node:24-bookworm@sha256:3d27e5c11e5786e309ec3e03f93ae536eb36e6e5eb3714d5eb3300a36157add0 done
#6 sha256:064051a853d25d51393f92a2a2e875a57a4345de2a4ba0b3f2168ec53ef70684 448B / 448B 0.1s done
#6 sha256:0a24d4095d0bc6bcbf2f6aff2ef1a74def9a5b307a88387e09428f9ef0189f2c 0B / 1.25MB 0.2s
#6 sha256:0a24d4095d0bc6bcbf2f6aff2ef1a74def9a5b307a88387e09428f9ef0189f2c 1.25MB / 1.25MB 0.3s done
#6 sha256:07dd704887cea4263aa1e8b689966786fa24e65744755227b3d8037984a761fa 0B / 59.81MB 0.2s
#6 sha256:07dd704887cea4263aa1e8b689966786fa24e65744755227b3d8037984a761fa 3.15MB / 59.81MB 0.5s
#6 sha256:07dd704887cea4263aa1e8b689966786fa24e65744755227b3d8037984a761fa 6.29MB / 59.81MB 0.6s
#6 sha256:58509fb435f78d52821e0982338ba519f4476e4a6aca2bffaf822bab5825d4b1 3.32kB / 3.32kB 0.2s done
#6 sha256:4562cb873c99b9446ba4daee7180b2d40bbac13aefcf459f2e516776c1ed0458 0B / 203.25MB 0.2s
#6 ...

#5 [stage-1 1/6] FROM docker.io/library/rust:1.93.0-bookworm@sha256:d0a4aa3ca2e1088ac0c81690914a0d810f2eee188197034edf366ed010a2b382
#5 sha256:b6ebed95b46e67862ad14ce46ea7652bd454ca486f069214b990e20b2033d078 75.50MB / 180.22MB 5.6s
#5 sha256:65d574c1c687183c16f0b081ada8360957554f72a0100ca93ba1642b15723a98 34.60MB / 203.02MB 5.6s
#5 sha256:e1e9aa4982c2a67e202ea283fc3760e94d8d8b16966c616e01ad0238abbaac82 64.48MB / 64.48MB 4.5s done
#5 sha256:404413e6e45accf116074dace885c7ccf2917479ae04f2f46c046b6ae1909254 23.60MB / 23.60MB 2.2s done
#5 sha256:64e8f4c09e7ac936ecc3deb0e61613f653224c28b2e35fa9d8e6e11cbdb5f911 48.37MB / 48.37MB 3.1s done
#5 extracting sha256:64e8f4c09e7ac936ecc3deb0e61613f653224c28b2e35fa9d8e6e11cbdb5f911
#5 extracting sha256:64e8f4c09e7ac936ecc3deb0e61613f653224c28b2e35fa9d8e6e11cbdb5f911 0.7s done
#5 extracting sha256:404413e6e45accf116074dace885c7ccf2917479ae04f2f46c046b6ae1909254
#5 extracting sha256:404413e6e45accf116074dace885c7ccf2917479ae04f2f46c046b6ae1909254 0.2s done
#5 sha256:b6ebed95b46e67862ad14ce46ea7652bd454ca486f069214b990e20b2033d078 84.93MB / 180.22MB 6.3s
#5 extracting sha256:e1e9aa4982c2a67e202ea283fc3760e94d8d8b16966c616e01ad0238abbaac82
#5 sha256:65d574c1c687183c16f0b081ada8360957554f72a0100ca93ba1642b15723a98 46.14MB / 203.02MB 6.8s
#5 extracting sha256:e1e9aa4982c2a67e202ea283fc3760e94d8d8b16966c616e01ad0238abbaac82 0.8s done
#5 sha256:b6ebed95b46e67862ad14ce46ea7652bd454ca486f069214b990e20b2033d078 94.37MB / 180.22MB 7.4s
#5 sha256:65d574c1c687183c16f0b081ada8360957554f72a0100ca93ba1642b15723a98 56.62MB / 203.02MB 8.6s
#5 sha256:b6ebed95b46e67862ad14ce46ea7652bd454ca486f069214b990e20b2033d078 103.81MB / 180.22MB 9.3s
#5 sha256:65d574c1c687183c16f0b081ada8360957554f72a0100ca93ba1642b15723a98 67.11MB / 203.02MB 12.5s
#5 sha256:b6ebed95b46e67862ad14ce46ea7652bd454ca486f069214b990e20b2033d078 113.25MB / 180.22MB 13.4s
#5 ...

#6 [node 1/1] FROM docker.io/library/node:24-bookworm@sha256:3d27e5c11e5786e309ec3e03f93ae536eb36e6e5eb3714d5eb3300a36157add0
#6 sha256:07dd704887cea4263aa1e8b689966786fa24e65744755227b3d8037984a761fa 57.67MB / 59.81MB 10.8s
#6 sha256:4562cb873c99b9446ba4daee7180b2d40bbac13aefcf459f2e516776c1ed0458 203.25MB / 203.25MB 6.7s done
#6 sha256:99713dbe79ee22ead7509cd8c7c37d309206e5ddd834ba41611459b49e6ddc06 66.77MB / 66.77MB 1.9s done
#6 sha256:bdc7363672c63abfefdedaf5e03be8e39cb662841d4f31237c4b7d7e3729f65c 23.44MB / 23.44MB 0.7s done
#6 sha256:2a02c40189e361a19e7cb07374fe9925f5c4f7db254ae2b9196348c27c286b03 29.36MB / 48.40MB 0.9s
#6 sha256:2a02c40189e361a19e7cb07374fe9925f5c4f7db254ae2b9196348c27c286b03 34.60MB / 48.40MB 1.1s
#6 ...

#5 [stage-1 1/6] FROM docker.io/library/rust:1.93.0-bookworm@sha256:d0a4aa3ca2e1088ac0c81690914a0d810f2eee188197034edf366ed010a2b382
#5 sha256:b6ebed95b46e67862ad14ce46ea7652bd454ca486f069214b990e20b2033d078 122.68MB / 180.22MB 15.8s
#5 sha256:65d574c1c687183c16f0b081ada8360957554f72a0100ca93ba1642b15723a98 77.59MB / 203.02MB 16.1s
#5 ...

#6 [node 1/1] FROM docker.io/library/node:24-bookworm@sha256:3d27e5c11e5786e309ec3e03f93ae536eb36e6e5eb3714d5eb3300a36157add0
#6 sha256:07dd704887cea4263aa1e8b689966786fa24e65744755227b3d8037984a761fa 59.81MB / 59.81MB 11.4s done
#6 sha256:2a02c40189e361a19e7cb07374fe9925f5c4f7db254ae2b9196348c27c286b03 48.40MB / 48.40MB 1.4s done
#6 extracting sha256:2a02c40189e361a19e7cb07374fe9925f5c4f7db254ae2b9196348c27c286b03 0.7s done
#6 DONE 16.9s

#5 [stage-1 1/6] FROM docker.io/library/rust:1.93.0-bookworm@sha256:d0a4aa3ca2e1088ac0c81690914a0d810f2eee188197034edf366ed010a2b382
#5 sha256:b6ebed95b46e67862ad14ce46ea7652bd454ca486f069214b990e20b2033d078 133.17MB / 180.22MB 17.0s
#5 sha256:65d574c1c687183c16f0b081ada8360957554f72a0100ca93ba1642b15723a98 88.08MB / 203.02MB 17.3s
#5 sha256:b6ebed95b46e67862ad14ce46ea7652bd454ca486f069214b990e20b2033d078 142.61MB / 180.22MB 17.6s
#5 sha256:65d574c1c687183c16f0b081ada8360957554f72a0100ca93ba1642b15723a98 100.66MB / 203.02MB 18.0s
#5 sha256:b6ebed95b46e67862ad14ce46ea7652bd454ca486f069214b990e20b2033d078 153.09MB / 180.22MB 18.3s
#5 sha256:65d574c1c687183c16f0b081ada8360957554f72a0100ca93ba1642b15723a98 113.25MB / 203.02MB 18.8s
#5 sha256:b6ebed95b46e67862ad14ce46ea7652bd454ca486f069214b990e20b2033d078 163.58MB / 180.22MB 19.1s
#5 sha256:65d574c1c687183c16f0b081ada8360957554f72a0100ca93ba1642b15723a98 124.78MB / 203.02MB 19.2s
#5 sha256:b6ebed95b46e67862ad14ce46ea7652bd454ca486f069214b990e20b2033d078 174.06MB / 180.22MB 19.5s
#5 sha256:65d574c1c687183c16f0b081ada8360957554f72a0100ca93ba1642b15723a98 136.31MB / 203.02MB 19.7s
#5 sha256:b6ebed95b46e67862ad14ce46ea7652bd454ca486f069214b990e20b2033d078 180.22MB / 180.22MB 20.1s done
#5 sha256:65d574c1c687183c16f0b081ada8360957554f72a0100ca93ba1642b15723a98 159.38MB / 203.02MB 20.3s
#5 sha256:65d574c1c687183c16f0b081ada8360957554f72a0100ca93ba1642b15723a98 173.02MB / 203.02MB 20.6s
#5 sha256:65d574c1c687183c16f0b081ada8360957554f72a0100ca93ba1642b15723a98 187.70MB / 203.02MB 20.9s
#5 sha256:65d574c1c687183c16f0b081ada8360957554f72a0100ca93ba1642b15723a98 201.33MB / 203.02MB 21.2s
#5 ...

#6 [node 1/1] FROM docker.io/library/node:24-bookworm@sha256:3d27e5c11e5786e309ec3e03f93ae536eb36e6e5eb3714d5eb3300a36157add0
#6 extracting sha256:bdc7363672c63abfefdedaf5e03be8e39cb662841d4f31237c4b7d7e3729f65c 0.2s done
#6 extracting sha256:99713dbe79ee22ead7509cd8c7c37d309206e5ddd834ba41611459b49e6ddc06 1.0s done
#6 extracting sha256:4562cb873c99b9446ba4daee7180b2d40bbac13aefcf459f2e516776c1ed0458 2.1s done
#6 extracting sha256:58509fb435f78d52821e0982338ba519f4476e4a6aca2bffaf822bab5825d4b1 done
#6 extracting sha256:07dd704887cea4263aa1e8b689966786fa24e65744755227b3d8037984a761fa 1.0s done
#6 extracting sha256:0a24d4095d0bc6bcbf2f6aff2ef1a74def9a5b307a88387e09428f9ef0189f2c 0.0s done
#6 extracting sha256:064051a853d25d51393f92a2a2e875a57a4345de2a4ba0b3f2168ec53ef70684 done
#6 DONE 21.3s

#5 [stage-1 1/6] FROM docker.io/library/rust:1.93.0-bookworm@sha256:d0a4aa3ca2e1088ac0c81690914a0d810f2eee188197034edf366ed010a2b382
#5 sha256:65d574c1c687183c16f0b081ada8360957554f72a0100ca93ba1642b15723a98 203.02MB / 203.02MB 21.2s done
#5 extracting sha256:65d574c1c687183c16f0b081ada8360957554f72a0100ca93ba1642b15723a98
#5 extracting sha256:65d574c1c687183c16f0b081ada8360957554f72a0100ca93ba1642b15723a98 2.2s done
#5 DONE 23.5s

#5 [stage-1 1/6] FROM docker.io/library/rust:1.93.0-bookworm@sha256:d0a4aa3ca2e1088ac0c81690914a0d810f2eee188197034edf366ed010a2b382
#5 extracting sha256:b6ebed95b46e67862ad14ce46ea7652bd454ca486f069214b990e20b2033d078
#5 extracting sha256:b6ebed95b46e67862ad14ce46ea7652bd454ca486f069214b990e20b2033d078 1.5s done
#5 DONE 25.1s

#7 [stage-1 2/6] COPY --from=node /usr/local/bin/node /usr/local/bin/node
#7 DONE 0.5s

#8 [stage-1 3/6] COPY --from=node /usr/local/lib/node_modules /usr/local/lib/node_modules
#8 DONE 0.2s

#9 [stage-1 4/6] RUN ln -s ../lib/node_modules/npm/bin/npm-cli.js /usr/local/bin/npm && ln -s ../lib/node_modules/npm/bin/npx-cli.js /usr/local/bin/npx
#9 DONE 0.1s

#10 [stage-1 5/6] RUN apt-get update && apt-get install -y --no-install-recommends libwebkit2gtk-4.1-dev libayatana-appindicator3-dev librsvg2-dev libxdo-dev libclang-dev libxcb1-dev libxrandr-dev libdbus-1-dev libpipewire-0.3-dev libwayland-dev libegl-dev libssl-dev pkg-config xvfb xauth openbox xcompmgr xterm xdotool wmctrl xclip x11-utils x11-xserver-utils dbus-x11 scrot imagemagick python3 python3-pil python3-gi gir1.2-gtk-3.0 ca-certificates && rm -rf /var/lib/apt/lists/*
#10 0.110 Get:1 http://deb.debian.org/debian bookworm InRelease [151 kB]
#10 0.138 Get:2 http://deb.debian.org/debian bookworm-updates InRelease [55.4 kB]
#10 0.149 Get:3 http://deb.debian.org/debian-security bookworm-security InRelease [34.8 kB]
#10 0.170 Get:4 http://deb.debian.org/debian bookworm/main arm64 Packages [8689 kB]
#10 0.394 Get:5 http://deb.debian.org/debian bookworm-updates/main arm64 Packages [6936 B]
#10 0.401 Get:6 http://deb.debian.org/debian-security bookworm-security/main arm64 Packages [347 kB]
#10 0.925 Fetched 9285 kB in 1s (10.9 MB/s)
#10 0.925 Reading package lists...
#10 1.155 Reading package lists...
#10 1.361 Building dependency tree...
#10 1.411 Reading state information...
#10 1.479 librsvg2-dev is already the newest version (2.54.7+dfsg-1~deb12u1).
#10 1.479 librsvg2-dev set to manually installed.
#10 1.479 libxcb1-dev is already the newest version (1.15-1).
#10 1.479 libxcb1-dev set to manually installed.
#10 1.479 pkg-config is already the newest version (1.8.1-1).
#10 1.479 pkg-config set to manually installed.
#10 1.479 python3 is already the newest version (3.11.2-1+b1).
#10 1.479 python3 set to manually installed.
#10 1.479 The following additional packages will be installed:
#10 1.479   adwaita-icon-theme at-spi2-common bubblewrap build-essential dbus-bin
#10 1.479   dbus-daemon dbus-session-bus-common dconf-gsettings-backend dconf-service
#10 1.479   dictionaries-common emacsen-common fonts-urw-base35 gir1.2-adw-1
#10 1.479   gir1.2-atk-1.0 gir1.2-atspi-2.0 gir1.2-ayatanaappindicator3-0.1
#10 1.479   gir1.2-ayatanaido3-0.4 gir1.2-dbusmenu-glib-0.4 gir1.2-graphene-1.0
#10 1.479   gir1.2-gtk-2.0 gir1.2-gtk-4.0 gir1.2-harfbuzz-0.0
#10 1.479   gir1.2-javascriptcoregtk-4.1 gir1.2-json-1.0 gir1.2-pango-1.0
#10 1.479   gir1.2-polkit-1.0 gir1.2-soup-3.0 gir1.2-webkit2-4.1 glib-networking
#10 1.479   glib-networking-common glib-networking-services gobject-introspection
#10 1.479   gsettings-desktop-schemas gstreamer1.0-plugins-base
#10 1.479   gstreamer1.0-plugins-good gtk-update-icon-cache hunspell-en-us
#10 1.480   imagemagick-6-common imagemagick-6.q16 iso-codes libaa1 libabsl20220623
#10 1.480   libadwaita-1-0 libadwaita-1-dev libapparmor1 libasound2 libasound2-data
#10 1.480   libaspell15 libasyncns0 libatk-bridge2.0-0 libatk-bridge2.0-dev libatk1.0-0
#10 1.480   libatk1.0-dev libatspi2.0-0 libatspi2.0-dev libavahi-client3
#10 1.480   libavahi-common-data libavahi-common3 libavc1394-0 libavif15
#10 1.480   libayatana-appindicator3-1 libayatana-ido3-0.4-0 libayatana-ido3-dev
#10 1.480   libayatana-indicator3-7 libayatana-indicator3-dev libcaca0 libcap2
#10 1.480   libcap2-bin libcdparanoia0 libclang-14-dev libclang-common-14-dev
#10 1.480   libclang1-14 libcloudproviders0 libcolord2 libcups2 libdatrie-dev
#10 1.480   libdbus-1-3 libdbusmenu-glib-dev libdbusmenu-glib4 libdbusmenu-gtk3-4
#10 1.480   libdconf1 libdrm-amdgpu1 libdrm-common libdrm-nouveau2 libdrm-radeon1
#10 1.480   libdrm2 libdv4 libdw1 libegl-mesa0 libegl1 libegl1-mesa-dev libenchant-2-2
#10 1.480   libepoxy-dev libepoxy0 libevdev2 libflac12 libflite1 libfontenc1
#10 1.480   libfribidi-dev libgav1-1 libgbm1 libgc1 libgif7 libgirepository1.0-dev
#10 1.480   libgl-dev libgl1 libgl1-mesa-dri libglapi-mesa libgles-dev libgles1 libgles2
#10 1.480   libglvnd-core-dev libglvnd-dev libglvnd0 libglx-dev libglx-mesa0 libglx0
#10 1.480   libgpm2 libgraphene-1.0-0 libgraphene-1.0-dev libgraphite2-3
#10 1.480   libgraphite2-dev libgs-common libgs10 libgs10-common libgstreamer-gl1.0-0
#10 1.480   libgstreamer-plugins-base1.0-0 libgstreamer1.0-0 libgtk-3-0 libgtk-3-common
#10 1.480   libgtk-3-dev libgtk-4-1 libgtk-4-common libgtk-4-dev libgtk2.0-0
#10 1.480   libgtk2.0-common libgtk2.0-dev libgudev-1.0-0 libharfbuzz-dev
#10 1.480   libharfbuzz-gobject0 libharfbuzz-icu0 libharfbuzz-subset0 libhunspell-1.7-0
#10 1.480   libhwy1 libhyphen0 libid3tag0 libidn12 libiec61883-0 libijs-0.35
#10 1.480   libimagequant0 libimlib2 libjack-jackd2-0 libjavascriptcoregtk-4.1-0
#10 1.480   libjavascriptcoregtk-4.1-dev libjbig2dec0 libjson-glib-1.0-0
#10 1.480   libjson-glib-1.0-common libjson-glib-dev libjxl0.7 libllvm14 libllvm15
#10 1.480   libmagickcore-6-arch-config libmagickcore-6-headers libmagickcore-6.q16-6
#10 1.480   libmagickcore-6.q16-6-extra libmagickcore-6.q16-dev libmagickcore-dev
#10 1.480   libmagickwand-6-headers libmagickwand-6.q16-6 libmagickwand-6.q16-dev
#10 1.480   libmagickwand-dev libmanette-0.2-0 libmp3lame0 libmpg123-0 libnghttp2-14
#10 1.480   libnghttp2-dev libobjc-12-dev libobjc4 libobrender32v5 libobt2v5 libogg0
#10 1.480   libopengl-dev libopengl0 libopus0 liborc-0.4-0 libpango1.0-dev
#10 1.480   libpangoxft-1.0-0 libpaper1 libpipewire-0.3-0 libpolkit-agent-1-0
#10 1.480   libpolkit-gobject-1-0 libpolkit-gobject-1-dev libproxy1v5 libpsl-dev
#10 1.480   libpulse0 libraqm0 librav1e0 libraw1394-11 libsamplerate0 libsecret-1-0
#10 1.480   libsecret-common libsensors-config libsensors5 libshout3 libslang2
#10 1.480   libsndfile1 libsoup-3.0-0 libsoup-3.0-common libsoup-3.0-dev libsoup2.4-1
#10 1.480   libsoup2.4-common libspa-0.2-dev libspa-0.2-modules libspectre1 libspeex1
#10 1.480   libssl3 libstartup-notification0 libsvtav1enc1 libsysprof-4 libsysprof-4-dev
#10 1.480   libsysprof-ui-5 libtag1v5 libtag1v5-vanilla libtext-iconv-perl libthai-dev
#10 1.480   libtheora0 libtwolame0 libunwind8 libutempter0 libv4l-0 libv4lconvert0
#10 1.480   libvisual-0.4-0 libvorbis0a libvorbisenc2 libvpx7 libvulkan-dev libvulkan1
#10 1.480   libwavpack1 libwayland-bin libwayland-client0 libwayland-cursor0
#10 1.480   libwayland-egl1 libwayland-server0 libwebkit2gtk-4.1-0
#10 1.480   libwebrtc-audio-processing1 libwoff1 libx11-xcb1 libxaw7 libxcb-dri2-0
#10 1.480   libxcb-dri3-0 libxcb-glx0 libxcb-present0 libxcb-randr0 libxcb-shape0
#10 1.480   libxcb-sync1 libxcb-util1 libxcb-xfixes0 libxcomposite-dev libxcomposite1
#10 1.480   libxcursor-dev libxcursor1 libxdamage-dev libxdamage1 libxdo3 libxfixes-dev
#10 1.480   libxfixes3 libxfont2 libxft-dev libxft2 libxi-dev libxi6 libxinerama-dev
#10 1.480   libxinerama1 libxkbcommon-dev libxkbcommon0 libxkbfile1 libxml2 libxml2-dev
#10 1.480   libxml2-utils libxmu6 libxmuu1 libxpm4 libxrandr2 libxshmfence1 libxtst-dev
#10 1.480   libxtst6 libxv1 libxxf86dga1 libxxf86vm1 libyuv0 libz3-4 mailcap
#10 1.480   mime-support openssl pango1.0-tools poppler-data python3-mako
#10 1.480   python3-markdown python3-markupsafe python3-pkg-resources sgml-base
#10 1.480   wayland-protocols x11-xkb-utils xbitmaps xdg-dbus-proxy xfonts-encodings
#10 1.480   xfonts-utils xkb-data xml-core xserver-common
#10 1.480 Suggested packages:
#10 1.480   ispell | aspell | hunspell wordlist fonts-freefont-otf | fonts-freefont-ttf
#10 1.480   fonts-texgyre gvfs hunspell openoffice.org-hunspell | openoffice.org-core
#10 1.480   imagemagick-doc autotrace cups-bsd | lpr | lprng enscript ffmpeg gimp
#10 1.480   gnuplot grads graphviz groff-base hp2xx html2ps libwmf-bin mplayer povray
#10 1.480   radiance sane-utils texlive-base-bin transfig ufraw-batch xdg-utils isoquery
#10 1.480   libadwaita-1-doc libasound2-plugins alsa-utils aspell colord cups-common
#10 1.480   libdatrie-doc libdv-bin oss-compat libenchant-2-voikko
#10 1.480   libgirepository1.0-doc gpm libgraphene-doc libgraphite2-utils
#10 1.480   libvisual-0.4-plugins gstreamer1.0-tools libgtk-3-doc
#10 1.480   libgtk-4-media-gstreamer | libgtk-4-media-ffmpeg libgtk-4-doc gtk-4-examples
#10 1.480   libgtk2.0-doc jackd2 libjson-glib-doc inkscape libnghttp2-doc opus-tools
#10 1.480   libpango1.0-doc pipewire pipewire-doc pulseaudio libraw1394-doc lm-sensors
#10 1.480   libsoup-3.0-doc speex libssl-doc libthai-doc libwayland-doc
#10 1.480   gstreamer1.0-alsa fonts-dejavu tint2 openbox-gnome-session
#10 1.480   openbox-kde-session graphicsmagick poppler-utils ghostscript
#10 1.480   fonts-japanese-mincho | fonts-ipafont-mincho fonts-japanese-gothic
#10 1.480   | fonts-ipafont-gothic fonts-arphic-ukai fonts-arphic-uming fonts-nanum
#10 1.480   python-mako-doc python3-beaker python-markdown-doc python-pil-doc
#10 1.480   python3-setuptools sgml-base-doc mesa-utils nickle cairo-5c xorg-docs-core
#10 1.480   debhelper xfonts-cyrillic
#10 1.480 Recommended packages:
#10 1.480   gstreamer1.0-x ghostscript netpbm alsa-ucm-conf alsa-topology-conf aspell-en
#10 1.480   | aspell-dictionary | aspell6a-dictionary at-spi2-core libpam-cap
#10 1.480   libclang-rt-14-dev dbus enchant-2 fonts-droid-fallback gstreamer1.0-gl
#10 1.480   libgtk-3-bin libgtk-4-bin libgail-common libgtk2.0-bin debhelper gsfonts
#10 1.480   libjxr-tools libpaper-utils libpipewire-0.3-common mesa-vulkan-drivers
#10 1.480   | vulkan-icd xdg-desktop-portal-gtk gstreamer1.0-libav
#10 1.480   gstreamer1.0-plugins-bad obconf | obconf-qt python3-pygments python3-yaml
#10 1.480   python3-olefile xfonts-base
#10 2.433 The following NEW packages will be installed:
#10 2.433   adwaita-icon-theme at-spi2-common bubblewrap build-essential dbus-bin
#10 2.433   dbus-daemon dbus-session-bus-common dbus-x11 dconf-gsettings-backend
#10 2.433   dconf-service dictionaries-common emacsen-common fonts-urw-base35
#10 2.433   gir1.2-adw-1 gir1.2-atk-1.0 gir1.2-atspi-2.0 gir1.2-ayatanaappindicator3-0.1
#10 2.433   gir1.2-ayatanaido3-0.4 gir1.2-dbusmenu-glib-0.4 gir1.2-graphene-1.0
#10 2.433   gir1.2-gtk-2.0 gir1.2-gtk-3.0 gir1.2-gtk-4.0 gir1.2-harfbuzz-0.0
#10 2.433   gir1.2-javascriptcoregtk-4.1 gir1.2-json-1.0 gir1.2-pango-1.0
#10 2.433   gir1.2-polkit-1.0 gir1.2-soup-3.0 gir1.2-webkit2-4.1 glib-networking
#10 2.433   glib-networking-common glib-networking-services gobject-introspection
#10 2.433   gsettings-desktop-schemas gstreamer1.0-plugins-base
#10 2.433   gstreamer1.0-plugins-good gtk-update-icon-cache hunspell-en-us iso-codes
#10 2.433   libaa1 libabsl20220623 libadwaita-1-0 libadwaita-1-dev libapparmor1
#10 2.433   libasound2 libasound2-data libaspell15 libasyncns0 libatk-bridge2.0-0
#10 2.433   libatk-bridge2.0-dev libatk1.0-0 libatk1.0-dev libatspi2.0-0 libatspi2.0-dev
#10 2.433   libavahi-client3 libavahi-common-data libavahi-common3 libavc1394-0
#10 2.433   libavif15 libayatana-appindicator3-1 libayatana-appindicator3-dev
#10 2.433   libayatana-ido3-0.4-0 libayatana-ido3-dev libayatana-indicator3-7
#10 2.433   libayatana-indicator3-dev libcaca0 libcap2-bin libcdparanoia0
#10 2.433   libclang-14-dev libclang-common-14-dev libclang-dev libclang1-14
#10 2.433   libcloudproviders0 libcolord2 libcups2 libdatrie-dev libdbus-1-3
#10 2.433   libdbus-1-dev libdbusmenu-glib-dev libdbusmenu-glib4 libdbusmenu-gtk3-4
#10 2.433   libdconf1 libdrm-amdgpu1 libdrm-common libdrm-nouveau2 libdrm-radeon1
#10 2.433   libdrm2 libdv4 libdw1 libegl-dev libegl-mesa0 libegl1 libegl1-mesa-dev
#10 2.433   libenchant-2-2 libepoxy-dev libepoxy0 libevdev2 libflac12 libflite1
#10 2.433   libfontenc1 libfribidi-dev libgav1-1 libgbm1 libgc1 libgif7
#10 2.433   libgirepository1.0-dev libgl-dev libgl1 libgl1-mesa-dri libglapi-mesa
#10 2.433   libgles-dev libgles1 libgles2 libglvnd-core-dev libglvnd-dev libglvnd0
#10 2.433   libglx-dev libglx-mesa0 libglx0 libgpm2 libgraphene-1.0-0
#10 2.433   libgraphene-1.0-dev libgraphite2-dev libgs-common libgs10 libgs10-common
#10 2.433   libgstreamer-gl1.0-0 libgstreamer-plugins-base1.0-0 libgstreamer1.0-0
#10 2.433   libgtk-3-0 libgtk-3-common libgtk-3-dev libgtk-4-1 libgtk-4-common
#10 2.433   libgtk-4-dev libgtk2.0-0 libgtk2.0-common libgtk2.0-dev libgudev-1.0-0
#10 2.433   libharfbuzz-dev libharfbuzz-gobject0 libharfbuzz-icu0 libharfbuzz-subset0
#10 2.433   libhunspell-1.7-0 libhwy1 libhyphen0 libid3tag0 libidn12 libiec61883-0
#10 2.433   libijs-0.35 libimagequant0 libimlib2 libjack-jackd2-0
#10 2.433   libjavascriptcoregtk-4.1-0 libjavascriptcoregtk-4.1-dev libjbig2dec0
#10 2.433   libjson-glib-1.0-0 libjson-glib-1.0-common libjson-glib-dev libjxl0.7
#10 2.433   libllvm14 libllvm15 libmanette-0.2-0 libmp3lame0 libmpg123-0 libnghttp2-dev
#10 2.433   libobjc-12-dev libobjc4 libobrender32v5 libobt2v5 libogg0 libopengl-dev
#10 2.433   libopengl0 libopus0 liborc-0.4-0 libpango1.0-dev libpangoxft-1.0-0 libpaper1
#10 2.433   libpipewire-0.3-0 libpipewire-0.3-dev libpolkit-agent-1-0
#10 2.433   libpolkit-gobject-1-0 libpolkit-gobject-1-dev libproxy1v5 libpsl-dev
#10 2.433   libpulse0 libraqm0 librav1e0 libraw1394-11 libsamplerate0 libsecret-1-0
#10 2.433   libsecret-common libsensors-config libsensors5 libshout3 libslang2
#10 2.433   libsndfile1 libsoup-3.0-0 libsoup-3.0-common libsoup-3.0-dev libsoup2.4-1
#10 2.433   libsoup2.4-common libspa-0.2-dev libspa-0.2-modules libspectre1 libspeex1
#10 2.433   libstartup-notification0 libsvtav1enc1 libsysprof-4 libsysprof-4-dev
#10 2.433   libsysprof-ui-5 libtag1v5 libtag1v5-vanilla libtext-iconv-perl libthai-dev
#10 2.433   libtheora0 libtwolame0 libunwind8 libutempter0 libv4l-0 libv4lconvert0
#10 2.433   libvisual-0.4-0 libvorbis0a libvorbisenc2 libvpx7 libvulkan-dev libvulkan1
#10 2.433   libwavpack1 libwayland-bin libwayland-client0 libwayland-cursor0
#10 2.433   libwayland-dev libwayland-egl1 libwayland-server0 libwebkit2gtk-4.1-0
#10 2.433   libwebkit2gtk-4.1-dev libwebrtc-audio-processing1 libwoff1 libx11-xcb1
#10 2.433   libxaw7 libxcb-dri2-0 libxcb-dri3-0 libxcb-glx0 libxcb-present0
#10 2.433   libxcb-randr0 libxcb-shape0 libxcb-sync1 libxcb-util1 libxcb-xfixes0
#10 2.433   libxcomposite-dev libxcomposite1 libxcursor-dev libxcursor1 libxdamage-dev
#10 2.433   libxdamage1 libxdo-dev libxdo3 libxfixes-dev libxfixes3 libxfont2 libxft-dev
#10 2.433   libxft2 libxi-dev libxi6 libxinerama-dev libxinerama1 libxkbcommon-dev
#10 2.433   libxkbcommon0 libxkbfile1 libxml2-utils libxmu6 libxmuu1 libxpm4
#10 2.433   libxrandr-dev libxrandr2 libxshmfence1 libxtst-dev libxtst6 libxv1
#10 2.433   libxxf86dga1 libxxf86vm1 libyuv0 libz3-4 mailcap mime-support openbox
#10 2.433   pango1.0-tools poppler-data python3-gi python3-mako python3-markdown
#10 2.433   python3-markupsafe python3-pil python3-pkg-resources scrot sgml-base
#10 2.433   wayland-protocols wmctrl x11-utils x11-xkb-utils x11-xserver-utils xauth
#10 2.433   xbitmaps xclip xcompmgr xdg-dbus-proxy xdotool xfonts-encodings xfonts-utils
#10 2.433   xkb-data xml-core xserver-common xterm xvfb
#10 2.433 The following packages will be upgraded:
#10 2.433   ca-certificates imagemagick imagemagick-6-common imagemagick-6.q16 libcap2
#10 2.433   libgraphite2-3 libmagickcore-6-arch-config libmagickcore-6-headers
#10 2.433   libmagickcore-6.q16-6 libmagickcore-6.q16-6-extra libmagickcore-6.q16-dev
#10 2.433   libmagickcore-dev libmagickwand-6-headers libmagickwand-6.q16-6
#10 2.434   libmagickwand-6.q16-dev libmagickwand-dev libnghttp2-14 libssl-dev libssl3
#10 2.434   libxml2 libxml2-dev openssl
#10 2.462 22 upgraded, 315 newly installed, 0 to remove and 89 not upgraded.
#10 2.462 Need to get 225 MB of archives.
#10 2.462 After this operation, 1151 MB of additional disk space will be used.
#10 2.462 Get:1 http://deb.debian.org/debian-security bookworm-security/main arm64 libmagickwand-6.q16-dev arm64 8:6.9.11.60+dfsg-1.6+deb12u13 [407 kB]
#10 2.502 Get:2 http://deb.debian.org/debian-security bookworm-security/main arm64 libmagickwand-dev all 8:6.9.11.60+dfsg-1.6+deb12u13 [1324 B]
#10 2.510 Get:3 http://deb.debian.org/debian bookworm/main arm64 libxml2-dev arm64 2.9.14+dfsg-1.3~deb12u6 [741 kB]
#10 2.538 Get:4 http://deb.debian.org/debian bookworm/main arm64 libxml2 arm64 2.9.14+dfsg-1.3~deb12u6 [620 kB]
#10 2.558 Get:5 http://deb.debian.org/debian-security bookworm-security/main arm64 imagemagick-6.q16 arm64 8:6.9.11.60+dfsg-1.6+deb12u13 [348 kB]
#10 2.574 Get:6 http://deb.debian.org/debian-security bookworm-security/main arm64 libmagickcore-6.q16-dev arm64 8:6.9.11.60+dfsg-1.6+deb12u13 [1035 kB]
#10 2.617 Get:7 http://deb.debian.org/debian-security bookworm-security/main arm64 libmagickcore-6.q16-6 arm64 8:6.9.11.60+dfsg-1.6+deb12u13 [1606 kB]
#10 2.656 Get:8 http://deb.debian.org/debian-security bookworm-security/main arm64 libmagickwand-6.q16-6 arm64 8:6.9.11.60+dfsg-1.6+deb12u13 [359 kB]
#10 2.668 Get:9 http://deb.debian.org/debian-security bookworm-security/main arm64 libmagickcore-dev all 8:6.9.11.60+dfsg-1.6+deb12u13 [1340 B]
#10 2.679 Get:10 http://deb.debian.org/debian-security bookworm-security/main arm64 libmagickcore-6-arch-config arm64 8:6.9.11.60+dfsg-1.6+deb12u13 [138 kB]
#10 2.681 Get:11 http://deb.debian.org/debian-security bookworm-security/main arm64 libmagickwand-6-headers all 8:6.9.11.60+dfsg-1.6+deb12u13 [10.5 kB]
#10 2.681 Get:12 http://deb.debian.org/debian-security bookworm-security/main arm64 libmagickcore-6-headers all 8:6.9.11.60+dfsg-1.6+deb12u13 [50.9 kB]
#10 2.690 Get:13 http://deb.debian.org/debian-security bookworm-security/main arm64 imagemagick-6-common all 8:6.9.11.60+dfsg-1.6+deb12u13 [175 kB]
#10 2.702 Get:14 http://deb.debian.org/debian-security bookworm-security/main arm64 libmagickcore-6.q16-6-extra arm64 8:6.9.11.60+dfsg-1.6+deb12u13 [177 kB]
#10 2.713 Get:15 http://deb.debian.org/debian bookworm/main arm64 poppler-data all 0.4.12-1 [1601 kB]
#10 2.756 Get:16 http://deb.debian.org/debian bookworm/main arm64 sgml-base all 1.31 [15.4 kB]
#10 2.756 Get:17 http://deb.debian.org/debian bookworm/main arm64 libcap2 arm64 1:2.66-4+deb12u3+b1 [27.1 kB]
#10 2.757 Get:18 http://deb.debian.org/debian-security bookworm-security/main arm64 libssl-dev arm64 3.0.22-1~deb12u1 [2318 kB]
#10 2.803 Get:19 http://deb.debian.org/debian-security bookworm-security/main arm64 libssl3 arm64 3.0.22-1~deb12u1 [1828 kB]
#10 2.839 Get:20 http://deb.debian.org/debian-security bookworm-security/main arm64 openssl arm64 3.0.22-1~deb12u1 [1410 kB]
#10 2.875 Get:21 http://deb.debian.org/debian-security bookworm-security/main arm64 ca-certificates all 20250419~deb12u1 [162 kB]
#10 2.880 Get:22 http://deb.debian.org/debian bookworm/main arm64 mailcap all 3.70+nmu1 [32.0 kB]
#10 2.881 Get:23 http://deb.debian.org/debian bookworm/main arm64 mime-support all 3.66 [10.9 kB]
#10 2.882 Get:24 http://deb.debian.org/debian bookworm/main arm64 gtk-update-icon-cache arm64 3.24.38-2~deb12u3 [43.6 kB]
#10 2.894 Get:25 http://deb.debian.org/debian bookworm/main arm64 adwaita-icon-theme all 43-1 [5124 kB]
#10 3.000 Get:26 http://deb.debian.org/debian bookworm/main arm64 at-spi2-common all 2.46.0-5 [162 kB]
#10 3.003 Get:27 http://deb.debian.org/debian bookworm/main arm64 bubblewrap arm64 0.8.0-2+deb12u1 [45.2 kB]
#10 3.003 Get:28 http://deb.debian.org/debian bookworm/main arm64 build-essential arm64 12.9 [7704 B]
#10 3.011 Get:29 http://deb.debian.org/debian bookworm/main arm64 libdbus-1-3 arm64 1.14.10-1~deb12u1 [193 kB]
#10 3.023 Get:30 http://deb.debian.org/debian bookworm/main arm64 dbus-bin arm64 1.14.10-1~deb12u1 [104 kB]
#10 3.026 Get:31 http://deb.debian.org/debian bookworm/main arm64 dbus-session-bus-common all 1.14.10-1~deb12u1 [78.2 kB]
#10 3.027 Get:32 http://deb.debian.org/debian bookworm/main arm64 libapparmor1 arm64 3.0.8-3 [40.3 kB]
#10 3.036 Get:33 http://deb.debian.org/debian bookworm/main arm64 dbus-daemon arm64 1.14.10-1~deb12u1 [176 kB]
#10 3.039 Get:34 http://deb.debian.org/debian bookworm/main arm64 dbus-x11 arm64 1.14.10-1~deb12u1 [90.6 kB]
#10 3.040 Get:35 http://deb.debian.org/debian bookworm/main arm64 libdconf1 arm64 0.40.0-4 [39.2 kB]
#10 3.041 Get:36 http://deb.debian.org/debian bookworm/main arm64 dconf-service arm64 0.40.0-4 [30.0 kB]
#10 3.042 Get:37 http://deb.debian.org/debian bookworm/main arm64 dconf-gsettings-backend arm64 0.40.0-4 [26.3 kB]
#10 3.044 Get:38 http://deb.debian.org/debian bookworm/main arm64 libtext-iconv-perl arm64 1.7-8 [14.2 kB]
#10 3.044 Get:39 http://deb.debian.org/debian bookworm/main arm64 emacsen-common all 3.0.5 [12.3 kB]
#10 3.052 Get:40 http://deb.debian.org/debian bookworm/main arm64 dictionaries-common all 1.29.5 [184 kB]
#10 3.055 Get:41 http://deb.debian.org/debian bookworm/main arm64 libfontenc1 arm64 1:1.1.4-1 [23.6 kB]
#10 3.069 Get:42 http://deb.debian.org/debian bookworm/main arm64 xfonts-encodings all 1:1.0.4-2.2 [577 kB]
#10 3.077 Get:43 http://deb.debian.org/debian bookworm/main arm64 xfonts-utils arm64 1:7.7+6 [85.6 kB]
#10 3.080 Get:44 http://deb.debian.org/debian bookworm/main arm64 fonts-urw-base35 all 20200910-7 [10.8 MB]
#10 3.320 Get:45 http://deb.debian.org/debian bookworm/main arm64 libgraphene-1.0-0 arm64 1.10.8-1 [40.3 kB]
#10 3.321 Get:46 http://deb.debian.org/debian bookworm/main arm64 gir1.2-graphene-1.0 arm64 1.10.8-1 [12.3 kB]
#10 3.332 Get:47 http://deb.debian.org/debian bookworm/main arm64 gir1.2-harfbuzz-0.0 arm64 6.0.0+dfsg-3 [1579 kB]
#10 3.369 Get:48 http://deb.debian.org/debian bookworm/main arm64 libxft2 arm64 2.3.6-1 [58.7 kB]
#10 3.370 Get:49 http://deb.debian.org/debian bookworm/main arm64 libpangoxft-1.0-0 arm64 1.50.12+ds-1 [25.9 kB]
#10 3.370 Get:50 http://deb.debian.org/debian bookworm/main arm64 gir1.2-pango-1.0 arm64 1.50.12+ds-1 [37.4 kB]
#10 3.370 Get:51 http://deb.debian.org/debian bookworm/main arm64 libcloudproviders0 arm64 0.3.1-2 [25.9 kB]
#10 3.381 Get:52 http://deb.debian.org/debian bookworm/main arm64 libcolord2 arm64 1.4.6-2.2 [126 kB]
#10 3.392 Get:53 http://deb.debian.org/debian bookworm/main arm64 libavahi-common-data arm64 0.8-10+deb12u1 [107 kB]
#10 3.396 Get:54 http://deb.debian.org/debian bookworm/main arm64 libavahi-common3 arm64 0.8-10+deb12u1 [41.2 kB]
#10 3.396 Get:55 http://deb.debian.org/debian bookworm/main arm64 libavahi-client3 arm64 0.8-10+deb12u1 [44.3 kB]
#10 3.406 Get:56 http://deb.debian.org/debian bookworm/main arm64 libcups2 arm64 2.4.2-3+deb12u9 [230 kB]
#10 3.418 Get:57 http://deb.debian.org/debian bookworm/main arm64 libepoxy0 arm64 1.5.10-1 [198 kB]
#10 3.422 Get:58 http://deb.debian.org/debian bookworm/main arm64 libwayland-client0 arm64 1.21.0-1 [27.6 kB]
#10 3.422 Get:59 http://deb.debian.org/debian bookworm/main arm64 libwayland-egl1 arm64 1.21.0-1 [8696 B]
#10 3.422 Get:60 http://deb.debian.org/debian bookworm/main arm64 libxfixes3 arm64 1:6.0.0-2 [22.9 kB]
#10 3.425 Get:61 http://deb.debian.org/debian bookworm/main arm64 libxcursor1 arm64 1:1.2.1-1 [40.2 kB]
#10 3.425 Get:62 http://deb.debian.org/debian bookworm/main arm64 libxdamage1 arm64 1:1.1.6-1 [15.2 kB]
#10 3.425 Get:63 http://deb.debian.org/debian bookworm/main arm64 libxi6 arm64 2:1.8-1+b1 [82.3 kB]
#10 3.428 Get:64 http://deb.debian.org/debian bookworm/main arm64 libxinerama1 arm64 2:1.1.4-3 [17.8 kB]
#10 3.436 Get:65 http://deb.debian.org/debian bookworm/main arm64 xkb-data all 2.35.1-1 [764 kB]
#10 3.452 Get:66 http://deb.debian.org/debian bookworm/main arm64 libxkbcommon0 arm64 1.5.0-1 [100 kB]
#10 3.452 Get:67 http://deb.debian.org/debian bookworm/main arm64 libxrandr2 arm64 2:1.5.2-2+b1 [38.4 kB]
#10 3.460 Get:68 http://deb.debian.org/debian bookworm/main arm64 libgtk-4-common all 4.8.3+ds-2+deb12u1 [1854 kB]
#10 3.506 Get:69 http://deb.debian.org/debian bookworm/main arm64 libgtk-4-1 arm64 4.8.3+ds-2+deb12u1 [2517 kB]
#10 3.562 Get:70 http://deb.debian.org/debian bookworm/main arm64 gir1.2-gtk-4.0 arm64 4.8.3+ds-2+deb12u1 [191 kB]
#10 3.573 Get:71 http://deb.debian.org/debian bookworm/main arm64 libadwaita-1-0 arm64 1.2.2-1 [282 kB]
#10 3.578 Get:72 http://deb.debian.org/debian bookworm/main arm64 gir1.2-adw-1 arm64 1.2.2-1 [29.6 kB]
#10 3.578 Get:73 http://deb.debian.org/debian bookworm/main arm64 libatk1.0-0 arm64 2.46.0-5 [47.4 kB]
#10 3.579 Get:74 http://deb.debian.org/debian bookworm/main arm64 gir1.2-atk-1.0 arm64 2.46.0-5 [23.6 kB]
#10 3.579 Get:75 http://deb.debian.org/debian bookworm/main arm64 libatspi2.0-0 arm64 2.46.0-5 [71.0 kB]
#10 3.581 Get:76 http://deb.debian.org/debian bookworm/main arm64 gir1.2-atspi-2.0 arm64 2.46.0-5 [20.7 kB]
#10 3.581 Get:77 http://deb.debian.org/debian bookworm/main arm64 libatk-bridge2.0-0 arm64 2.46.0-5 [61.4 kB]
#10 3.583 Get:78 http://deb.debian.org/debian bookworm/main arm64 libwayland-cursor0 arm64 1.21.0-1 [14.1 kB]
#10 3.583 Get:79 http://deb.debian.org/debian bookworm/main arm64 libxcomposite1 arm64 1:0.4.5-1 [16.6 kB]
#10 3.594 Get:80 http://deb.debian.org/debian bookworm/main arm64 libgtk-3-common all 3.24.38-2~deb12u3 [3895 kB]
#10 3.680 Get:81 http://deb.debian.org/debian bookworm/main arm64 libgtk-3-0 arm64 3.24.38-2~deb12u3 [2620 kB]
#10 3.745 Get:82 http://deb.debian.org/debian bookworm/main arm64 gir1.2-gtk-3.0 arm64 3.24.38-2~deb12u3 [220 kB]
#10 3.747 Get:83 http://deb.debian.org/debian bookworm/main arm64 libayatana-ido3-0.4-0 arm64 0.9.3-1 [51.6 kB]
#10 3.748 Get:84 http://deb.debian.org/debian bookworm/main arm64 libayatana-indicator3-7 arm64 0.9.3-1 [31.0 kB]
#10 3.749 Get:85 http://deb.debian.org/debian bookworm/main arm64 libdbusmenu-glib4 arm64 18.10.20180917~bzr492+repack1-3 [38.7 kB]
#10 3.749 Get:86 http://deb.debian.org/debian bookworm/main arm64 libdbusmenu-gtk3-4 arm64 18.10.20180917~bzr492+repack1-3 [26.5 kB]
#10 3.750 Get:87 http://deb.debian.org/debian bookworm/main arm64 libayatana-appindicator3-1 arm64 0.5.92-1 [23.6 kB]
#10 3.750 Get:88 http://deb.debian.org/debian bookworm/main arm64 gir1.2-ayatanaappindicator3-0.1 arm64 0.5.92-1 [9032 B]
#10 3.752 Get:89 http://deb.debian.org/debian bookworm/main arm64 gir1.2-ayatanaido3-0.4 arm64 0.9.3-1 [9120 B]
#10 3.754 Get:90 http://deb.debian.org/debian bookworm/main arm64 gir1.2-dbusmenu-glib-0.4 arm64 18.10.20180917~bzr492+repack1-3 [7632 B]
#10 3.763 Get:91 http://deb.debian.org/debian bookworm/main arm64 libgtk2.0-common all 2.24.33-2+deb12u1 [2660 kB]
#10 3.830 Get:92 http://deb.debian.org/debian bookworm/main arm64 libgtk2.0-0 arm64 2.24.33-2+deb12u1 [1665 kB]
#10 3.871 Get:93 http://deb.debian.org/debian bookworm/main arm64 gir1.2-gtk-2.0 arm64 2.24.33-2+deb12u1 [179 kB]
#10 3.883 Get:94 http://deb.debian.org/debian bookworm/main arm64 libjavascriptcoregtk-4.1-0 arm64 2.50.6-1~deb12u2 [6244 kB]
#10 4.017 Get:95 http://deb.debian.org/debian bookworm/main arm64 gir1.2-javascriptcoregtk-4.1 arm64 2.50.6-1~deb12u2 [52.6 kB]
#10 4.018 Get:96 http://deb.debian.org/debian bookworm/main arm64 libjson-glib-1.0-common all 1.6.6-1 [57.1 kB]
#10 4.019 Get:97 http://deb.debian.org/debian bookworm/main arm64 libjson-glib-1.0-0 arm64 1.6.6-1 [60.1 kB]
#10 4.019 Get:98 http://deb.debian.org/debian bookworm/main arm64 gir1.2-json-1.0 arm64 1.6.6-1 [13.4 kB]
#10 4.020 Get:99 http://deb.debian.org/debian bookworm/main arm64 libpolkit-gobject-1-0 arm64 122-3 [42.7 kB]
#10 4.020 Get:100 http://deb.debian.org/debian bookworm/main arm64 libpolkit-agent-1-0 arm64 122-3 [23.6 kB]
#10 4.021 Get:101 http://deb.debian.org/debian bookworm/main arm64 gir1.2-polkit-1.0 arm64 122-3 [16.3 kB]
#10 4.021 Get:102 http://deb.debian.org/debian bookworm/main arm64 libproxy1v5 arm64 0.4.18-1.2 [50.9 kB]
#10 4.023 Get:103 http://deb.debian.org/debian bookworm/main arm64 glib-networking-common all 2.74.0-4 [80.3 kB]
#10 4.031 Get:104 http://deb.debian.org/debian bookworm/main arm64 glib-networking-services arm64 2.74.0-4 [11.8 kB]
#10 4.040 Get:105 http://deb.debian.org/debian bookworm/main arm64 gsettings-desktop-schemas all 43.0-1 [643 kB]
#10 4.053 Get:106 http://deb.debian.org/debian bookworm/main arm64 glib-networking arm64 2.74.0-4 [64.3 kB]
#10 4.054 Get:107 http://deb.debian.org/debian bookworm/main arm64 libsoup-3.0-common all 3.2.3-0+deb12u2 [62.5 kB]
#10 4.055 Get:108 http://deb.debian.org/debian bookworm/main arm64 libnghttp2-14 arm64 1.52.0-1+deb12u3 [69.0 kB]
#10 4.065 Get:109 http://deb.debian.org/debian bookworm/main arm64 libsoup-3.0-0 arm64 3.2.3-0+deb12u2 [255 kB]
#10 4.069 Get:110 http://deb.debian.org/debian bookworm/main arm64 gir1.2-soup-3.0 arm64 3.2.3-0+deb12u2 [27.7 kB]
#10 4.070 Get:111 http://deb.debian.org/debian bookworm/main arm64 libcdparanoia0 arm64 3.10.2+debian-14 [45.7 kB]
#10 4.081 Get:112 http://deb.debian.org/debian bookworm/main arm64 libdw1 arm64 0.188-2.1 [219 kB]
#10 4.084 Get:113 http://deb.debian.org/debian bookworm/main arm64 libunwind8 arm64 1.6.2-3 [47.4 kB]
#10 4.084 Get:114 http://deb.debian.org/debian bookworm/main arm64 libcap2-bin arm64 1:2.66-4+deb12u3+b1 [34.5 kB]
#10 4.094 Get:115 http://deb.debian.org/debian bookworm/main arm64 libgstreamer1.0-0 arm64 1.22.0-2+deb12u1 [1065 kB]
#10 4.126 Get:116 http://deb.debian.org/debian bookworm/main arm64 liborc-0.4-0 arm64 1:0.4.33-2 [148 kB]
#10 4.138 Get:117 http://deb.debian.org/debian bookworm/main arm64 iso-codes all 4.15.0-1 [2906 kB]
#10 4.202 Get:118 http://deb.debian.org/debian-security bookworm-security/main arm64 libgstreamer-plugins-base1.0-0 arm64 1.22.0-3+deb12u7 [841 kB]
#10 4.221 Get:119 http://deb.debian.org/debian bookworm/main arm64 libogg0 arm64 1.3.5-3 [23.0 kB]
#10 4.225 Get:120 http://deb.debian.org/debian bookworm/main arm64 libopus0 arm64 1.3.1-3 [176 kB]
#10 4.236 Get:121 http://deb.debian.org/debian bookworm/main arm64 libtheora0 arm64 1.1.1+dfsg.1-16.1+deb12u1 [144 kB]
#10 4.246 Get:122 http://deb.debian.org/debian bookworm/main arm64 libvisual-0.4-0 arm64 0.4.0-19 [123 kB]
#10 4.248 Get:123 http://deb.debian.org/debian bookworm/main arm64 libvorbis0a arm64 1.3.7-1 [86.2 kB]
#10 4.250 Get:124 http://deb.debian.org/debian bookworm/main arm64 libvorbisenc2 arm64 1.3.7-1 [80.4 kB]
#10 4.265 Get:125 http://deb.debian.org/debian-security bookworm-security/main arm64 gstreamer1.0-plugins-base arm64 1.22.0-3+deb12u7 [642 kB]
#10 4.278 Get:126 http://deb.debian.org/debian bookworm/main arm64 libgpm2 arm64 1.20.7-10+b1 [14.4 kB]
#10 4.278 Get:127 http://deb.debian.org/debian bookworm/main arm64 libslang2 arm64 2.3.3-3 [502 kB]
#10 4.288 Get:128 http://deb.debian.org/debian bookworm/main arm64 libaa1 arm64 1.4p5-50 [53.9 kB]
#10 4.288 Get:129 http://deb.debian.org/debian bookworm/main arm64 libraw1394-11 arm64 2.1.2-2 [40.3 kB]
#10 4.288 Get:130 http://deb.debian.org/debian bookworm/main arm64 libavc1394-0 arm64 0.5.4-5 [18.4 kB]
#10 4.297 Get:131 http://deb.debian.org/debian bookworm/main arm64 libcaca0 arm64 0.99.beta20-3+deb12u1 [196 kB]
#10 4.301 Get:132 http://deb.debian.org/debian bookworm/main arm64 libdv4 arm64 1.0.0-15 [69.7 kB]
#10 4.311 Get:133 http://deb.debian.org/debian bookworm/main arm64 libflac12 arm64 1.4.2+ds-2 [161 kB]
#10 4.313 Get:134 http://deb.debian.org/debian bookworm/main arm64 libgudev-1.0-0 arm64 237-2 [14.3 kB]
#10 4.314 Get:135 http://deb.debian.org/debian bookworm/main arm64 libiec61883-0 arm64 1.2.0-6+b1 [29.0 kB]
#10 4.327 Get:136 http://deb.debian.org/debian bookworm/main arm64 libsamplerate0 arm64 0.2.2-3 [945 kB]
#10 4.355 Get:137 http://deb.debian.org/debian bookworm/main arm64 libjack-jackd2-0 arm64 1.9.21~dfsg-3 [261 kB]
#10 4.369 Get:138 http://deb.debian.org/debian bookworm/main arm64 libmp3lame0 arm64 3.100-6 [357 kB]
#10 4.385 Get:139 http://deb.debian.org/debian bookworm/main arm64 libmpg123-0 arm64 1.31.2-1+deb12u1 [141 kB]
#10 4.388 Get:140 http://deb.debian.org/debian bookworm/main arm64 libasyncns0 arm64 0.8-6+b3 [12.5 kB]
#10 4.402 Get:141 http://deb.debian.org/debian bookworm/main arm64 libsndfile1 arm64 1.2.0-1+deb12u1 [183 kB]
#10 4.414 Get:142 http://deb.debian.org/debian bookworm/main arm64 libx11-xcb1 arm64 2:1.8.4-2+deb12u2 [192 kB]
#10 4.431 Get:143 http://deb.debian.org/debian bookworm/main arm64 libpulse0 arm64 16.1+dfsg1-2+b1 [231 kB]
#10 4.434 Get:144 http://deb.debian.org/debian bookworm/main arm64 libspeex1 arm64 1.2.1-2 [48.3 kB]
#10 4.435 Get:145 http://deb.debian.org/debian bookworm/main arm64 libshout3 arm64 2.4.6-1+b1 [54.0 kB]
#10 4.444 Get:146 http://deb.debian.org/debian bookworm/main arm64 libtag1v5-vanilla arm64 1.13-2+deb12u1 [268 kB]
#10 4.449 Get:147 http://deb.debian.org/debian bookworm/main arm64 libtag1v5 arm64 1.13-2+deb12u1 [18.8 kB]
#10 4.449 Get:148 http://deb.debian.org/debian bookworm/main arm64 libtwolame0 arm64 0.4.0-2 [48.5 kB]
#10 4.460 Get:149 http://deb.debian.org/debian bookworm/main arm64 libv4lconvert0 arm64 1.22.1-5+b2 [141 kB]
#10 4.488 Get:150 http://deb.debian.org/debian bookworm/main arm64 libv4l-0 arm64 1.22.1-5+b2 [107 kB]
#10 4.510 Get:151 http://deb.debian.org/debian bookworm/main arm64 libvpx7 arm64 1.12.0-1+deb12u5 [892 kB]
#10 4.548 Get:152 http://deb.debian.org/debian bookworm/main arm64 libwavpack1 arm64 5.6.0-1 [76.7 kB]
#10 4.561 Get:153 http://deb.debian.org/debian bookworm/main arm64 libsoup2.4-common all 2.74.3-1+deb12u1 [56.2 kB]
#10 4.571 Get:154 http://deb.debian.org/debian bookworm/main arm64 libsoup2.4-1 arm64 2.74.3-1+deb12u1 [252 kB]
#10 4.589 Get:155 http://deb.debian.org/debian bookworm/main arm64 gstreamer1.0-plugins-good arm64 1.22.0-5+deb12u3 [1948 kB]
#10 4.643 Get:156 http://deb.debian.org/debian bookworm/main arm64 libglvnd0 arm64 1.6.0-1 [41.4 kB]
#10 4.654 Get:157 http://deb.debian.org/debian bookworm/main arm64 libgles2 arm64 1.6.0-1 [17.5 kB]
#10 4.666 Get:158 http://deb.debian.org/debian bookworm/main arm64 xdg-dbus-proxy arm64 0.1.4-3+deb12u1 [22.4 kB]
#10 4.678 Get:159 http://deb.debian.org/debian bookworm/main arm64 libabsl20220623 arm64 20220623.1-1+deb12u2 [363 kB]
#10 4.696 Get:160 http://deb.debian.org/debian bookworm/main arm64 libgav1-1 arm64 0.18.0-1+b1 [425 kB]
#10 4.714 Get:161 http://deb.debian.org/debian bookworm/main arm64 librav1e0 arm64 0.5.1-6 [552 kB]
#10 4.739 Get:162 http://deb.debian.org/debian bookworm/main arm64 libsvtav1enc1 arm64 1.4.1+dfsg-1 [1074 kB]
#10 4.771 Get:163 http://deb.debian.org/debian bookworm/main arm64 libyuv0 arm64 0.0~git20230123.b2528b0-1 [122 kB]
#10 4.782 Get:164 http://deb.debian.org/debian bookworm/main arm64 libavif15 arm64 0.11.1-1+deb12u1 [88.4 kB]
#10 4.794 Get:165 http://deb.debian.org/debian bookworm/main arm64 libdrm-common all 2.4.114-1 [7112 B]
#10 4.804 Get:166 http://deb.debian.org/debian bookworm/main arm64 libdrm2 arm64 2.4.114-1+b1 [36.7 kB]
#10 4.816 Get:167 http://deb.debian.org/debian bookworm/main arm64 hunspell-en-us all 1:2020.12.07-2 [269 kB]
#10 4.833 Get:168 http://deb.debian.org/debian bookworm/main arm64 libaspell15 arm64 0.60.8-4+b1 [317 kB]
#10 4.848 Get:169 http://deb.debian.org/debian bookworm/main arm64 libhunspell-1.7-0 arm64 1.7.1-1 [178 kB]
#10 4.860 Get:170 http://deb.debian.org/debian bookworm/main arm64 libenchant-2-2 arm64 2.3.3-2 [44.5 kB]
#10 4.871 Get:171 http://deb.debian.org/debian bookworm/main arm64 libasound2-data all 1.2.8-1 [20.5 kB]
#10 4.880 Get:172 http://deb.debian.org/debian bookworm/main arm64 libasound2 arm64 1.2.8-1+b1 [327 kB]
#10 4.898 Get:173 http://deb.debian.org/debian bookworm/main arm64 libflite1 arm64 2.2-5 [12.8 MB]
#10 5.166 Get:174 http://deb.debian.org/debian bookworm/main arm64 libwayland-server0 arm64 1.21.0-1 [34.9 kB]
#10 5.174 Get:175 http://deb.debian.org/debian bookworm/main arm64 libgbm1 arm64 22.3.6-1+deb12u2 [37.1 kB]
#10 5.183 Get:176 http://deb.debian.org/debian bookworm/main arm64 libglapi-mesa arm64 22.3.6-1+deb12u2 [45.1 kB]
#10 5.195 Get:177 http://deb.debian.org/debian bookworm/main arm64 libxcb-dri2-0 arm64 1.15-1 [107 kB]
#10 5.209 Get:178 http://deb.debian.org/debian bookworm/main arm64 libxcb-dri3-0 arm64 1.15-1 [107 kB]
#10 5.219 Get:179 http://deb.debian.org/debian bookworm/main arm64 libxcb-present0 arm64 1.15-1 [106 kB]
#10 5.230 Get:180 http://deb.debian.org/debian bookworm/main arm64 libxcb-randr0 arm64 1.15-1 [117 kB]
#10 5.243 Get:181 http://deb.debian.org/debian bookworm/main arm64 libxcb-sync1 arm64 1.15-1 [109 kB]
#10 5.255 Get:182 http://deb.debian.org/debian bookworm/main arm64 libxcb-xfixes0 arm64 1.15-1 [110 kB]
#10 5.265 Get:183 http://deb.debian.org/debian bookworm/main arm64 libxshmfence1 arm64 1.3-1 [8712 B]
#10 5.276 Get:184 http://deb.debian.org/debian bookworm/main arm64 libegl-mesa0 arm64 22.3.6-1+deb12u2 [107 kB]
#10 5.285 Get:185 http://deb.debian.org/debian bookworm/main arm64 libegl1 arm64 1.6.0-1 [33.1 kB]
#10 5.299 Get:186 http://deb.debian.org/debian bookworm/main arm64 libxcb-glx0 arm64 1.15-1 [123 kB]
#10 5.311 Get:187 http://deb.debian.org/debian bookworm/main arm64 libxxf86vm1 arm64 1:1.1.4-1+b2 [20.1 kB]
#10 5.321 Get:188 http://deb.debian.org/debian bookworm/main arm64 libdrm-amdgpu1 arm64 2.4.114-1+b1 [20.4 kB]
#10 5.330 Get:189 http://deb.debian.org/debian bookworm/main arm64 libdrm-nouveau2 arm64 2.4.114-1+b1 [18.4 kB]
#10 5.342 Get:190 http://deb.debian.org/debian bookworm/main arm64 libdrm-radeon1 arm64 2.4.114-1+b1 [20.9 kB]
#10 5.353 Get:191 http://deb.debian.org/debian bookworm/main arm64 libz3-4 arm64 4.8.12-3.1 [6282 kB]
#10 5.494 Get:192 http://deb.debian.org/debian bookworm/main arm64 libllvm15 arm64 1:15.0.6-4+b1 [20.7 MB]
#10 5.939 Get:193 http://deb.debian.org/debian bookworm/main arm64 libsensors-config all 1:3.6.0-7.1 [14.3 kB]
#10 5.947 Get:194 http://deb.debian.org/debian bookworm/main arm64 libsensors5 arm64 1:3.6.0-7.1 [33.3 kB]
#10 5.960 Get:195 http://deb.debian.org/debian bookworm/main arm64 libgl1-mesa-dri arm64 22.3.6-1+deb12u2 [6281 kB]
#10 6.116 Get:196 http://deb.debian.org/debian bookworm/main arm64 libglx-mesa0 arm64 22.3.6-1+deb12u2 [146 kB]
#10 6.127 Get:197 http://deb.debian.org/debian bookworm/main arm64 libglx0 arm64 1.6.0-1 [30.8 kB]
#10 6.135 Get:198 http://deb.debian.org/debian bookworm/main arm64 libgl1 arm64 1.6.0-1 [90.2 kB]
#10 6.148 Get:199 http://deb.debian.org/debian-security bookworm-security/main arm64 libgstreamer-gl1.0-0 arm64 1.22.0-3+deb12u7 [225 kB]
#10 6.164 Get:200 http://deb.debian.org/debian bookworm/main arm64 libharfbuzz-icu0 arm64 6.0.0+dfsg-3 [1557 kB]
#10 6.205 Get:201 http://deb.debian.org/debian bookworm/main arm64 libhyphen0 arm64 2.8.8-7 [31.6 kB]
#10 6.217 Get:202 http://deb.debian.org/debian bookworm/main arm64 libevdev2 arm64 1.13.0+dfsg-1 [32.0 kB]
#10 6.227 Get:203 http://deb.debian.org/debian bookworm/main arm64 libmanette-0.2-0 arm64 0.2.6-3+b1 [27.3 kB]
#10 6.237 Get:204 http://deb.debian.org/debian bookworm/main arm64 libsecret-common all 0.20.5-3 [28.5 kB]
#10 6.250 Get:205 http://deb.debian.org/debian bookworm/main arm64 libsecret-1-0 arm64 0.20.5-3 [107 kB]
#10 6.264 Get:206 http://deb.debian.org/debian bookworm/main arm64 libwoff1 arm64 1.0.2-2 [40.1 kB]
#10 6.276 Get:207 http://deb.debian.org/debian bookworm/main arm64 libwebkit2gtk-4.1-0 arm64 2.50.6-1~deb12u2 [20.9 MB]
#10 6.770 Get:208 http://deb.debian.org/debian bookworm/main arm64 gir1.2-webkit2-4.1 arm64 2.50.6-1~deb12u2 [109 kB]
#10 6.782 Get:209 http://deb.debian.org/debian bookworm/main arm64 python3-pkg-resources all 66.1.1-1+deb12u2 [297 kB]
#10 6.799 Get:210 http://deb.debian.org/debian bookworm/main arm64 python3-markupsafe arm64 2.1.2-1+b1 [13.3 kB]
#10 6.808 Get:211 http://deb.debian.org/debian bookworm/main arm64 python3-mako all 1.2.4+ds-1 [81.9 kB]
#10 6.819 Get:212 http://deb.debian.org/debian bookworm/main arm64 python3-markdown all 3.4.1-2+deb12u1 [65.3 kB]
#10 6.830 Get:213 http://deb.debian.org/debian bookworm/main arm64 gobject-introspection arm64 1.74.0-3 [301 kB]
#10 6.848 Get:214 http://deb.debian.org/debian-security bookworm-security/main arm64 imagemagick arm64 8:6.9.11.60+dfsg-1.6+deb12u13 [131 kB]
#10 6.860 Get:215 http://deb.debian.org/debian bookworm/main arm64 libglx-dev arm64 1.6.0-1 [15.3 kB]
#10 6.872 Get:216 http://deb.debian.org/debian bookworm/main arm64 libgl-dev arm64 1.6.0-1 [100 kB]
#10 6.886 Get:217 http://deb.debian.org/debian bookworm/main arm64 libegl-dev arm64 1.6.0-1 [19.1 kB]
#10 6.895 Get:218 http://deb.debian.org/debian bookworm/main arm64 libglvnd-core-dev arm64 1.6.0-1 [12.9 kB]
#10 6.908 Get:219 http://deb.debian.org/debian bookworm/main arm64 libgles1 arm64 1.6.0-1 [12.1 kB]
#10 6.918 Get:220 http://deb.debian.org/debian bookworm/main arm64 libgles-dev arm64 1.6.0-1 [50.4 kB]
#10 6.930 Get:221 http://deb.debian.org/debian bookworm/main arm64 libopengl0 arm64 1.6.0-1 [31.7 kB]
#10 6.939 Get:222 http://deb.debian.org/debian bookworm/main arm64 libopengl-dev arm64 1.6.0-1 [4932 B]
#10 6.947 Get:223 http://deb.debian.org/debian bookworm/main arm64 libglvnd-dev arm64 1.6.0-1 [4696 B]
#10 6.957 Get:224 http://deb.debian.org/debian bookworm/main arm64 libegl1-mesa-dev arm64 22.3.6-1+deb12u2 [18.7 kB]
#10 6.969 Get:225 http://deb.debian.org/debian bookworm/main arm64 libepoxy-dev arm64 1.5.10-1 [128 kB]
#10 6.980 Get:226 http://deb.debian.org/debian bookworm/main arm64 libgirepository1.0-dev arm64 1.74.0-3 [875 kB]
#10 7.022 Get:227 http://deb.debian.org/debian bookworm/main arm64 libgraphene-1.0-dev arm64 1.10.8-1 [61.1 kB]
#10 7.034 Get:228 http://deb.debian.org/debian bookworm/main arm64 libfribidi-dev arm64 1.0.8-2.1 [105 kB]
#10 7.047 Get:229 http://deb.debian.org/debian bookworm/main arm64 libharfbuzz-gobject0 arm64 6.0.0+dfsg-3 [1571 kB]
#10 7.100 Get:230 http://deb.debian.org/debian bookworm/main arm64 libharfbuzz-subset0 arm64 6.0.0+dfsg-3 [1902 kB]
#10 7.152 Get:231 http://deb.debian.org/debian bookworm/main arm64 libgraphite2-3 arm64 1.3.14-1+deb12u1 [68.7 kB]
#10 7.162 Get:232 http://deb.debian.org/debian bookworm/main arm64 libgraphite2-dev arm64 1.3.14-1+deb12u1 [19.8 kB]
#10 7.175 Get:233 http://deb.debian.org/debian bookworm/main arm64 libharfbuzz-dev arm64 6.0.0+dfsg-3 [1668 kB]
#10 7.225 Get:234 http://deb.debian.org/debian bookworm/main arm64 libdatrie-dev arm64 0.2.13-2+b1 [18.1 kB]
#10 7.237 Get:235 http://deb.debian.org/debian bookworm/main arm64 libthai-dev arm64 0.1.29-1 [23.4 kB]
#10 7.247 Get:236 http://deb.debian.org/debian bookworm/main arm64 libxft-dev arm64 2.3.6-1 [79.1 kB]
#10 7.258 Get:237 http://deb.debian.org/debian bookworm/main arm64 pango1.0-tools arm64 1.50.12+ds-1 [39.2 kB]
#10 7.273 Get:238 http://deb.debian.org/debian bookworm/main arm64 libpango1.0-dev arm64 1.50.12+ds-1 [152 kB]
#10 7.286 Get:239 http://deb.debian.org/debian bookworm/main arm64 libwayland-bin arm64 1.21.0-1 [22.5 kB]
#10 7.294 Get:240 http://deb.debian.org/debian bookworm/main arm64 libwayland-dev arm64 1.21.0-1 [72.5 kB]
#10 7.308 Get:241 http://deb.debian.org/debian bookworm/main arm64 libxfixes-dev arm64 1:6.0.0-2 [25.2 kB]
#10 7.317 Get:242 http://deb.debian.org/debian bookworm/main arm64 libxcomposite-dev arm64 1:0.4.5-1 [20.2 kB]
#10 7.330 Get:243 http://deb.debian.org/debian bookworm/main arm64 libxcursor-dev arm64 1:1.2.1-1 [52.2 kB]
#10 7.341 Get:244 http://deb.debian.org/debian bookworm/main arm64 libxdamage-dev arm64 1:1.1.6-1 [15.1 kB]
#10 7.354 Get:245 http://deb.debian.org/debian bookworm/main arm64 libxi-dev arm64 2:1.8-1+b1 [244 kB]
#10 7.367 Get:246 http://deb.debian.org/debian bookworm/main arm64 libxinerama-dev arm64 2:1.1.4-3 [20.1 kB]
#10 7.376 Get:247 http://deb.debian.org/debian bookworm/main arm64 libxkbcommon-dev arm64 1.5.0-1 [51.0 kB]
#10 7.386 Get:248 http://deb.debian.org/debian bookworm/main arm64 libxrandr-dev arm64 2:1.5.2-2+b1 [46.9 kB]
#10 7.401 Get:249 http://deb.debian.org/debian bookworm/main arm64 libvulkan1 arm64 1.3.239.0-1 [111 kB]
#10 7.414 Get:250 http://deb.debian.org/debian bookworm/main arm64 libvulkan-dev arm64 1.3.239.0-1 [1115 kB]
#10 7.443 Get:251 http://deb.debian.org/debian bookworm/main arm64 wayland-protocols all 1.31-1 [74.6 kB]
#10 7.459 Get:252 http://deb.debian.org/debian bookworm/main arm64 libgtk-4-dev arm64 4.8.3+ds-2+deb12u1 [888 kB]
#10 7.484 Get:253 http://deb.debian.org/debian bookworm/main arm64 libadwaita-1-dev arm64 1.2.2-1 [112 kB]
#10 7.501 Get:254 http://deb.debian.org/debian bookworm/main arm64 libatk1.0-dev arm64 2.46.0-5 [103 kB]
#10 7.514 Get:255 http://deb.debian.org/debian bookworm/main arm64 xml-core all 0.18+nmu1 [23.8 kB]
#10 7.525 Get:256 http://deb.debian.org/debian bookworm/main arm64 libdbus-1-dev arm64 1.14.10-1~deb12u1 [241 kB]
#10 7.538 Get:257 http://deb.debian.org/debian bookworm/main arm64 libxtst6 arm64 2:1.2.3-1.1 [27.8 kB]
#10 7.550 Get:258 http://deb.debian.org/debian bookworm/main arm64 libxtst-dev arm64 2:1.2.3-1.1 [32.3 kB]
#10 7.560 Get:259 http://deb.debian.org/debian bookworm/main arm64 libatspi2.0-dev arm64 2.46.0-5 [76.3 kB]
#10 7.572 Get:260 http://deb.debian.org/debian bookworm/main arm64 libatk-bridge2.0-dev arm64 2.46.0-5 [8216 B]
#10 7.581 Get:261 http://deb.debian.org/debian bookworm/main arm64 libgtk-3-dev arm64 3.24.38-2~deb12u3 [1116 kB]
#10 7.626 Get:262 http://deb.debian.org/debian bookworm/main arm64 libayatana-ido3-dev arm64 0.9.3-1 [17.1 kB]
#10 7.638 Get:263 http://deb.debian.org/debian bookworm/main arm64 libayatana-indicator3-dev arm64 0.9.3-1 [10.8 kB]
#10 7.652 Get:264 http://deb.debian.org/debian bookworm/main arm64 libxml2-utils arm64 2.9.14+dfsg-1.3~deb12u6 [98.5 kB]
#10 7.666 Get:265 http://deb.debian.org/debian bookworm/main arm64 libgtk2.0-dev arm64 2.24.33-2+deb12u1 [795 kB]
#10 7.692 Get:266 http://deb.debian.org/debian bookworm/main arm64 libdbusmenu-glib-dev arm64 18.10.20180917~bzr492+repack1-3 [68.5 kB]
#10 7.703 Get:267 http://deb.debian.org/debian bookworm/main arm64 libayatana-appindicator3-dev arm64 0.5.92-1 [18.2 kB]
#10 7.717 Get:268 http://deb.debian.org/debian bookworm/main arm64 libgc1 arm64 1:8.2.2-3 [239 kB]
#10 7.731 Get:269 http://deb.debian.org/debian bookworm/main arm64 libobjc4 arm64 12.2.0-14+deb12u1 [39.0 kB]
#10 7.743 Get:270 http://deb.debian.org/debian bookworm/main arm64 libobjc-12-dev arm64 12.2.0-14+deb12u1 [165 kB]
#10 7.758 Get:271 http://deb.debian.org/debian bookworm/main arm64 libllvm14 arm64 1:14.0.6-12 [19.3 MB]
#10 8.203 Get:272 http://deb.debian.org/debian bookworm/main arm64 libclang1-14 arm64 1:14.0.6-12 [5465 kB]
#10 8.340 Get:273 http://deb.debian.org/debian bookworm/main arm64 libclang-common-14-dev all 1:14.0.6-12 [890 kB]
#10 8.366 Get:274 http://deb.debian.org/debian bookworm/main arm64 libclang-14-dev arm64 1:14.0.6-12 [22.5 MB]
#10 8.855 Get:275 http://deb.debian.org/debian bookworm/main arm64 libclang-dev arm64 1:14.0-55.7~deb12u1 [4728 B]
#10 8.864 Get:276 http://deb.debian.org/debian bookworm/main arm64 libgif7 arm64 5.2.1-2.5+deb12u1 [42.6 kB]
#10 8.874 Get:277 http://deb.debian.org/debian bookworm/main arm64 libgs-common all 10.0.0~dfsg-11+deb12u8 [149 kB]
#10 8.888 Get:278 http://deb.debian.org/debian bookworm/main arm64 libgs10-common all 10.0.0~dfsg-11+deb12u8 [587 kB]
#10 8.909 Get:279 http://deb.debian.org/debian bookworm/main arm64 libidn12 arm64 1.41-1 [82.8 kB]
#10 8.924 Get:280 http://deb.debian.org/debian bookworm/main arm64 libijs-0.35 arm64 0.35-15 [15.8 kB]
#10 8.932 Get:281 http://deb.debian.org/debian-security bookworm-security/main arm64 libjbig2dec0 arm64 0.19-3+deb12u1 [59.9 kB]
#10 8.946 Get:282 http://deb.debian.org/debian bookworm/main arm64 libpaper1 arm64 1.1.29 [12.6 kB]
#10 8.965 Get:283 http://deb.debian.org/debian bookworm/main arm64 libgs10 arm64 10.0.0~dfsg-11+deb12u8 [2253 kB]
#10 9.018 Get:284 http://deb.debian.org/debian bookworm/main arm64 libhwy1 arm64 1.0.3-3+deb12u1 [226 kB]
#10 9.034 Get:285 http://deb.debian.org/debian bookworm/main arm64 libid3tag0 arm64 0.15.1b-14 [33.3 kB]
#10 9.044 Get:286 http://deb.debian.org/debian bookworm/main arm64 libimagequant0 arm64 2.17.0-1 [31.3 kB]
#10 9.056 Get:287 http://deb.debian.org/debian bookworm/main arm64 libjxl0.7 arm64 0.7.0-10+deb12u1 [644 kB]
#10 9.081 Get:288 http://deb.debian.org/debian bookworm/main arm64 libspectre1 arm64 0.2.12-1 [48.0 kB]
#10 9.106 Get:289 http://deb.debian.org/debian bookworm/main arm64 libimlib2 arm64 1.10.0-4+deb12u1 [190 kB]
#10 9.118 Get:290 http://deb.debian.org/debian bookworm/main arm64 libjavascriptcoregtk-4.1-dev arm64 2.50.6-1~deb12u2 [84.3 kB]
#10 9.130 Get:291 http://deb.debian.org/debian bookworm/main arm64 libjson-glib-dev arm64 1.6.6-1 [90.2 kB]
#10 9.144 Get:292 http://deb.debian.org/debian bookworm/main arm64 libnghttp2-dev arm64 1.52.0-1+deb12u3 [108 kB]
#10 9.158 Get:293 http://deb.debian.org/debian bookworm/main arm64 libobt2v5 arm64 3.6.1-10 [67.0 kB]
#10 9.167 Get:294 http://deb.debian.org/debian bookworm/main arm64 libobrender32v5 arm64 3.6.1-10 [74.4 kB]
#10 9.179 Get:295 http://deb.debian.org/debian bookworm/main arm64 libwebrtc-audio-processing1 arm64 0.3-1+b1 [241 kB]
#10 9.197 Get:296 http://deb.debian.org/debian bookworm/main arm64 libspa-0.2-modules arm64 0.3.65-3+deb12u1 [447 kB]
#10 9.216 Get:297 http://deb.debian.org/debian bookworm/main arm64 libpipewire-0.3-0 arm64 0.3.65-3+deb12u1 [216 kB]
#10 9.230 Get:298 http://deb.debian.org/debian bookworm/main arm64 libspa-0.2-dev arm64 0.3.65-3+deb12u1 [100 kB]
#10 9.243 Get:299 http://deb.debian.org/debian bookworm/main arm64 libpipewire-0.3-dev arm64 0.3.65-3+deb12u1 [62.1 kB]
#10 9.252 Get:300 http://deb.debian.org/debian bookworm/main arm64 libpolkit-gobject-1-dev arm64 122-3 [33.2 kB]
#10 9.263 Get:301 http://deb.debian.org/debian bookworm/main arm64 libpsl-dev arm64 0.21.2-1 [79.6 kB]
#10 9.276 Get:302 http://deb.debian.org/debian bookworm/main arm64 libraqm0 arm64 0.7.0-4.1 [10.4 kB]
#10 9.287 Get:303 http://deb.debian.org/debian bookworm/main arm64 libsysprof-4 arm64 3.46.0-4 [141 kB]
#10 9.300 Get:304 http://deb.debian.org/debian bookworm/main arm64 libsysprof-ui-5 arm64 3.46.0-4 [138 kB]
#10 9.312 Get:305 http://deb.debian.org/debian bookworm/main arm64 libsysprof-4-dev arm64 3.46.0-4 [54.9 kB]
#10 9.324 Get:306 http://deb.debian.org/debian bookworm/main arm64 libsoup-3.0-dev arm64 3.2.3-0+deb12u2 [111 kB]
#10 9.336 Get:307 http://deb.debian.org/debian bookworm/main arm64 libxcb-util1 arm64 0.4.0-1+b1 [23.2 kB]
#10 9.344 Get:308 http://deb.debian.org/debian bookworm/main arm64 libstartup-notification0 arm64 0.12-6+b1 [22.5 kB]
#10 9.356 Get:309 http://deb.debian.org/debian bookworm/main arm64 libutempter0 arm64 1.2.1-3 [8964 B]
#10 9.368 Get:310 http://deb.debian.org/debian bookworm/main arm64 libwebkit2gtk-4.1-dev arm64 2.50.6-1~deb12u2 [311 kB]
#10 9.384 Get:311 http://deb.debian.org/debian bookworm/main arm64 libxmu6 arm64 2:1.1.3-3 [57.2 kB]
#10 9.395 Get:312 http://deb.debian.org/debian bookworm/main arm64 libxpm4 arm64 1:3.5.12-1.1+deb12u1 [45.4 kB]
#10 9.407 Get:313 http://deb.debian.org/debian bookworm/main arm64 libxaw7 arm64 2:1.0.14-1 [184 kB]
#10 9.420 Get:314 http://deb.debian.org/debian bookworm/main arm64 libxcb-shape0 arm64 1.15-1 [106 kB]
#10 9.431 Get:315 http://deb.debian.org/debian bookworm/main arm64 libxdo3 arm64 1:3.20160805.1-5 [32.8 kB]
#10 9.441 Get:316 http://deb.debian.org/debian bookworm/main arm64 libxdo-dev arm64 1:3.20160805.1-5 [78.9 kB]
#10 9.460 Get:317 http://deb.debian.org/debian-security bookworm-security/main arm64 libxfont2 arm64 1:2.0.6-1+deb12u1 [124 kB]
#10 9.470 Get:318 http://deb.debian.org/debian bookworm/main arm64 libxkbfile1 arm64 1:1.1.0-1 [71.5 kB]
#10 9.482 Get:319 http://deb.debian.org/debian bookworm/main arm64 libxmuu1 arm64 2:1.1.3-3 [24.0 kB]
#10 9.491 Get:320 http://deb.debian.org/debian bookworm/main arm64 libxv1 arm64 2:1.0.11-1.1 [24.5 kB]
#10 9.505 Get:321 http://deb.debian.org/debian bookworm/main arm64 libxxf86dga1 arm64 2:1.1.5-1 [21.8 kB]
#10 9.533 Get:322 http://deb.debian.org/debian bookworm/main arm64 openbox arm64 3.6.1-10 [302 kB]
#10 9.551 Get:323 http://deb.debian.org/debian bookworm/main arm64 python3-gi arm64 3.42.2-3+b1 [212 kB]
#10 9.566 Get:324 http://deb.debian.org/debian bookworm/main arm64 python3-pil arm64 9.4.0-1.1+deb12u1 [452 kB]
#10 9.584 Get:325 http://deb.debian.org/debian bookworm/main arm64 scrot arm64 1.8.1-1 [74.7 kB]
#10 9.595 Get:326 http://deb.debian.org/debian bookworm/main arm64 wmctrl arm64 1.07-7+b1 [19.8 kB]
#10 9.608 Get:327 http://deb.debian.org/debian bookworm/main arm64 x11-utils arm64 7.7+5 [196 kB]
#10 9.620 Get:328 http://deb.debian.org/debian bookworm/main arm64 x11-xkb-utils arm64 7.7+7 [154 kB]
#10 9.639 Get:329 http://deb.debian.org/debian bookworm/main arm64 x11-xserver-utils arm64 7.7+9+b1 [163 kB]
#10 9.662 Get:330 http://deb.debian.org/debian bookworm/main arm64 xauth arm64 1:1.1.2-1 [35.5 kB]
#10 9.671 Get:331 http://deb.debian.org/debian bookworm/main arm64 xbitmaps all 1.1.1-2.2 [25.1 kB]
#10 9.693 Get:332 http://deb.debian.org/debian bookworm/main arm64 xclip arm64 0.13-2 [22.8 kB]
#10 9.714 Get:333 http://deb.debian.org/debian bookworm/main arm64 xcompmgr arm64 1.1.8-1 [26.1 kB]
#10 9.726 Get:334 http://deb.debian.org/debian bookworm/main arm64 xdotool arm64 1:3.20160805.1-5 [53.9 kB]
#10 9.738 Get:335 http://deb.debian.org/debian-security bookworm-security/main arm64 xserver-common all 2:21.1.7-3+deb12u13 [2384 kB]
#10 9.804 Get:336 http://deb.debian.org/debian bookworm/main arm64 xterm arm64 379-1 [821 kB]
#10 9.831 Get:337 http://deb.debian.org/debian-security bookworm-security/main arm64 xvfb arm64 2:21.1.7-3+deb12u13 [3085 kB]
#10 10.07 debconf: delaying package configuration, since apt-utils is not installed
#10 10.09 Fetched 225 MB in 7s (30.1 MB/s)
#10 10.09 (Reading database ... (Reading database ... 5%(Reading database ... 10%(Reading database ... 15%(Reading database ... 20%(Reading database ... 25%(Reading database ... 30%(Reading database ... 35%(Reading database ... 40%(Reading database ... 45%(Reading database ... 50%(Reading database ... 55%(Reading database ... 60%(Reading database ... 65%(Reading database ... 70%(Reading database ... 75%(Reading database ... 80%(Reading database ... 85%(Reading database ... 90%(Reading database ... 95%(Reading database ... 100%(Reading database ... 23281 files and directories currently installed.)
#10 10.10 Preparing to unpack .../00-libmagickwand-6.q16-dev_8%3a6.9.11.60+dfsg-1.6+deb12u13_arm64.deb ...
#10 10.11 Unpacking libmagickwand-6.q16-dev:arm64 (8:6.9.11.60+dfsg-1.6+deb12u13) over (8:6.9.11.60+dfsg-1.6+deb12u6) ...
#10 10.15 Preparing to unpack .../01-libmagickwand-dev_8%3a6.9.11.60+dfsg-1.6+deb12u13_all.deb ...
#10 10.15 Unpacking libmagickwand-dev (8:6.9.11.60+dfsg-1.6+deb12u13) over (8:6.9.11.60+dfsg-1.6+deb12u6) ...
#10 10.17 Preparing to unpack .../02-libxml2-dev_2.9.14+dfsg-1.3~deb12u6_arm64.deb ...
#10 10.17 Unpacking libxml2-dev:arm64 (2.9.14+dfsg-1.3~deb12u6) over (2.9.14+dfsg-1.3~deb12u5) ...
#10 10.24 Preparing to unpack .../03-libxml2_2.9.14+dfsg-1.3~deb12u6_arm64.deb ...
#10 10.24 Unpacking libxml2:arm64 (2.9.14+dfsg-1.3~deb12u6) over (2.9.14+dfsg-1.3~deb12u5) ...
#10 10.29 Preparing to unpack .../04-imagemagick-6.q16_8%3a6.9.11.60+dfsg-1.6+deb12u13_arm64.deb ...
#10 10.29 Unpacking imagemagick-6.q16 (8:6.9.11.60+dfsg-1.6+deb12u13) over (8:6.9.11.60+dfsg-1.6+deb12u6) ...
#10 10.35 Preparing to unpack .../05-libmagickcore-6.q16-dev_8%3a6.9.11.60+dfsg-1.6+deb12u13_arm64.deb ...
#10 10.36 Unpacking libmagickcore-6.q16-dev:arm64 (8:6.9.11.60+dfsg-1.6+deb12u13) over (8:6.9.11.60+dfsg-1.6+deb12u6) ...
#10 10.42 Preparing to unpack .../06-libmagickcore-6.q16-6_8%3a6.9.11.60+dfsg-1.6+deb12u13_arm64.deb ...
#10 10.43 Unpacking libmagickcore-6.q16-6:arm64 (8:6.9.11.60+dfsg-1.6+deb12u13) over (8:6.9.11.60+dfsg-1.6+deb12u6) ...
#10 10.70 Preparing to unpack .../07-libmagickwand-6.q16-6_8%3a6.9.11.60+dfsg-1.6+deb12u13_arm64.deb ...
#10 10.70 Unpacking libmagickwand-6.q16-6:arm64 (8:6.9.11.60+dfsg-1.6+deb12u13) over (8:6.9.11.60+dfsg-1.6+deb12u6) ...
#10 10.73 Preparing to unpack .../08-libmagickcore-dev_8%3a6.9.11.60+dfsg-1.6+deb12u13_all.deb ...
#10 10.74 Unpacking libmagickcore-dev (8:6.9.11.60+dfsg-1.6+deb12u13) over (8:6.9.11.60+dfsg-1.6+deb12u6) ...
#10 10.75 Preparing to unpack .../09-libmagickcore-6-arch-config_8%3a6.9.11.60+dfsg-1.6+deb12u13_arm64.deb ...
#10 10.75 Unpacking libmagickcore-6-arch-config:arm64 (8:6.9.11.60+dfsg-1.6+deb12u13) over (8:6.9.11.60+dfsg-1.6+deb12u6) ...
#10 10.77 Preparing to unpack .../10-libmagickwand-6-headers_8%3a6.9.11.60+dfsg-1.6+deb12u13_all.deb ...
#10 10.78 Unpacking libmagickwand-6-headers (8:6.9.11.60+dfsg-1.6+deb12u13) over (8:6.9.11.60+dfsg-1.6+deb12u6) ...
#10 10.82 Preparing to unpack .../11-libmagickcore-6-headers_8%3a6.9.11.60+dfsg-1.6+deb12u13_all.deb ...
#10 10.82 Unpacking libmagickcore-6-headers (8:6.9.11.60+dfsg-1.6+deb12u13) over (8:6.9.11.60+dfsg-1.6+deb12u6) ...
#10 10.90 Preparing to unpack .../12-imagemagick-6-common_8%3a6.9.11.60+dfsg-1.6+deb12u13_all.deb ...
#10 10.91 Unpacking imagemagick-6-common (8:6.9.11.60+dfsg-1.6+deb12u13) over (8:6.9.11.60+dfsg-1.6+deb12u6) ...
#10 10.93 Preparing to unpack .../13-libmagickcore-6.q16-6-extra_8%3a6.9.11.60+dfsg-1.6+deb12u13_arm64.deb ...
#10 10.94 Unpacking libmagickcore-6.q16-6-extra:arm64 (8:6.9.11.60+dfsg-1.6+deb12u13) over (8:6.9.11.60+dfsg-1.6+deb12u6) ...
#10 10.96 Selecting previously unselected package poppler-data.
#10 10.97 Preparing to unpack .../14-poppler-data_0.4.12-1_all.deb ...
#10 10.97 Unpacking poppler-data (0.4.12-1) ...
#10 11.07 Selecting previously unselected package sgml-base.
#10 11.08 Preparing to unpack .../15-sgml-base_1.31_all.deb ...
#10 11.08 Unpacking sgml-base (1.31) ...
#10 11.10 Preparing to unpack .../16-libcap2_1%3a2.66-4+deb12u3+b1_arm64.deb ...
#10 11.10 Unpacking libcap2:arm64 (1:2.66-4+deb12u3+b1) over (1:2.66-4+deb12u2+b2) ...
#10 11.12 Setting up libcap2:arm64 (1:2.66-4+deb12u3+b1) ...
#10 11.16 (Reading database ... (Reading database ... 5%(Reading database ... 10%(Reading database ... 15%(Reading database ... 20%(Reading database ... 25%(Reading database ... 30%(Reading database ... 35%(Reading database ... 40%(Reading database ... 45%(Reading database ... 50%(Reading database ... 55%(Reading database ... 60%(Reading database ... 65%(Reading database ... 70%(Reading database ... 75%(Reading database ... 80%(Reading database ... 85%(Reading database ... 90%(Reading database ... 95%(Reading database ... 100%(Reading database ... 23838 files and directories currently installed.)
#10 11.16 Preparing to unpack .../000-libssl-dev_3.0.22-1~deb12u1_arm64.deb ...
#10 11.17 Unpacking libssl-dev:arm64 (3.0.22-1~deb12u1) over (3.0.18-1~deb12u2) ...
#10 11.33 Preparing to unpack .../001-libssl3_3.0.22-1~deb12u1_arm64.deb ...
#10 11.34 Unpacking libssl3:arm64 (3.0.22-1~deb12u1) over (3.0.18-1~deb12u2) ...
#10 11.42 Preparing to unpack .../002-openssl_3.0.22-1~deb12u1_arm64.deb ...
#10 11.42 Unpacking openssl (3.0.22-1~deb12u1) over (3.0.18-1~deb12u2) ...
#10 11.60 Preparing to unpack .../003-ca-certificates_20250419~deb12u1_all.deb ...
#10 11.60 Unpacking ca-certificates (20250419~deb12u1) over (20230311+deb12u1) ...
#10 11.72 Selecting previously unselected package mailcap.
#10 11.72 Preparing to unpack .../004-mailcap_3.70+nmu1_all.deb ...
#10 11.73 Unpacking mailcap (3.70+nmu1) ...
#10 11.73 Selecting previously unselected package mime-support.
#10 11.74 Preparing to unpack .../005-mime-support_3.66_all.deb ...
#10 11.74 Unpacking mime-support (3.66) ...
#10 11.75 Selecting previously unselected package gtk-update-icon-cache.
#10 11.75 Preparing to unpack .../006-gtk-update-icon-cache_3.24.38-2~deb12u3_arm64.deb ...
#10 11.75 Unpacking gtk-update-icon-cache (3.24.38-2~deb12u3) ...
#10 11.76 Selecting previously unselected package adwaita-icon-theme.
#10 11.76 Preparing to unpack .../007-adwaita-icon-theme_43-1_all.deb ...
#10 11.76 Unpacking adwaita-icon-theme (43-1) ...
#10 12.04 Selecting previously unselected package at-spi2-common.
#10 12.04 Preparing to unpack .../008-at-spi2-common_2.46.0-5_all.deb ...
#10 12.04 Unpacking at-spi2-common (2.46.0-5) ...
#10 12.09 Selecting previously unselected package bubblewrap.
#10 12.09 Preparing to unpack .../009-bubblewrap_0.8.0-2+deb12u1_arm64.deb ...
#10 12.10 Unpacking bubblewrap (0.8.0-2+deb12u1) ...
#10 12.11 Selecting previously unselected package build-essential.
#10 12.11 Preparing to unpack .../010-build-essential_12.9_arm64.deb ...
#10 12.11 Unpacking build-essential (12.9) ...
#10 12.12 Selecting previously unselected package libdbus-1-3:arm64.
#10 12.12 Preparing to unpack .../011-libdbus-1-3_1.14.10-1~deb12u1_arm64.deb ...
#10 12.12 Unpacking libdbus-1-3:arm64 (1.14.10-1~deb12u1) ...
#10 12.14 Selecting previously unselected package dbus-bin.
#10 12.14 Preparing to unpack .../012-dbus-bin_1.14.10-1~deb12u1_arm64.deb ...
#10 12.14 Unpacking dbus-bin (1.14.10-1~deb12u1) ...
#10 12.15 Selecting previously unselected package dbus-session-bus-common.
#10 12.15 Preparing to unpack .../013-dbus-session-bus-common_1.14.10-1~deb12u1_all.deb ...
#10 12.15 Unpacking dbus-session-bus-common (1.14.10-1~deb12u1) ...
#10 12.16 Selecting previously unselected package libapparmor1:arm64.
#10 12.17 Preparing to unpack .../014-libapparmor1_3.0.8-3_arm64.deb ...
#10 12.17 Unpacking libapparmor1:arm64 (3.0.8-3) ...
#10 12.18 Selecting previously unselected package dbus-daemon.
#10 12.18 Preparing to unpack .../015-dbus-daemon_1.14.10-1~deb12u1_arm64.deb ...
#10 12.18 Unpacking dbus-daemon (1.14.10-1~deb12u1) ...
#10 12.19 Selecting previously unselected package dbus-x11.
#10 12.19 Preparing to unpack .../016-dbus-x11_1.14.10-1~deb12u1_arm64.deb ...
#10 12.20 Unpacking dbus-x11 (1.14.10-1~deb12u1) ...
#10 12.21 Selecting previously unselected package libdconf1:arm64.
#10 12.21 Preparing to unpack .../017-libdconf1_0.40.0-4_arm64.deb ...
#10 12.21 Unpacking libdconf1:arm64 (0.40.0-4) ...
#10 12.22 Selecting previously unselected package dconf-service.
#10 12.23 Preparing to unpack .../018-dconf-service_0.40.0-4_arm64.deb ...
#10 12.23 Unpacking dconf-service (0.40.0-4) ...
#10 12.24 Selecting previously unselected package dconf-gsettings-backend:arm64.
#10 12.24 Preparing to unpack .../019-dconf-gsettings-backend_0.40.0-4_arm64.deb ...
#10 12.24 Unpacking dconf-gsettings-backend:arm64 (0.40.0-4) ...
#10 12.25 Selecting previously unselected package libtext-iconv-perl:arm64.
#10 12.25 Preparing to unpack .../020-libtext-iconv-perl_1.7-8_arm64.deb ...
#10 12.25 Unpacking libtext-iconv-perl:arm64 (1.7-8) ...
#10 12.26 Selecting previously unselected package emacsen-common.
#10 12.26 Preparing to unpack .../021-emacsen-common_3.0.5_all.deb ...
#10 12.27 Unpacking emacsen-common (3.0.5) ...
#10 12.28 Selecting previously unselected package dictionaries-common.
#10 12.28 Preparing to unpack .../022-dictionaries-common_1.29.5_all.deb ...
#10 12.29 Adding 'diversion of /usr/share/dict/words to /usr/share/dict/words.pre-dictionaries-common by dictionaries-common'
#10 12.29 Unpacking dictionaries-common (1.29.5) ...
#10 12.31 Selecting previously unselected package libfontenc1:arm64.
#10 12.31 Preparing to unpack .../023-libfontenc1_1%3a1.1.4-1_arm64.deb ...
#10 12.32 Unpacking libfontenc1:arm64 (1:1.1.4-1) ...
#10 12.33 Selecting previously unselected package xfonts-encodings.
#10 12.33 Preparing to unpack .../024-xfonts-encodings_1%3a1.0.4-2.2_all.deb ...
#10 12.33 Unpacking xfonts-encodings (1:1.0.4-2.2) ...
#10 12.36 Selecting previously unselected package xfonts-utils.
#10 12.36 Preparing to unpack .../025-xfonts-utils_1%3a7.7+6_arm64.deb ...
#10 12.36 Unpacking xfonts-utils (1:7.7+6) ...
#10 12.38 Selecting previously unselected package fonts-urw-base35.
#10 12.38 Preparing to unpack .../026-fonts-urw-base35_20200910-7_all.deb ...
#10 12.40 Unpacking fonts-urw-base35 (20200910-7) ...
#10 12.66 Selecting previously unselected package libgraphene-1.0-0:arm64.
#10 12.66 Preparing to unpack .../027-libgraphene-1.0-0_1.10.8-1_arm64.deb ...
#10 12.66 Unpacking libgraphene-1.0-0:arm64 (1.10.8-1) ...
#10 12.67 Selecting previously unselected package gir1.2-graphene-1.0:arm64.
#10 12.68 Preparing to unpack .../028-gir1.2-graphene-1.0_1.10.8-1_arm64.deb ...
#10 12.68 Unpacking gir1.2-graphene-1.0:arm64 (1.10.8-1) ...
#10 12.69 Selecting previously unselected package gir1.2-harfbuzz-0.0:arm64.
#10 12.69 Preparing to unpack .../029-gir1.2-harfbuzz-0.0_6.0.0+dfsg-3_arm64.deb ...
#10 12.69 Unpacking gir1.2-harfbuzz-0.0:arm64 (6.0.0+dfsg-3) ...
#10 12.71 Selecting previously unselected package libxft2:arm64.
#10 12.71 Preparing to unpack .../030-libxft2_2.3.6-1_arm64.deb ...
#10 12.71 Unpacking libxft2:arm64 (2.3.6-1) ...
#10 12.73 Selecting previously unselected package libpangoxft-1.0-0:arm64.
#10 12.73 Preparing to unpack .../031-libpangoxft-1.0-0_1.50.12+ds-1_arm64.deb ...
#10 12.73 Unpacking libpangoxft-1.0-0:arm64 (1.50.12+ds-1) ...
#10 12.74 Selecting previously unselected package gir1.2-pango-1.0:arm64.
#10 12.74 Preparing to unpack .../032-gir1.2-pango-1.0_1.50.12+ds-1_arm64.deb ...
#10 12.74 Unpacking gir1.2-pango-1.0:arm64 (1.50.12+ds-1) ...
#10 12.75 Selecting previously unselected package libcloudproviders0:arm64.
#10 12.76 Preparing to unpack .../033-libcloudproviders0_0.3.1-2_arm64.deb ...
#10 12.76 Unpacking libcloudproviders0:arm64 (0.3.1-2) ...
#10 12.77 Selecting previously unselected package libcolord2:arm64.
#10 12.77 Preparing to unpack .../034-libcolord2_1.4.6-2.2_arm64.deb ...
#10 12.77 Unpacking libcolord2:arm64 (1.4.6-2.2) ...
#10 12.79 Selecting previously unselected package libavahi-common-data:arm64.
#10 12.79 Preparing to unpack .../035-libavahi-common-data_0.8-10+deb12u1_arm64.deb ...
#10 12.79 Unpacking libavahi-common-data:arm64 (0.8-10+deb12u1) ...
#10 12.81 Selecting previously unselected package libavahi-common3:arm64.
#10 12.81 Preparing to unpack .../036-libavahi-common3_0.8-10+deb12u1_arm64.deb ...
#10 12.82 Unpacking libavahi-common3:arm64 (0.8-10+deb12u1) ...
#10 12.83 Selecting previously unselected package libavahi-client3:arm64.
#10 12.83 Preparing to unpack .../037-libavahi-client3_0.8-10+deb12u1_arm64.deb ...
#10 12.84 Unpacking libavahi-client3:arm64 (0.8-10+deb12u1) ...
#10 12.85 Selecting previously unselected package libcups2:arm64.
#10 12.85 Preparing to unpack .../038-libcups2_2.4.2-3+deb12u9_arm64.deb ...
#10 12.85 Unpacking libcups2:arm64 (2.4.2-3+deb12u9) ...
#10 12.87 Selecting previously unselected package libepoxy0:arm64.
#10 12.88 Preparing to unpack .../039-libepoxy0_1.5.10-1_arm64.deb ...
#10 12.88 Unpacking libepoxy0:arm64 (1.5.10-1) ...
#10 12.90 Selecting previously unselected package libwayland-client0:arm64.
#10 12.90 Preparing to unpack .../040-libwayland-client0_1.21.0-1_arm64.deb ...
#10 12.90 Unpacking libwayland-client0:arm64 (1.21.0-1) ...
#10 12.91 Selecting previously unselected package libwayland-egl1:arm64.
#10 12.91 Preparing to unpack .../041-libwayland-egl1_1.21.0-1_arm64.deb ...
#10 12.91 Unpacking libwayland-egl1:arm64 (1.21.0-1) ...
#10 12.93 Selecting previously unselected package libxfixes3:arm64.
#10 12.93 Preparing to unpack .../042-libxfixes3_1%3a6.0.0-2_arm64.deb ...
#10 12.93 Unpacking libxfixes3:arm64 (1:6.0.0-2) ...
#10 12.94 Selecting previously unselected package libxcursor1:arm64.
#10 12.94 Preparing to unpack .../043-libxcursor1_1%3a1.2.1-1_arm64.deb ...
#10 12.94 Unpacking libxcursor1:arm64 (1:1.2.1-1) ...
#10 12.95 Selecting previously unselected package libxdamage1:arm64.
#10 12.95 Preparing to unpack .../044-libxdamage1_1%3a1.1.6-1_arm64.deb ...
#10 12.96 Unpacking libxdamage1:arm64 (1:1.1.6-1) ...
#10 12.97 Selecting previously unselected package libxi6:arm64.
#10 12.97 Preparing to unpack .../045-libxi6_2%3a1.8-1+b1_arm64.deb ...
#10 12.97 Unpacking libxi6:arm64 (2:1.8-1+b1) ...
#10 12.99 Selecting previously unselected package libxinerama1:arm64.
#10 12.99 Preparing to unpack .../046-libxinerama1_2%3a1.1.4-3_arm64.deb ...
#10 12.99 Unpacking libxinerama1:arm64 (2:1.1.4-3) ...
#10 13.00 Selecting previously unselected package xkb-data.
#10 13.00 Preparing to unpack .../047-xkb-data_2.35.1-1_all.deb ...
#10 13.00 Unpacking xkb-data (2.35.1-1) ...
#10 13.05 Selecting previously unselected package libxkbcommon0:arm64.
#10 13.05 Preparing to unpack .../048-libxkbcommon0_1.5.0-1_arm64.deb ...
#10 13.06 Unpacking libxkbcommon0:arm64 (1.5.0-1) ...
#10 13.07 Selecting previously unselected package libxrandr2:arm64.
#10 13.07 Preparing to unpack .../049-libxrandr2_2%3a1.5.2-2+b1_arm64.deb ...
#10 13.08 Unpacking libxrandr2:arm64 (2:1.5.2-2+b1) ...
#10 13.09 Selecting previously unselected package libgtk-4-common.
#10 13.09 Preparing to unpack .../050-libgtk-4-common_4.8.3+ds-2+deb12u1_all.deb ...
#10 13.09 Unpacking libgtk-4-common (4.8.3+ds-2+deb12u1) ...
#10 13.19 Selecting previously unselected package libgtk-4-1:arm64.
#10 13.19 Preparing to unpack .../051-libgtk-4-1_4.8.3+ds-2+deb12u1_arm64.deb ...
#10 13.19 Unpacking libgtk-4-1:arm64 (4.8.3+ds-2+deb12u1) ...
#10 13.31 Selecting previously unselected package gir1.2-gtk-4.0:arm64.
#10 13.31 Preparing to unpack .../052-gir1.2-gtk-4.0_4.8.3+ds-2+deb12u1_arm64.deb ...
#10 13.31 Unpacking gir1.2-gtk-4.0:arm64 (4.8.3+ds-2+deb12u1) ...
#10 13.33 Selecting previously unselected package libadwaita-1-0:arm64.
#10 13.33 Preparing to unpack .../053-libadwaita-1-0_1.2.2-1_arm64.deb ...
#10 13.34 Unpacking libadwaita-1-0:arm64 (1.2.2-1) ...
#10 13.36 Selecting previously unselected package gir1.2-adw-1:arm64.
#10 13.36 Preparing to unpack .../054-gir1.2-adw-1_1.2.2-1_arm64.deb ...
#10 13.36 Unpacking gir1.2-adw-1:arm64 (1.2.2-1) ...
#10 13.37 Selecting previously unselected package libatk1.0-0:arm64.
#10 13.38 Preparing to unpack .../055-libatk1.0-0_2.46.0-5_arm64.deb ...
#10 13.38 Unpacking libatk1.0-0:arm64 (2.46.0-5) ...
#10 13.39 Selecting previously unselected package gir1.2-atk-1.0:arm64.
#10 13.39 Preparing to unpack .../056-gir1.2-atk-1.0_2.46.0-5_arm64.deb ...
#10 13.39 Unpacking gir1.2-atk-1.0:arm64 (2.46.0-5) ...
#10 13.40 Selecting previously unselected package libatspi2.0-0:arm64.
#10 13.40 Preparing to unpack .../057-libatspi2.0-0_2.46.0-5_arm64.deb ...
#10 13.41 Unpacking libatspi2.0-0:arm64 (2.46.0-5) ...
#10 13.42 Selecting previously unselected package gir1.2-atspi-2.0:arm64.
#10 13.42 Preparing to unpack .../058-gir1.2-atspi-2.0_2.46.0-5_arm64.deb ...
#10 13.42 Unpacking gir1.2-atspi-2.0:arm64 (2.46.0-5) ...
#10 13.43 Selecting previously unselected package libatk-bridge2.0-0:arm64.
#10 13.44 Preparing to unpack .../059-libatk-bridge2.0-0_2.46.0-5_arm64.deb ...
#10 13.44 Unpacking libatk-bridge2.0-0:arm64 (2.46.0-5) ...
#10 13.45 Selecting previously unselected package libwayland-cursor0:arm64.
#10 13.46 Preparing to unpack .../060-libwayland-cursor0_1.21.0-1_arm64.deb ...
#10 13.46 Unpacking libwayland-cursor0:arm64 (1.21.0-1) ...
#10 13.47 Selecting previously unselected package libxcomposite1:arm64.
#10 13.47 Preparing to unpack .../061-libxcomposite1_1%3a0.4.5-1_arm64.deb ...
#10 13.47 Unpacking libxcomposite1:arm64 (1:0.4.5-1) ...
#10 13.48 Selecting previously unselected package libgtk-3-common.
#10 13.49 Preparing to unpack .../062-libgtk-3-common_3.24.38-2~deb12u3_all.deb ...
#10 13.49 Unpacking libgtk-3-common (3.24.38-2~deb12u3) ...
#10 13.67 Selecting previously unselected package libgtk-3-0:arm64.
#10 13.67 Preparing to unpack .../063-libgtk-3-0_3.24.38-2~deb12u3_arm64.deb ...
#10 13.67 Unpacking libgtk-3-0:arm64 (3.24.38-2~deb12u3) ...
#10 13.79 Selecting previously unselected package gir1.2-gtk-3.0:arm64.
#10 13.79 Preparing to unpack .../064-gir1.2-gtk-3.0_3.24.38-2~deb12u3_arm64.deb ...
#10 13.79 Unpacking gir1.2-gtk-3.0:arm64 (3.24.38-2~deb12u3) ...
#10 13.81 Selecting previously unselected package libayatana-ido3-0.4-0:arm64.
#10 13.81 Preparing to unpack .../065-libayatana-ido3-0.4-0_0.9.3-1_arm64.deb ...
#10 13.81 Unpacking libayatana-ido3-0.4-0:arm64 (0.9.3-1) ...
#10 13.82 Selecting previously unselected package libayatana-indicator3-7:arm64.
#10 13.83 Preparing to unpack .../066-libayatana-indicator3-7_0.9.3-1_arm64.deb ...
#10 13.83 Unpacking libayatana-indicator3-7:arm64 (0.9.3-1) ...
#10 13.84 Selecting previously unselected package libdbusmenu-glib4:arm64.
#10 13.84 Preparing to unpack .../067-libdbusmenu-glib4_18.10.20180917~bzr492+repack1-3_arm64.deb ...
#10 13.84 Unpacking libdbusmenu-glib4:arm64 (18.10.20180917~bzr492+repack1-3) ...
#10 13.86 Selecting previously unselected package libdbusmenu-gtk3-4:arm64.
#10 13.86 Preparing to unpack .../068-libdbusmenu-gtk3-4_18.10.20180917~bzr492+repack1-3_arm64.deb ...
#10 13.86 Unpacking libdbusmenu-gtk3-4:arm64 (18.10.20180917~bzr492+repack1-3) ...
#10 13.87 Selecting previously unselected package libayatana-appindicator3-1.
#10 13.87 Preparing to unpack .../069-libayatana-appindicator3-1_0.5.92-1_arm64.deb ...
#10 13.87 Unpacking libayatana-appindicator3-1 (0.5.92-1) ...
#10 13.88 Selecting previously unselected package gir1.2-ayatanaappindicator3-0.1.
#10 13.89 Preparing to unpack .../070-gir1.2-ayatanaappindicator3-0.1_0.5.92-1_arm64.deb ...
#10 13.89 Unpacking gir1.2-ayatanaappindicator3-0.1 (0.5.92-1) ...
#10 13.90 Selecting previously unselected package gir1.2-ayatanaido3-0.4:arm64.
#10 13.90 Preparing to unpack .../071-gir1.2-ayatanaido3-0.4_0.9.3-1_arm64.deb ...
#10 13.90 Unpacking gir1.2-ayatanaido3-0.4:arm64 (0.9.3-1) ...
#10 13.91 Selecting previously unselected package gir1.2-dbusmenu-glib-0.4:arm64.
#10 13.91 Preparing to unpack .../072-gir1.2-dbusmenu-glib-0.4_18.10.20180917~bzr492+repack1-3_arm64.deb ...
#10 13.91 Unpacking gir1.2-dbusmenu-glib-0.4:arm64 (18.10.20180917~bzr492+repack1-3) ...
#10 13.92 Selecting previously unselected package libgtk2.0-common.
#10 13.93 Preparing to unpack .../073-libgtk2.0-common_2.24.33-2+deb12u1_all.deb ...
#10 13.93 Unpacking libgtk2.0-common (2.24.33-2+deb12u1) ...
#10 14.06 Selecting previously unselected package libgtk2.0-0:arm64.
#10 14.06 Preparing to unpack .../074-libgtk2.0-0_2.24.33-2+deb12u1_arm64.deb ...
#10 14.06 Unpacking libgtk2.0-0:arm64 (2.24.33-2+deb12u1) ...
#10 14.14 Selecting previously unselected package gir1.2-gtk-2.0:arm64.
#10 14.15 Preparing to unpack .../075-gir1.2-gtk-2.0_2.24.33-2+deb12u1_arm64.deb ...
#10 14.15 Unpacking gir1.2-gtk-2.0:arm64 (2.24.33-2+deb12u1) ...
#10 14.16 Selecting previously unselected package libjavascriptcoregtk-4.1-0:arm64.
#10 14.17 Preparing to unpack .../076-libjavascriptcoregtk-4.1-0_2.50.6-1~deb12u2_arm64.deb ...
#10 14.17 Unpacking libjavascriptcoregtk-4.1-0:arm64 (2.50.6-1~deb12u2) ...
#10 14.42 Selecting previously unselected package gir1.2-javascriptcoregtk-4.1:arm64.
#10 14.42 Preparing to unpack .../077-gir1.2-javascriptcoregtk-4.1_2.50.6-1~deb12u2_arm64.deb ...
#10 14.42 Unpacking gir1.2-javascriptcoregtk-4.1:arm64 (2.50.6-1~deb12u2) ...
#10 14.43 Selecting previously unselected package libjson-glib-1.0-common.
#10 14.43 Preparing to unpack .../078-libjson-glib-1.0-common_1.6.6-1_all.deb ...
#10 14.44 Unpacking libjson-glib-1.0-common (1.6.6-1) ...
#10 14.46 Selecting previously unselected package libjson-glib-1.0-0:arm64.
#10 14.46 Preparing to unpack .../079-libjson-glib-1.0-0_1.6.6-1_arm64.deb ...
#10 14.46 Unpacking libjson-glib-1.0-0:arm64 (1.6.6-1) ...
#10 14.47 Selecting previously unselected package gir1.2-json-1.0:arm64.
#10 14.47 Preparing to unpack .../080-gir1.2-json-1.0_1.6.6-1_arm64.deb ...
#10 14.47 Unpacking gir1.2-json-1.0:arm64 (1.6.6-1) ...
#10 14.48 Selecting previously unselected package libpolkit-gobject-1-0:arm64.
#10 14.49 Preparing to unpack .../081-libpolkit-gobject-1-0_122-3_arm64.deb ...
#10 14.49 Unpacking libpolkit-gobject-1-0:arm64 (122-3) ...
#10 14.50 Selecting previously unselected package libpolkit-agent-1-0:arm64.
#10 14.50 Preparing to unpack .../082-libpolkit-agent-1-0_122-3_arm64.deb ...
#10 14.50 Unpacking libpolkit-agent-1-0:arm64 (122-3) ...
#10 14.52 Selecting previously unselected package gir1.2-polkit-1.0.
#10 14.52 Preparing to unpack .../083-gir1.2-polkit-1.0_122-3_arm64.deb ...
#10 14.52 Unpacking gir1.2-polkit-1.0 (122-3) ...
#10 14.53 Selecting previously unselected package libproxy1v5:arm64.
#10 14.53 Preparing to unpack .../084-libproxy1v5_0.4.18-1.2_arm64.deb ...
#10 14.53 Unpacking libproxy1v5:arm64 (0.4.18-1.2) ...
#10 14.55 Selecting previously unselected package glib-networking-common.
#10 14.55 Preparing to unpack .../085-glib-networking-common_2.74.0-4_all.deb ...
#10 14.55 Unpacking glib-networking-common (2.74.0-4) ...
#10 14.56 Selecting previously unselected package glib-networking-services.
#10 14.57 Preparing to unpack .../086-glib-networking-services_2.74.0-4_arm64.deb ...
#10 14.57 Unpacking glib-networking-services (2.74.0-4) ...
#10 14.58 Selecting previously unselected package gsettings-desktop-schemas.
#10 14.58 Preparing to unpack .../087-gsettings-desktop-schemas_43.0-1_all.deb ...
#10 14.58 Unpacking gsettings-desktop-schemas (43.0-1) ...
#10 14.62 Selecting previously unselected package glib-networking:arm64.
#10 14.62 Preparing to unpack .../088-glib-networking_2.74.0-4_arm64.deb ...
#10 14.62 Unpacking glib-networking:arm64 (2.74.0-4) ...
#10 14.63 Selecting previously unselected package libsoup-3.0-common.
#10 14.64 Preparing to unpack .../089-libsoup-3.0-common_3.2.3-0+deb12u2_all.deb ...
#10 14.64 Unpacking libsoup-3.0-common (3.2.3-0+deb12u2) ...
#10 14.66 Preparing to unpack .../090-libnghttp2-14_1.52.0-1+deb12u3_arm64.deb ...
#10 14.66 Unpacking libnghttp2-14:arm64 (1.52.0-1+deb12u3) over (1.52.0-1+deb12u2) ...
#10 14.68 Selecting previously unselected package libsoup-3.0-0:arm64.
#10 14.68 Preparing to unpack .../091-libsoup-3.0-0_3.2.3-0+deb12u2_arm64.deb ...
#10 14.68 Unpacking libsoup-3.0-0:arm64 (3.2.3-0+deb12u2) ...
#10 14.70 Selecting previously unselected package gir1.2-soup-3.0:arm64.
#10 14.71 Preparing to unpack .../092-gir1.2-soup-3.0_3.2.3-0+deb12u2_arm64.deb ...
#10 14.71 Unpacking gir1.2-soup-3.0:arm64 (3.2.3-0+deb12u2) ...
#10 14.72 Selecting previously unselected package libcdparanoia0:arm64.
#10 14.72 Preparing to unpack .../093-libcdparanoia0_3.10.2+debian-14_arm64.deb ...
#10 14.72 Unpacking libcdparanoia0:arm64 (3.10.2+debian-14) ...
#10 14.74 Selecting previously unselected package libdw1:arm64.
#10 14.74 Preparing to unpack .../094-libdw1_0.188-2.1_arm64.deb ...
#10 14.74 Unpacking libdw1:arm64 (0.188-2.1) ...
#10 14.76 Selecting previously unselected package libunwind8:arm64.
#10 14.76 Preparing to unpack .../095-libunwind8_1.6.2-3_arm64.deb ...
#10 14.76 Unpacking libunwind8:arm64 (1.6.2-3) ...
#10 14.78 Selecting previously unselected package libcap2-bin.
#10 14.78 Preparing to unpack .../096-libcap2-bin_1%3a2.66-4+deb12u3+b1_arm64.deb ...
#10 14.78 Unpacking libcap2-bin (1:2.66-4+deb12u3+b1) ...
#10 14.79 Selecting previously unselected package libgstreamer1.0-0:arm64.
#10 14.79 Preparing to unpack .../097-libgstreamer1.0-0_1.22.0-2+deb12u1_arm64.deb ...
#10 14.80 Unpacking libgstreamer1.0-0:arm64 (1.22.0-2+deb12u1) ...
#10 14.85 Selecting previously unselected package liborc-0.4-0:arm64.
#10 14.86 Preparing to unpack .../098-liborc-0.4-0_1%3a0.4.33-2_arm64.deb ...
#10 14.86 Unpacking liborc-0.4-0:arm64 (1:0.4.33-2) ...
#10 14.87 Selecting previously unselected package iso-codes.
#10 14.88 Preparing to unpack .../099-iso-codes_4.15.0-1_all.deb ...
#10 14.88 Unpacking iso-codes (4.15.0-1) ...
#10 15.05 Selecting previously unselected package libgstreamer-plugins-base1.0-0:arm64.
#10 15.05 Preparing to unpack .../100-libgstreamer-plugins-base1.0-0_1.22.0-3+deb12u7_arm64.deb ...
#10 15.06 Unpacking libgstreamer-plugins-base1.0-0:arm64 (1.22.0-3+deb12u7) ...
#10 15.11 Selecting previously unselected package libogg0:arm64.
#10 15.11 Preparing to unpack .../101-libogg0_1.3.5-3_arm64.deb ...
#10 15.11 Unpacking libogg0:arm64 (1.3.5-3) ...
#10 15.12 Selecting previously unselected package libopus0:arm64.
#10 15.12 Preparing to unpack .../102-libopus0_1.3.1-3_arm64.deb ...
#10 15.13 Unpacking libopus0:arm64 (1.3.1-3) ...
#10 15.14 Selecting previously unselected package libtheora0:arm64.
#10 15.15 Preparing to unpack .../103-libtheora0_1.1.1+dfsg.1-16.1+deb12u1_arm64.deb ...
#10 15.15 Unpacking libtheora0:arm64 (1.1.1+dfsg.1-16.1+deb12u1) ...
#10 15.16 Selecting previously unselected package libvisual-0.4-0:arm64.
#10 15.17 Preparing to unpack .../104-libvisual-0.4-0_0.4.0-19_arm64.deb ...
#10 15.17 Unpacking libvisual-0.4-0:arm64 (0.4.0-19) ...
#10 15.18 Selecting previously unselected package libvorbis0a:arm64.
#10 15.19 Preparing to unpack .../105-libvorbis0a_1.3.7-1_arm64.deb ...
#10 15.19 Unpacking libvorbis0a:arm64 (1.3.7-1) ...
#10 15.20 Selecting previously unselected package libvorbisenc2:arm64.
#10 15.20 Preparing to unpack .../106-libvorbisenc2_1.3.7-1_arm64.deb ...
#10 15.21 Unpacking libvorbisenc2:arm64 (1.3.7-1) ...
#10 15.23 Selecting previously unselected package gstreamer1.0-plugins-base:arm64.
#10 15.23 Preparing to unpack .../107-gstreamer1.0-plugins-base_1.22.0-3+deb12u7_arm64.deb ...
#10 15.24 Unpacking gstreamer1.0-plugins-base:arm64 (1.22.0-3+deb12u7) ...
#10 15.28 Selecting previously unselected package libgpm2:arm64.
#10 15.28 Preparing to unpack .../108-libgpm2_1.20.7-10+b1_arm64.deb ...
#10 15.28 Unpacking libgpm2:arm64 (1.20.7-10+b1) ...
#10 15.29 Selecting previously unselected package libslang2:arm64.
#10 15.29 Preparing to unpack .../109-libslang2_2.3.3-3_arm64.deb ...
#10 15.29 Unpacking libslang2:arm64 (2.3.3-3) ...
#10 15.33 Selecting previously unselected package libaa1:arm64.
#10 15.33 Preparing to unpack .../110-libaa1_1.4p5-50_arm64.deb ...
#10 15.33 Unpacking libaa1:arm64 (1.4p5-50) ...
#10 15.34 Selecting previously unselected package libraw1394-11:arm64.
#10 15.34 Preparing to unpack .../111-libraw1394-11_2.1.2-2_arm64.deb ...
#10 15.35 Unpacking libraw1394-11:arm64 (2.1.2-2) ...
#10 15.36 Selecting previously unselected package libavc1394-0:arm64.
#10 15.36 Preparing to unpack .../112-libavc1394-0_0.5.4-5_arm64.deb ...
#10 15.36 Unpacking libavc1394-0:arm64 (0.5.4-5) ...
#10 15.37 Selecting previously unselected package libcaca0:arm64.
#10 15.37 Preparing to unpack .../113-libcaca0_0.99.beta20-3+deb12u1_arm64.deb ...
#10 15.37 Unpacking libcaca0:arm64 (0.99.beta20-3+deb12u1) ...
#10 15.39 Selecting previously unselected package libdv4:arm64.
#10 15.39 Preparing to unpack .../114-libdv4_1.0.0-15_arm64.deb ...
#10 15.40 Unpacking libdv4:arm64 (1.0.0-15) ...
#10 15.41 Selecting previously unselected package libflac12:arm64.
#10 15.41 Preparing to unpack .../115-libflac12_1.4.2+ds-2_arm64.deb ...
#10 15.41 Unpacking libflac12:arm64 (1.4.2+ds-2) ...
#10 15.43 Selecting previously unselected package libgudev-1.0-0:arm64.
#10 15.43 Preparing to unpack .../116-libgudev-1.0-0_237-2_arm64.deb ...
#10 15.43 Unpacking libgudev-1.0-0:arm64 (237-2) ...
#10 15.45 Selecting previously unselected package libiec61883-0:arm64.
#10 15.45 Preparing to unpack .../117-libiec61883-0_1.2.0-6+b1_arm64.deb ...
#10 15.45 Unpacking libiec61883-0:arm64 (1.2.0-6+b1) ...
#10 15.46 Selecting previously unselected package libsamplerate0:arm64.
#10 15.46 Preparing to unpack .../118-libsamplerate0_0.2.2-3_arm64.deb ...
#10 15.46 Unpacking libsamplerate0:arm64 (0.2.2-3) ...
#10 15.52 Selecting previously unselected package libjack-jackd2-0:arm64.
#10 15.52 Preparing to unpack .../119-libjack-jackd2-0_1.9.21~dfsg-3_arm64.deb ...
#10 15.52 Unpacking libjack-jackd2-0:arm64 (1.9.21~dfsg-3) ...
#10 15.55 Selecting previously unselected package libmp3lame0:arm64.
#10 15.55 Preparing to unpack .../120-libmp3lame0_3.100-6_arm64.deb ...
#10 15.55 Unpacking libmp3lame0:arm64 (3.100-6) ...
#10 15.57 Selecting previously unselected package libmpg123-0:arm64.
#10 15.57 Preparing to unpack .../121-libmpg123-0_1.31.2-1+deb12u1_arm64.deb ...
#10 15.57 Unpacking libmpg123-0:arm64 (1.31.2-1+deb12u1) ...
#10 15.59 Selecting previously unselected package libasyncns0:arm64.
#10 15.59 Preparing to unpack .../122-libasyncns0_0.8-6+b3_arm64.deb ...
#10 15.59 Unpacking libasyncns0:arm64 (0.8-6+b3) ...
#10 15.60 Selecting previously unselected package libsndfile1:arm64.
#10 15.60 Preparing to unpack .../123-libsndfile1_1.2.0-1+deb12u1_arm64.deb ...
#10 15.60 Unpacking libsndfile1:arm64 (1.2.0-1+deb12u1) ...
#10 15.62 Selecting previously unselected package libx11-xcb1:arm64.
#10 15.62 Preparing to unpack .../124-libx11-xcb1_2%3a1.8.4-2+deb12u2_arm64.deb ...
#10 15.63 Unpacking libx11-xcb1:arm64 (2:1.8.4-2+deb12u2) ...
#10 15.64 Selecting previously unselected package libpulse0:arm64.
#10 15.64 Preparing to unpack .../125-libpulse0_16.1+dfsg1-2+b1_arm64.deb ...
#10 15.65 Unpacking libpulse0:arm64 (16.1+dfsg1-2+b1) ...
#10 15.67 Selecting previously unselected package libspeex1:arm64.
#10 15.67 Preparing to unpack .../126-libspeex1_1.2.1-2_arm64.deb ...
#10 15.67 Unpacking libspeex1:arm64 (1.2.1-2) ...
#10 15.69 Selecting previously unselected package libshout3:arm64.
#10 15.69 Preparing to unpack .../127-libshout3_2.4.6-1+b1_arm64.deb ...
#10 15.69 Unpacking libshout3:arm64 (2.4.6-1+b1) ...
#10 15.70 Selecting previously unselected package libtag1v5-vanilla:arm64.
#10 15.71 Preparing to unpack .../128-libtag1v5-vanilla_1.13-2+deb12u1_arm64.deb ...
#10 15.71 Unpacking libtag1v5-vanilla:arm64 (1.13-2+deb12u1) ...
#10 15.73 Selecting previously unselected package libtag1v5:arm64.
#10 15.73 Preparing to unpack .../129-libtag1v5_1.13-2+deb12u1_arm64.deb ...
#10 15.73 Unpacking libtag1v5:arm64 (1.13-2+deb12u1) ...
#10 15.75 Selecting previously unselected package libtwolame0:arm64.
#10 15.75 Preparing to unpack .../130-libtwolame0_0.4.0-2_arm64.deb ...
#10 15.75 Unpacking libtwolame0:arm64 (0.4.0-2) ...
#10 15.76 Selecting previously unselected package libv4lconvert0:arm64.
#10 15.77 Preparing to unpack .../131-libv4lconvert0_1.22.1-5+b2_arm64.deb ...
#10 15.77 Unpacking libv4lconvert0:arm64 (1.22.1-5+b2) ...
#10 15.79 Selecting previously unselected package libv4l-0:arm64.
#10 15.79 Preparing to unpack .../132-libv4l-0_1.22.1-5+b2_arm64.deb ...
#10 15.79 Unpacking libv4l-0:arm64 (1.22.1-5+b2) ...
#10 15.81 Selecting previously unselected package libvpx7:arm64.
#10 15.81 Preparing to unpack .../133-libvpx7_1.12.0-1+deb12u5_arm64.deb ...
#10 15.81 Unpacking libvpx7:arm64 (1.12.0-1+deb12u5) ...
#10 15.86 Selecting previously unselected package libwavpack1:arm64.
#10 15.86 Preparing to unpack .../134-libwavpack1_5.6.0-1_arm64.deb ...
#10 15.86 Unpacking libwavpack1:arm64 (5.6.0-1) ...
#10 15.87 Selecting previously unselected package libsoup2.4-common.
#10 15.88 Preparing to unpack .../135-libsoup2.4-common_2.74.3-1+deb12u1_all.deb ...
#10 15.88 Unpacking libsoup2.4-common (2.74.3-1+deb12u1) ...
#10 15.90 Selecting previously unselected package libsoup2.4-1:arm64.
#10 15.91 Preparing to unpack .../136-libsoup2.4-1_2.74.3-1+deb12u1_arm64.deb ...
#10 15.91 Unpacking libsoup2.4-1:arm64 (2.74.3-1+deb12u1) ...
#10 15.93 Selecting previously unselected package gstreamer1.0-plugins-good:arm64.
#10 15.93 Preparing to unpack .../137-gstreamer1.0-plugins-good_1.22.0-5+deb12u3_arm64.deb ...
#10 15.93 Unpacking gstreamer1.0-plugins-good:arm64 (1.22.0-5+deb12u3) ...
#10 16.03 Selecting previously unselected package libglvnd0:arm64.
#10 16.03 Preparing to unpack .../138-libglvnd0_1.6.0-1_arm64.deb ...
#10 16.03 Unpacking libglvnd0:arm64 (1.6.0-1) ...
#10 16.05 Selecting previously unselected package libgles2:arm64.
#10 16.05 Preparing to unpack .../139-libgles2_1.6.0-1_arm64.deb ...
#10 16.05 Unpacking libgles2:arm64 (1.6.0-1) ...
#10 16.07 Selecting previously unselected package xdg-dbus-proxy.
#10 16.07 Preparing to unpack .../140-xdg-dbus-proxy_0.1.4-3+deb12u1_arm64.deb ...
#10 16.07 Unpacking xdg-dbus-proxy (0.1.4-3+deb12u1) ...
#10 16.08 Selecting previously unselected package libabsl20220623:arm64.
#10 16.08 Preparing to unpack .../141-libabsl20220623_20220623.1-1+deb12u2_arm64.deb ...
#10 16.08 Unpacking libabsl20220623:arm64 (20220623.1-1+deb12u2) ...
#10 16.12 Selecting previously unselected package libgav1-1:arm64.
#10 16.12 Preparing to unpack .../142-libgav1-1_0.18.0-1+b1_arm64.deb ...
#10 16.12 Unpacking libgav1-1:arm64 (0.18.0-1+b1) ...
#10 16.15 Selecting previously unselected package librav1e0:arm64.
#10 16.16 Preparing to unpack .../143-librav1e0_0.5.1-6_arm64.deb ...
#10 16.16 Unpacking librav1e0:arm64 (0.5.1-6) ...
#10 16.19 Selecting previously unselected package libsvtav1enc1:arm64.
#10 16.19 Preparing to unpack .../144-libsvtav1enc1_1.4.1+dfsg-1_arm64.deb ...
#10 16.19 Unpacking libsvtav1enc1:arm64 (1.4.1+dfsg-1) ...
#10 16.25 Selecting previously unselected package libyuv0:arm64.
#10 16.25 Preparing to unpack .../145-libyuv0_0.0~git20230123.b2528b0-1_arm64.deb ...
#10 16.25 Unpacking libyuv0:arm64 (0.0~git20230123.b2528b0-1) ...
#10 16.27 Selecting previously unselected package libavif15:arm64.
#10 16.27 Preparing to unpack .../146-libavif15_0.11.1-1+deb12u1_arm64.deb ...
#10 16.27 Unpacking libavif15:arm64 (0.11.1-1+deb12u1) ...
#10 16.28 Selecting previously unselected package libdrm-common.
#10 16.28 Preparing to unpack .../147-libdrm-common_2.4.114-1_all.deb ...
#10 16.29 Unpacking libdrm-common (2.4.114-1) ...
#10 16.30 Selecting previously unselected package libdrm2:arm64.
#10 16.30 Preparing to unpack .../148-libdrm2_2.4.114-1+b1_arm64.deb ...
#10 16.30 Unpacking libdrm2:arm64 (2.4.114-1+b1) ...
#10 16.31 Selecting previously unselected package hunspell-en-us.
#10 16.31 Preparing to unpack .../149-hunspell-en-us_1%3a2020.12.07-2_all.deb ...
#10 16.31 Unpacking hunspell-en-us (1:2020.12.07-2) ...
#10 16.34 Selecting previously unselected package libaspell15:arm64.
#10 16.34 Preparing to unpack .../150-libaspell15_0.60.8-4+b1_arm64.deb ...
#10 16.34 Unpacking libaspell15:arm64 (0.60.8-4+b1) ...
#10 16.37 Selecting previously unselected package libhunspell-1.7-0:arm64.
#10 16.37 Preparing to unpack .../151-libhunspell-1.7-0_1.7.1-1_arm64.deb ...
#10 16.37 Unpacking libhunspell-1.7-0:arm64 (1.7.1-1) ...
#10 16.39 Selecting previously unselected package libenchant-2-2:arm64.
#10 16.39 Preparing to unpack .../152-libenchant-2-2_2.3.3-2_arm64.deb ...
#10 16.39 Unpacking libenchant-2-2:arm64 (2.3.3-2) ...
#10 16.41 Selecting previously unselected package libasound2-data.
#10 16.41 Preparing to unpack .../153-libasound2-data_1.2.8-1_all.deb ...
#10 16.41 Unpacking libasound2-data (1.2.8-1) ...
#10 16.42 Selecting previously unselected package libasound2:arm64.
#10 16.43 Preparing to unpack .../154-libasound2_1.2.8-1+b1_arm64.deb ...
#10 16.43 Unpacking libasound2:arm64 (1.2.8-1+b1) ...
#10 16.46 Selecting previously unselected package libflite1:arm64.
#10 16.46 Preparing to unpack .../155-libflite1_2.2-5_arm64.deb ...
#10 16.46 Unpacking libflite1:arm64 (2.2-5) ...
#10 16.96 Selecting previously unselected package libwayland-server0:arm64.
#10 16.97 Preparing to unpack .../156-libwayland-server0_1.21.0-1_arm64.deb ...
#10 16.97 Unpacking libwayland-server0:arm64 (1.21.0-1) ...
#10 16.98 Selecting previously unselected package libgbm1:arm64.
#10 16.98 Preparing to unpack .../157-libgbm1_22.3.6-1+deb12u2_arm64.deb ...
#10 16.98 Unpacking libgbm1:arm64 (22.3.6-1+deb12u2) ...
#10 17.00 Selecting previously unselected package libglapi-mesa:arm64.
#10 17.00 Preparing to unpack .../158-libglapi-mesa_22.3.6-1+deb12u2_arm64.deb ...
#10 17.00 Unpacking libglapi-mesa:arm64 (22.3.6-1+deb12u2) ...
#10 17.01 Selecting previously unselected package libxcb-dri2-0:arm64.
#10 17.01 Preparing to unpack .../159-libxcb-dri2-0_1.15-1_arm64.deb ...
#10 17.01 Unpacking libxcb-dri2-0:arm64 (1.15-1) ...
#10 17.03 Selecting previously unselected package libxcb-dri3-0:arm64.
#10 17.03 Preparing to unpack .../160-libxcb-dri3-0_1.15-1_arm64.deb ...
#10 17.03 Unpacking libxcb-dri3-0:arm64 (1.15-1) ...
#10 17.05 Selecting previously unselected package libxcb-present0:arm64.
#10 17.05 Preparing to unpack .../161-libxcb-present0_1.15-1_arm64.deb ...
#10 17.05 Unpacking libxcb-present0:arm64 (1.15-1) ...
#10 17.07 Selecting previously unselected package libxcb-randr0:arm64.
#10 17.07 Preparing to unpack .../162-libxcb-randr0_1.15-1_arm64.deb ...
#10 17.07 Unpacking libxcb-randr0:arm64 (1.15-1) ...
#10 17.09 Selecting previously unselected package libxcb-sync1:arm64.
#10 17.09 Preparing to unpack .../163-libxcb-sync1_1.15-1_arm64.deb ...
#10 17.09 Unpacking libxcb-sync1:arm64 (1.15-1) ...
#10 17.11 Selecting previously unselected package libxcb-xfixes0:arm64.
#10 17.11 Preparing to unpack .../164-libxcb-xfixes0_1.15-1_arm64.deb ...
#10 17.11 Unpacking libxcb-xfixes0:arm64 (1.15-1) ...
#10 17.12 Selecting previously unselected package libxshmfence1:arm64.
#10 17.13 Preparing to unpack .../165-libxshmfence1_1.3-1_arm64.deb ...
#10 17.13 Unpacking libxshmfence1:arm64 (1.3-1) ...
#10 17.14 Selecting previously unselected package libegl-mesa0:arm64.
#10 17.14 Preparing to unpack .../166-libegl-mesa0_22.3.6-1+deb12u2_arm64.deb ...
#10 17.14 Unpacking libegl-mesa0:arm64 (22.3.6-1+deb12u2) ...
#10 17.16 Selecting previously unselected package libegl1:arm64.
#10 17.16 Preparing to unpack .../167-libegl1_1.6.0-1_arm64.deb ...
#10 17.16 Unpacking libegl1:arm64 (1.6.0-1) ...
#10 17.18 Selecting previously unselected package libxcb-glx0:arm64.
#10 17.18 Preparing to unpack .../168-libxcb-glx0_1.15-1_arm64.deb ...
#10 17.18 Unpacking libxcb-glx0:arm64 (1.15-1) ...
#10 17.20 Selecting previously unselected package libxxf86vm1:arm64.
#10 17.20 Preparing to unpack .../169-libxxf86vm1_1%3a1.1.4-1+b2_arm64.deb ...
#10 17.20 Unpacking libxxf86vm1:arm64 (1:1.1.4-1+b2) ...
#10 17.21 Selecting previously unselected package libdrm-amdgpu1:arm64.
#10 17.22 Preparing to unpack .../170-libdrm-amdgpu1_2.4.114-1+b1_arm64.deb ...
#10 17.22 Unpacking libdrm-amdgpu1:arm64 (2.4.114-1+b1) ...
#10 17.23 Selecting previously unselected package libdrm-nouveau2:arm64.
#10 17.23 Preparing to unpack .../171-libdrm-nouveau2_2.4.114-1+b1_arm64.deb ...
#10 17.23 Unpacking libdrm-nouveau2:arm64 (2.4.114-1+b1) ...
#10 17.25 Selecting previously unselected package libdrm-radeon1:arm64.
#10 17.25 Preparing to unpack .../172-libdrm-radeon1_2.4.114-1+b1_arm64.deb ...
#10 17.25 Unpacking libdrm-radeon1:arm64 (2.4.114-1+b1) ...
#10 17.26 Selecting previously unselected package libz3-4:arm64.
#10 17.26 Preparing to unpack .../173-libz3-4_4.8.12-3.1_arm64.deb ...
#10 17.26 Unpacking libz3-4:arm64 (4.8.12-3.1) ...
#10 17.53 Selecting previously unselected package libllvm15:arm64.
#10 17.53 Preparing to unpack .../174-libllvm15_1%3a15.0.6-4+b1_arm64.deb ...
#10 17.53 Unpacking libllvm15:arm64 (1:15.0.6-4+b1) ...
#10 17.95 Selecting previously unselected package libsensors-config.
#10 17.95 Preparing to unpack .../175-libsensors-config_1%3a3.6.0-7.1_all.deb ...
#10 17.95 Unpacking libsensors-config (1:3.6.0-7.1) ...
#10 17.96 Selecting previously unselected package libsensors5:arm64.
#10 17.97 Preparing to unpack .../176-libsensors5_1%3a3.6.0-7.1_arm64.deb ...
#10 17.98 Unpacking libsensors5:arm64 (1:3.6.0-7.1) ...
#10 17.99 Selecting previously unselected package libgl1-mesa-dri:arm64.
#10 18.00 Preparing to unpack .../177-libgl1-mesa-dri_22.3.6-1+deb12u2_arm64.deb ...
#10 18.00 Unpacking libgl1-mesa-dri:arm64 (22.3.6-1+deb12u2) ...
#10 18.27 Selecting previously unselected package libglx-mesa0:arm64.
#10 18.27 Preparing to unpack .../178-libglx-mesa0_22.3.6-1+deb12u2_arm64.deb ...
#10 18.27 Unpacking libglx-mesa0:arm64 (22.3.6-1+deb12u2) ...
#10 18.29 Selecting previously unselected package libglx0:arm64.
#10 18.30 Preparing to unpack .../179-libglx0_1.6.0-1_arm64.deb ...
#10 18.30 Unpacking libglx0:arm64 (1.6.0-1) ...
#10 18.31 Selecting previously unselected package libgl1:arm64.
#10 18.31 Preparing to unpack .../180-libgl1_1.6.0-1_arm64.deb ...
#10 18.32 Unpacking libgl1:arm64 (1.6.0-1) ...
#10 18.33 Selecting previously unselected package libgstreamer-gl1.0-0:arm64.
#10 18.34 Preparing to unpack .../181-libgstreamer-gl1.0-0_1.22.0-3+deb12u7_arm64.deb ...
#10 18.34 Unpacking libgstreamer-gl1.0-0:arm64 (1.22.0-3+deb12u7) ...
#10 18.36 Selecting previously unselected package libharfbuzz-icu0:arm64.
#10 18.36 Preparing to unpack .../182-libharfbuzz-icu0_6.0.0+dfsg-3_arm64.deb ...
#10 18.36 Unpacking libharfbuzz-icu0:arm64 (6.0.0+dfsg-3) ...
#10 18.38 Selecting previously unselected package libhyphen0:arm64.
#10 18.38 Preparing to unpack .../183-libhyphen0_2.8.8-7_arm64.deb ...
#10 18.38 Unpacking libhyphen0:arm64 (2.8.8-7) ...
#10 18.40 Selecting previously unselected package libevdev2:arm64.
#10 18.40 Preparing to unpack .../184-libevdev2_1.13.0+dfsg-1_arm64.deb ...
#10 18.40 Unpacking libevdev2:arm64 (1.13.0+dfsg-1) ...
#10 18.41 Selecting previously unselected package libmanette-0.2-0:arm64.
#10 18.41 Preparing to unpack .../185-libmanette-0.2-0_0.2.6-3+b1_arm64.deb ...
#10 18.42 Unpacking libmanette-0.2-0:arm64 (0.2.6-3+b1) ...
#10 18.43 Selecting previously unselected package libsecret-common.
#10 18.43 Preparing to unpack .../186-libsecret-common_0.20.5-3_all.deb ...
#10 18.43 Unpacking libsecret-common (0.20.5-3) ...
#10 18.45 Selecting previously unselected package libsecret-1-0:arm64.
#10 18.45 Preparing to unpack .../187-libsecret-1-0_0.20.5-3_arm64.deb ...
#10 18.45 Unpacking libsecret-1-0:arm64 (0.20.5-3) ...
#10 18.46 Selecting previously unselected package libwoff1:arm64.
#10 18.46 Preparing to unpack .../188-libwoff1_1.0.2-2_arm64.deb ...
#10 18.47 Unpacking libwoff1:arm64 (1.0.2-2) ...
#10 18.48 Selecting previously unselected package libwebkit2gtk-4.1-0:arm64.
#10 18.48 Preparing to unpack .../189-libwebkit2gtk-4.1-0_2.50.6-1~deb12u2_arm64.deb ...
#10 18.48 Unpacking libwebkit2gtk-4.1-0:arm64 (2.50.6-1~deb12u2) ...
#10 18.83 Selecting previously unselected package gir1.2-webkit2-4.1:arm64.
#10 18.83 Preparing to unpack .../190-gir1.2-webkit2-4.1_2.50.6-1~deb12u2_arm64.deb ...
#10 18.83 Unpacking gir1.2-webkit2-4.1:arm64 (2.50.6-1~deb12u2) ...
#10 18.84 Selecting previously unselected package python3-pkg-resources.
#10 18.85 Preparing to unpack .../191-python3-pkg-resources_66.1.1-1+deb12u2_all.deb ...
#10 18.85 Unpacking python3-pkg-resources (66.1.1-1+deb12u2) ...
#10 18.87 Selecting previously unselected package python3-markupsafe.
#10 18.87 Preparing to unpack .../192-python3-markupsafe_2.1.2-1+b1_arm64.deb ...
#10 18.87 Unpacking python3-markupsafe (2.1.2-1+b1) ...
#10 18.88 Selecting previously unselected package python3-mako.
#10 18.88 Preparing to unpack .../193-python3-mako_1.2.4+ds-1_all.deb ...
#10 18.89 Unpacking python3-mako (1.2.4+ds-1) ...
#10 18.90 Selecting previously unselected package python3-markdown.
#10 18.90 Preparing to unpack .../194-python3-markdown_3.4.1-2+deb12u1_all.deb ...
#10 18.90 Unpacking python3-markdown (3.4.1-2+deb12u1) ...
#10 18.92 Selecting previously unselected package gobject-introspection.
#10 18.92 Preparing to unpack .../195-gobject-introspection_1.74.0-3_arm64.deb ...
#10 18.92 Unpacking gobject-introspection (1.74.0-3) ...
#10 18.95 Preparing to unpack .../196-imagemagick_8%3a6.9.11.60+dfsg-1.6+deb12u13_arm64.deb ...
#10 18.96 Unpacking imagemagick (8:6.9.11.60+dfsg-1.6+deb12u13) over (8:6.9.11.60+dfsg-1.6+deb12u6) ...
#10 18.97 Selecting previously unselected package libglx-dev:arm64.
#10 18.98 Preparing to unpack .../197-libglx-dev_1.6.0-1_arm64.deb ...
#10 18.98 Unpacking libglx-dev:arm64 (1.6.0-1) ...
#10 18.99 Selecting previously unselected package libgl-dev:arm64.
#10 18.99 Preparing to unpack .../198-libgl-dev_1.6.0-1_arm64.deb ...
#10 18.99 Unpacking libgl-dev:arm64 (1.6.0-1) ...
#10 19.01 Selecting previously unselected package libegl-dev:arm64.
#10 19.01 Preparing to unpack .../199-libegl-dev_1.6.0-1_arm64.deb ...
#10 19.01 Unpacking libegl-dev:arm64 (1.6.0-1) ...
#10 19.02 Selecting previously unselected package libglvnd-core-dev:arm64.
#10 19.02 Preparing to unpack .../200-libglvnd-core-dev_1.6.0-1_arm64.deb ...
#10 19.02 Unpacking libglvnd-core-dev:arm64 (1.6.0-1) ...
#10 19.04 Selecting previously unselected package libgles1:arm64.
#10 19.04 Preparing to unpack .../201-libgles1_1.6.0-1_arm64.deb ...
#10 19.04 Unpacking libgles1:arm64 (1.6.0-1) ...
#10 19.05 Selecting previously unselected package libgles-dev:arm64.
#10 19.05 Preparing to unpack .../202-libgles-dev_1.6.0-1_arm64.deb ...
#10 19.05 Unpacking libgles-dev:arm64 (1.6.0-1) ...
#10 19.07 Selecting previously unselected package libopengl0:arm64.
#10 19.07 Preparing to unpack .../203-libopengl0_1.6.0-1_arm64.deb ...
#10 19.07 Unpacking libopengl0:arm64 (1.6.0-1) ...
#10 19.08 Selecting previously unselected package libopengl-dev:arm64.
#10 19.08 Preparing to unpack .../204-libopengl-dev_1.6.0-1_arm64.deb ...
#10 19.09 Unpacking libopengl-dev:arm64 (1.6.0-1) ...
#10 19.10 Selecting previously unselected package libglvnd-dev:arm64.
#10 19.10 Preparing to unpack .../205-libglvnd-dev_1.6.0-1_arm64.deb ...
#10 19.10 Unpacking libglvnd-dev:arm64 (1.6.0-1) ...
#10 19.11 Selecting previously unselected package libegl1-mesa-dev:arm64.
#10 19.11 Preparing to unpack .../206-libegl1-mesa-dev_22.3.6-1+deb12u2_arm64.deb ...
#10 19.11 Unpacking libegl1-mesa-dev:arm64 (22.3.6-1+deb12u2) ...
#10 19.12 Selecting previously unselected package libepoxy-dev:arm64.
#10 19.12 Preparing to unpack .../207-libepoxy-dev_1.5.10-1_arm64.deb ...
#10 19.12 Unpacking libepoxy-dev:arm64 (1.5.10-1) ...
#10 19.14 Selecting previously unselected package libgirepository1.0-dev.
#10 19.14 Preparing to unpack .../208-libgirepository1.0-dev_1.74.0-3_arm64.deb ...
#10 19.14 Unpacking libgirepository1.0-dev (1.74.0-3) ...
#10 19.19 Selecting previously unselected package libgraphene-1.0-dev.
#10 19.19 Preparing to unpack .../209-libgraphene-1.0-dev_1.10.8-1_arm64.deb ...
#10 19.20 Unpacking libgraphene-1.0-dev (1.10.8-1) ...
#10 19.21 Selecting previously unselected package libfribidi-dev:arm64.
#10 19.21 Preparing to unpack .../210-libfribidi-dev_1.0.8-2.1_arm64.deb ...
#10 19.21 Unpacking libfribidi-dev:arm64 (1.0.8-2.1) ...
#10 19.23 Selecting previously unselected package libharfbuzz-gobject0:arm64.
#10 19.23 Preparing to unpack .../211-libharfbuzz-gobject0_6.0.0+dfsg-3_arm64.deb ...
#10 19.23 Unpacking libharfbuzz-gobject0:arm64 (6.0.0+dfsg-3) ...
#10 19.25 Selecting previously unselected package libharfbuzz-subset0:arm64.
#10 19.25 Preparing to unpack .../212-libharfbuzz-subset0_6.0.0+dfsg-3_arm64.deb ...
#10 19.25 Unpacking libharfbuzz-subset0:arm64 (6.0.0+dfsg-3) ...
#10 19.29 Preparing to unpack .../213-libgraphite2-3_1.3.14-1+deb12u1_arm64.deb ...
#10 19.29 Unpacking libgraphite2-3:arm64 (1.3.14-1+deb12u1) over (1.3.14-1) ...
#10 19.31 Selecting previously unselected package libgraphite2-dev:arm64.
#10 19.31 Preparing to unpack .../214-libgraphite2-dev_1.3.14-1+deb12u1_arm64.deb ...
#10 19.31 Unpacking libgraphite2-dev:arm64 (1.3.14-1+deb12u1) ...
#10 19.32 Selecting previously unselected package libharfbuzz-dev:arm64.
#10 19.33 Preparing to unpack .../215-libharfbuzz-dev_6.0.0+dfsg-3_arm64.deb ...
#10 19.33 Unpacking libharfbuzz-dev:arm64 (6.0.0+dfsg-3) ...
#10 19.35 Selecting previously unselected package libdatrie-dev:arm64.
#10 19.35 Preparing to unpack .../216-libdatrie-dev_0.2.13-2+b1_arm64.deb ...
#10 19.35 Unpacking libdatrie-dev:arm64 (0.2.13-2+b1) ...
#10 19.36 Selecting previously unselected package libthai-dev:arm64.
#10 19.37 Preparing to unpack .../217-libthai-dev_0.1.29-1_arm64.deb ...
#10 19.37 Unpacking libthai-dev:arm64 (0.1.29-1) ...
#10 19.38 Selecting previously unselected package libxft-dev:arm64.
#10 19.38 Preparing to unpack .../218-libxft-dev_2.3.6-1_arm64.deb ...
#10 19.38 Unpacking libxft-dev:arm64 (2.3.6-1) ...
#10 19.40 Selecting previously unselected package pango1.0-tools.
#10 19.40 Preparing to unpack .../219-pango1.0-tools_1.50.12+ds-1_arm64.deb ...
#10 19.40 Unpacking pango1.0-tools (1.50.12+ds-1) ...
#10 19.41 Selecting previously unselected package libpango1.0-dev:arm64.
#10 19.41 Preparing to unpack .../220-libpango1.0-dev_1.50.12+ds-1_arm64.deb ...
#10 19.41 Unpacking libpango1.0-dev:arm64 (1.50.12+ds-1) ...
#10 19.43 Selecting previously unselected package libwayland-bin.
#10 19.43 Preparing to unpack .../221-libwayland-bin_1.21.0-1_arm64.deb ...
#10 19.43 Unpacking libwayland-bin (1.21.0-1) ...
#10 19.44 Selecting previously unselected package libwayland-dev:arm64.
#10 19.45 Preparing to unpack .../222-libwayland-dev_1.21.0-1_arm64.deb ...
#10 19.45 Unpacking libwayland-dev:arm64 (1.21.0-1) ...
#10 19.46 Selecting previously unselected package libxfixes-dev:arm64.
#10 19.46 Preparing to unpack .../223-libxfixes-dev_1%3a6.0.0-2_arm64.deb ...
#10 19.46 Unpacking libxfixes-dev:arm64 (1:6.0.0-2) ...
#10 19.47 Selecting previously unselected package libxcomposite-dev:arm64.
#10 19.48 Preparing to unpack .../224-libxcomposite-dev_1%3a0.4.5-1_arm64.deb ...
#10 19.48 Unpacking libxcomposite-dev:arm64 (1:0.4.5-1) ...
#10 19.49 Selecting previously unselected package libxcursor-dev:arm64.
#10 19.49 Preparing to unpack .../225-libxcursor-dev_1%3a1.2.1-1_arm64.deb ...
#10 19.49 Unpacking libxcursor-dev:arm64 (1:1.2.1-1) ...
#10 19.51 Selecting previously unselected package libxdamage-dev:arm64.
#10 19.51 Preparing to unpack .../226-libxdamage-dev_1%3a1.1.6-1_arm64.deb ...
#10 19.51 Unpacking libxdamage-dev:arm64 (1:1.1.6-1) ...
#10 19.52 Selecting previously unselected package libxi-dev:arm64.
#10 19.52 Preparing to unpack .../227-libxi-dev_2%3a1.8-1+b1_arm64.deb ...
#10 19.53 Unpacking libxi-dev:arm64 (2:1.8-1+b1) ...
#10 19.55 Selecting previously unselected package libxinerama-dev:arm64.
#10 19.55 Preparing to unpack .../228-libxinerama-dev_2%3a1.1.4-3_arm64.deb ...
#10 19.55 Unpacking libxinerama-dev:arm64 (2:1.1.4-3) ...
#10 19.56 Selecting previously unselected package libxkbcommon-dev:arm64.
#10 19.56 Preparing to unpack .../229-libxkbcommon-dev_1.5.0-1_arm64.deb ...
#10 19.57 Unpacking libxkbcommon-dev:arm64 (1.5.0-1) ...
#10 19.58 Selecting previously unselected package libxrandr-dev:arm64.
#10 19.58 Preparing to unpack .../230-libxrandr-dev_2%3a1.5.2-2+b1_arm64.deb ...
#10 19.58 Unpacking libxrandr-dev:arm64 (2:1.5.2-2+b1) ...
#10 19.60 Selecting previously unselected package libvulkan1:arm64.
#10 19.60 Preparing to unpack .../231-libvulkan1_1.3.239.0-1_arm64.deb ...
#10 19.60 Unpacking libvulkan1:arm64 (1.3.239.0-1) ...
#10 19.61 Selecting previously unselected package libvulkan-dev:arm64.
#10 19.62 Preparing to unpack .../232-libvulkan-dev_1.3.239.0-1_arm64.deb ...
#10 19.62 Unpacking libvulkan-dev:arm64 (1.3.239.0-1) ...
#10 19.68 Selecting previously unselected package wayland-protocols.
#10 19.68 Preparing to unpack .../233-wayland-protocols_1.31-1_all.deb ...
#10 19.68 Unpacking wayland-protocols (1.31-1) ...
#10 19.71 Selecting previously unselected package libgtk-4-dev:arm64.
#10 19.71 Preparing to unpack .../234-libgtk-4-dev_4.8.3+ds-2+deb12u1_arm64.deb ...
#10 19.71 Unpacking libgtk-4-dev:arm64 (4.8.3+ds-2+deb12u1) ...
#10 19.80 Selecting previously unselected package libadwaita-1-dev:arm64.
#10 19.81 Preparing to unpack .../235-libadwaita-1-dev_1.2.2-1_arm64.deb ...
#10 19.81 Unpacking libadwaita-1-dev:arm64 (1.2.2-1) ...
#10 19.84 Selecting previously unselected package libatk1.0-dev:arm64.
#10 19.84 Preparing to unpack .../236-libatk1.0-dev_2.46.0-5_arm64.deb ...
#10 19.84 Unpacking libatk1.0-dev:arm64 (2.46.0-5) ...
#10 19.86 Selecting previously unselected package xml-core.
#10 19.86 Preparing to unpack .../237-xml-core_0.18+nmu1_all.deb ...
#10 19.86 Unpacking xml-core (0.18+nmu1) ...
#10 19.88 Selecting previously unselected package libdbus-1-dev:arm64.
#10 19.88 Preparing to unpack .../238-libdbus-1-dev_1.14.10-1~deb12u1_arm64.deb ...
#10 19.88 Unpacking libdbus-1-dev:arm64 (1.14.10-1~deb12u1) ...
#10 19.90 Selecting previously unselected package libxtst6:arm64.
#10 19.90 Preparing to unpack .../239-libxtst6_2%3a1.2.3-1.1_arm64.deb ...
#10 19.90 Unpacking libxtst6:arm64 (2:1.2.3-1.1) ...
#10 19.92 Selecting previously unselected package libxtst-dev:arm64.
#10 19.92 Preparing to unpack .../240-libxtst-dev_2%3a1.2.3-1.1_arm64.deb ...
#10 19.92 Unpacking libxtst-dev:arm64 (2:1.2.3-1.1) ...
#10 19.93 Selecting previously unselected package libatspi2.0-dev:arm64.
#10 19.93 Preparing to unpack .../241-libatspi2.0-dev_2.46.0-5_arm64.deb ...
#10 19.93 Unpacking libatspi2.0-dev:arm64 (2.46.0-5) ...
#10 19.95 Selecting previously unselected package libatk-bridge2.0-dev:arm64.
#10 19.95 Preparing to unpack .../242-libatk-bridge2.0-dev_2.46.0-5_arm64.deb ...
#10 19.96 Unpacking libatk-bridge2.0-dev:arm64 (2.46.0-5) ...
#10 19.97 Selecting previously unselected package libgtk-3-dev:arm64.
#10 19.97 Preparing to unpack .../243-libgtk-3-dev_3.24.38-2~deb12u3_arm64.deb ...
#10 19.97 Unpacking libgtk-3-dev:arm64 (3.24.38-2~deb12u3) ...
#10 20.03 Selecting previously unselected package libayatana-ido3-dev.
#10 20.03 Preparing to unpack .../244-libayatana-ido3-dev_0.9.3-1_arm64.deb ...
#10 20.03 Unpacking libayatana-ido3-dev (0.9.3-1) ...
#10 20.04 Selecting previously unselected package libayatana-indicator3-dev.
#10 20.05 Preparing to unpack .../245-libayatana-indicator3-dev_0.9.3-1_arm64.deb ...
#10 20.05 Unpacking libayatana-indicator3-dev (0.9.3-1) ...
#10 20.06 Selecting previously unselected package libxml2-utils.
#10 20.06 Preparing to unpack .../246-libxml2-utils_2.9.14+dfsg-1.3~deb12u6_arm64.deb ...
#10 20.06 Unpacking libxml2-utils (2.9.14+dfsg-1.3~deb12u6) ...
#10 20.08 Selecting previously unselected package libgtk2.0-dev:arm64.
#10 20.08 Preparing to unpack .../247-libgtk2.0-dev_2.24.33-2+deb12u1_arm64.deb ...
#10 20.08 Unpacking libgtk2.0-dev:arm64 (2.24.33-2+deb12u1) ...
#10 20.13 Selecting previously unselected package libdbusmenu-glib-dev:arm64.
#10 20.13 Preparing to unpack .../248-libdbusmenu-glib-dev_18.10.20180917~bzr492+repack1-3_arm64.deb ...
#10 20.13 Unpacking libdbusmenu-glib-dev:arm64 (18.10.20180917~bzr492+repack1-3) ...
#10 20.15 Selecting previously unselected package libayatana-appindicator3-dev.
#10 20.15 Preparing to unpack .../249-libayatana-appindicator3-dev_0.5.92-1_arm64.deb ...
#10 20.15 Unpacking libayatana-appindicator3-dev (0.5.92-1) ...
#10 20.16 Selecting previously unselected package libgc1:arm64.
#10 20.16 Preparing to unpack .../250-libgc1_1%3a8.2.2-3_arm64.deb ...
#10 20.16 Unpacking libgc1:arm64 (1:8.2.2-3) ...
#10 20.18 Selecting previously unselected package libobjc4:arm64.
#10 20.18 Preparing to unpack .../251-libobjc4_12.2.0-14+deb12u1_arm64.deb ...
#10 20.19 Unpacking libobjc4:arm64 (12.2.0-14+deb12u1) ...
#10 20.20 Selecting previously unselected package libobjc-12-dev:arm64.
#10 20.20 Preparing to unpack .../252-libobjc-12-dev_12.2.0-14+deb12u1_arm64.deb ...
#10 20.20 Unpacking libobjc-12-dev:arm64 (12.2.0-14+deb12u1) ...
#10 20.22 Selecting previously unselected package libllvm14:arm64.
#10 20.22 Preparing to unpack .../253-libllvm14_1%3a14.0.6-12_arm64.deb ...
#10 20.22 Unpacking libllvm14:arm64 (1:14.0.6-12) ...
#10 20.70 Selecting previously unselected package libclang1-14.
#10 20.70 Preparing to unpack .../254-libclang1-14_1%3a14.0.6-12_arm64.deb ...
#10 20.71 Unpacking libclang1-14 (1:14.0.6-12) ...
#10 20.94 Selecting previously unselected package libclang-common-14-dev.
#10 20.94 Preparing to unpack .../255-libclang-common-14-dev_1%3a14.0.6-12_all.deb ...
#10 20.95 Unpacking libclang-common-14-dev (1:14.0.6-12) ...
#10 21.01 Selecting previously unselected package libclang-14-dev.
#10 21.01 Preparing to unpack .../256-libclang-14-dev_1%3a14.0.6-12_arm64.deb ...
#10 21.01 Unpacking libclang-14-dev (1:14.0.6-12) ...
#10 21.94 Selecting previously unselected package libclang-dev.
#10 21.95 Preparing to unpack .../257-libclang-dev_1%3a14.0-55.7~deb12u1_arm64.deb ...
#10 21.95 Unpacking libclang-dev (1:14.0-55.7~deb12u1) ...
#10 21.97 Selecting previously unselected package libgif7:arm64.
#10 21.98 Preparing to unpack .../258-libgif7_5.2.1-2.5+deb12u1_arm64.deb ...
#10 21.98 Unpacking libgif7:arm64 (5.2.1-2.5+deb12u1) ...
#10 21.99 Selecting previously unselected package libgs-common.
#10 21.99 Preparing to unpack .../259-libgs-common_10.0.0~dfsg-11+deb12u8_all.deb ...
#10 21.99 Unpacking libgs-common (10.0.0~dfsg-11+deb12u8) ...
#10 22.01 Selecting previously unselected package libgs10-common.
#10 22.01 Preparing to unpack .../260-libgs10-common_10.0.0~dfsg-11+deb12u8_all.deb ...
#10 22.01 Unpacking libgs10-common (10.0.0~dfsg-11+deb12u8) ...
#10 22.06 Selecting previously unselected package libidn12:arm64.
#10 22.06 Preparing to unpack .../261-libidn12_1.41-1_arm64.deb ...
#10 22.06 Unpacking libidn12:arm64 (1.41-1) ...
#10 22.08 Selecting previously unselected package libijs-0.35:arm64.
#10 22.08 Preparing to unpack .../262-libijs-0.35_0.35-15_arm64.deb ...
#10 22.08 Unpacking libijs-0.35:arm64 (0.35-15) ...
#10 22.09 Selecting previously unselected package libjbig2dec0:arm64.
#10 22.09 Preparing to unpack .../263-libjbig2dec0_0.19-3+deb12u1_arm64.deb ...
#10 22.09 Unpacking libjbig2dec0:arm64 (0.19-3+deb12u1) ...
#10 22.11 Selecting previously unselected package libpaper1:arm64.
#10 22.11 Preparing to unpack .../264-libpaper1_1.1.29_arm64.deb ...
#10 22.11 Unpacking libpaper1:arm64 (1.1.29) ...
#10 22.12 Selecting previously unselected package libgs10:arm64.
#10 22.13 Preparing to unpack .../265-libgs10_10.0.0~dfsg-11+deb12u8_arm64.deb ...
#10 22.13 Unpacking libgs10:arm64 (10.0.0~dfsg-11+deb12u8) ...
#10 22.26 Selecting previously unselected package libhwy1:arm64.
#10 22.26 Preparing to unpack .../266-libhwy1_1.0.3-3+deb12u1_arm64.deb ...
#10 22.26 Unpacking libhwy1:arm64 (1.0.3-3+deb12u1) ...
#10 22.29 Selecting previously unselected package libid3tag0:arm64.
#10 22.29 Preparing to unpack .../267-libid3tag0_0.15.1b-14_arm64.deb ...
#10 22.29 Unpacking libid3tag0:arm64 (0.15.1b-14) ...
#10 22.30 Selecting previously unselected package libimagequant0:arm64.
#10 22.31 Preparing to unpack .../268-libimagequant0_2.17.0-1_arm64.deb ...
#10 22.31 Unpacking libimagequant0:arm64 (2.17.0-1) ...
#10 22.32 Selecting previously unselected package libjxl0.7:arm64.
#10 22.32 Preparing to unpack .../269-libjxl0.7_0.7.0-10+deb12u1_arm64.deb ...
#10 22.32 Unpacking libjxl0.7:arm64 (0.7.0-10+deb12u1) ...
#10 22.36 Selecting previously unselected package libspectre1:arm64.
#10 22.36 Preparing to unpack .../270-libspectre1_0.2.12-1_arm64.deb ...
#10 22.37 Unpacking libspectre1:arm64 (0.2.12-1) ...
#10 22.38 Selecting previously unselected package libimlib2:arm64.
#10 22.38 Preparing to unpack .../271-libimlib2_1.10.0-4+deb12u1_arm64.deb ...
#10 22.38 Unpacking libimlib2:arm64 (1.10.0-4+deb12u1) ...
#10 22.41 Selecting previously unselected package libjavascriptcoregtk-4.1-dev:arm64.
#10 22.41 Preparing to unpack .../272-libjavascriptcoregtk-4.1-dev_2.50.6-1~deb12u2_arm64.deb ...
#10 22.41 Unpacking libjavascriptcoregtk-4.1-dev:arm64 (2.50.6-1~deb12u2) ...
#10 22.42 Selecting previously unselected package libjson-glib-dev:arm64.
#10 22.42 Preparing to unpack .../273-libjson-glib-dev_1.6.6-1_arm64.deb ...
#10 22.43 Unpacking libjson-glib-dev:arm64 (1.6.6-1) ...
#10 22.44 Selecting previously unselected package libnghttp2-dev:arm64.
#10 22.44 Preparing to unpack .../274-libnghttp2-dev_1.52.0-1+deb12u3_arm64.deb ...
#10 22.44 Unpacking libnghttp2-dev:arm64 (1.52.0-1+deb12u3) ...
#10 22.46 Selecting previously unselected package libobt2v5.
#10 22.46 Preparing to unpack .../275-libobt2v5_3.6.1-10_arm64.deb ...
#10 22.46 Unpacking libobt2v5 (3.6.1-10) ...
#10 22.48 Selecting previously unselected package libobrender32v5.
#10 22.48 Preparing to unpack .../276-libobrender32v5_3.6.1-10_arm64.deb ...
#10 22.48 Unpacking libobrender32v5 (3.6.1-10) ...
#10 22.49 Selecting previously unselected package libwebrtc-audio-processing1:arm64.
#10 22.49 Preparing to unpack .../277-libwebrtc-audio-processing1_0.3-1+b1_arm64.deb ...
#10 22.49 Unpacking libwebrtc-audio-processing1:arm64 (0.3-1+b1) ...
#10 22.51 Selecting previously unselected package libspa-0.2-modules:arm64.
#10 22.52 Preparing to unpack .../278-libspa-0.2-modules_0.3.65-3+deb12u1_arm64.deb ...
#10 22.52 Unpacking libspa-0.2-modules:arm64 (0.3.65-3+deb12u1) ...
#10 22.55 Selecting previously unselected package libpipewire-0.3-0:arm64.
#10 22.55 Preparing to unpack .../279-libpipewire-0.3-0_0.3.65-3+deb12u1_arm64.deb ...
#10 22.55 Unpacking libpipewire-0.3-0:arm64 (0.3.65-3+deb12u1) ...
#10 22.57 Selecting previously unselected package libspa-0.2-dev:arm64.
#10 22.57 Preparing to unpack .../280-libspa-0.2-dev_0.3.65-3+deb12u1_arm64.deb ...
#10 22.57 Unpacking libspa-0.2-dev:arm64 (0.3.65-3+deb12u1) ...
#10 22.59 Selecting previously unselected package libpipewire-0.3-dev:arm64.
#10 22.59 Preparing to unpack .../281-libpipewire-0.3-dev_0.3.65-3+deb12u1_arm64.deb ...
#10 22.59 Unpacking libpipewire-0.3-dev:arm64 (0.3.65-3+deb12u1) ...
#10 22.60 Selecting previously unselected package libpolkit-gobject-1-dev.
#10 22.61 Preparing to unpack .../282-libpolkit-gobject-1-dev_122-3_arm64.deb ...
#10 22.61 Unpacking libpolkit-gobject-1-dev (122-3) ...
#10 22.62 Selecting previously unselected package libpsl-dev:arm64.
#10 22.62 Preparing to unpack .../283-libpsl-dev_0.21.2-1_arm64.deb ...
#10 22.62 Unpacking libpsl-dev:arm64 (0.21.2-1) ...
#10 22.64 Selecting previously unselected package libraqm0:arm64.
#10 22.64 Preparing to unpack .../284-libraqm0_0.7.0-4.1_arm64.deb ...
#10 22.64 Unpacking libraqm0:arm64 (0.7.0-4.1) ...
#10 22.65 Selecting previously unselected package libsysprof-4:arm64.
#10 22.66 Preparing to unpack .../285-libsysprof-4_3.46.0-4_arm64.deb ...
#10 22.66 Unpacking libsysprof-4:arm64 (3.46.0-4) ...
#10 22.68 Selecting previously unselected package libsysprof-ui-5:arm64.
#10 22.68 Preparing to unpack .../286-libsysprof-ui-5_3.46.0-4_arm64.deb ...
#10 22.68 Unpacking libsysprof-ui-5:arm64 (3.46.0-4) ...
#10 22.70 Selecting previously unselected package libsysprof-4-dev:arm64.
#10 22.70 Preparing to unpack .../287-libsysprof-4-dev_3.46.0-4_arm64.deb ...
#10 22.70 Unpacking libsysprof-4-dev:arm64 (3.46.0-4) ...
#10 22.72 Selecting previously unselected package libsoup-3.0-dev:arm64.
#10 22.72 Preparing to unpack .../288-libsoup-3.0-dev_3.2.3-0+deb12u2_arm64.deb ...
#10 22.72 Unpacking libsoup-3.0-dev:arm64 (3.2.3-0+deb12u2) ...
#10 22.74 Selecting previously unselected package libxcb-util1:arm64.
#10 22.74 Preparing to unpack .../289-libxcb-util1_0.4.0-1+b1_arm64.deb ...
#10 22.74 Unpacking libxcb-util1:arm64 (0.4.0-1+b1) ...
#10 22.75 Selecting previously unselected package libstartup-notification0:arm64.
#10 22.76 Preparing to unpack .../290-libstartup-notification0_0.12-6+b1_arm64.deb ...
#10 22.76 Unpacking libstartup-notification0:arm64 (0.12-6+b1) ...
#10 22.77 Selecting previously unselected package libutempter0:arm64.
#10 22.77 Preparing to unpack .../291-libutempter0_1.2.1-3_arm64.deb ...
#10 22.77 Unpacking libutempter0:arm64 (1.2.1-3) ...
#10 22.78 Selecting previously unselected package libwebkit2gtk-4.1-dev.
#10 22.79 Preparing to unpack .../292-libwebkit2gtk-4.1-dev_2.50.6-1~deb12u2_arm64.deb ...
#10 22.79 Unpacking libwebkit2gtk-4.1-dev (2.50.6-1~deb12u2) ...
#10 22.82 Selecting previously unselected package libxmu6:arm64.
#10 22.82 Preparing to unpack .../293-libxmu6_2%3a1.1.3-3_arm64.deb ...
#10 22.82 Unpacking libxmu6:arm64 (2:1.1.3-3) ...
#10 22.83 Selecting previously unselected package libxpm4:arm64.
#10 22.84 Preparing to unpack .../294-libxpm4_1%3a3.5.12-1.1+deb12u1_arm64.deb ...
#10 22.84 Unpacking libxpm4:arm64 (1:3.5.12-1.1+deb12u1) ...
#10 22.85 Selecting previously unselected package libxaw7:arm64.
#10 22.85 Preparing to unpack .../295-libxaw7_2%3a1.0.14-1_arm64.deb ...
#10 22.85 Unpacking libxaw7:arm64 (2:1.0.14-1) ...
#10 22.87 Selecting previously unselected package libxcb-shape0:arm64.
#10 22.88 Preparing to unpack .../296-libxcb-shape0_1.15-1_arm64.deb ...
#10 22.88 Unpacking libxcb-shape0:arm64 (1.15-1) ...
#10 22.89 Selecting previously unselected package libxdo3:arm64.
#10 22.89 Preparing to unpack .../297-libxdo3_1%3a3.20160805.1-5_arm64.deb ...
#10 22.90 Unpacking libxdo3:arm64 (1:3.20160805.1-5) ...
#10 22.91 Selecting previously unselected package libxdo-dev.
#10 22.91 Preparing to unpack .../298-libxdo-dev_1%3a3.20160805.1-5_arm64.deb ...
#10 22.91 Unpacking libxdo-dev (1:3.20160805.1-5) ...
#10 22.93 Selecting previously unselected package libxfont2:arm64.
#10 22.93 Preparing to unpack .../299-libxfont2_1%3a2.0.6-1+deb12u1_arm64.deb ...
#10 22.93 Unpacking libxfont2:arm64 (1:2.0.6-1+deb12u1) ...
#10 22.95 Selecting previously unselected package libxkbfile1:arm64.
#10 22.95 Preparing to unpack .../300-libxkbfile1_1%3a1.1.0-1_arm64.deb ...
#10 22.95 Unpacking libxkbfile1:arm64 (1:1.1.0-1) ...
#10 22.97 Selecting previously unselected package libxmuu1:arm64.
#10 22.97 Preparing to unpack .../301-libxmuu1_2%3a1.1.3-3_arm64.deb ...
#10 22.97 Unpacking libxmuu1:arm64 (2:1.1.3-3) ...
#10 22.98 Selecting previously unselected package libxv1:arm64.
#10 22.98 Preparing to unpack .../302-libxv1_2%3a1.0.11-1.1_arm64.deb ...
#10 22.98 Unpacking libxv1:arm64 (2:1.0.11-1.1) ...
#10 23.00 Selecting previously unselected package libxxf86dga1:arm64.
#10 23.00 Preparing to unpack .../303-libxxf86dga1_2%3a1.1.5-1_arm64.deb ...
#10 23.00 Unpacking libxxf86dga1:arm64 (2:1.1.5-1) ...
#10 23.01 Selecting previously unselected package openbox.
#10 23.01 Preparing to unpack .../304-openbox_3.6.1-10_arm64.deb ...
#10 23.02 Unpacking openbox (3.6.1-10) ...
#10 23.06 Selecting previously unselected package python3-gi.
#10 23.06 Preparing to unpack .../305-python3-gi_3.42.2-3+b1_arm64.deb ...
#10 23.06 Unpacking python3-gi (3.42.2-3+b1) ...
#10 23.09 Selecting previously unselected package python3-pil:arm64.
#10 23.09 Preparing to unpack .../306-python3-pil_9.4.0-1.1+deb12u1_arm64.deb ...
#10 23.09 Unpacking python3-pil:arm64 (9.4.0-1.1+deb12u1) ...
#10 23.12 Selecting previously unselected package scrot.
#10 23.12 Preparing to unpack .../307-scrot_1.8.1-1_arm64.deb ...
#10 23.12 Unpacking scrot (1.8.1-1) ...
#10 23.14 Selecting previously unselected package wmctrl.
#10 23.14 Preparing to unpack .../308-wmctrl_1.07-7+b1_arm64.deb ...
#10 23.14 Unpacking wmctrl (1.07-7+b1) ...
#10 23.15 Selecting previously unselected package x11-utils.
#10 23.15 Preparing to unpack .../309-x11-utils_7.7+5_arm64.deb ...
#10 23.15 Unpacking x11-utils (7.7+5) ...
#10 23.17 Selecting previously unselected package x11-xkb-utils.
#10 23.17 Preparing to unpack .../310-x11-xkb-utils_7.7+7_arm64.deb ...
#10 23.17 Unpacking x11-xkb-utils (7.7+7) ...
#10 23.19 Selecting previously unselected package x11-xserver-utils.
#10 23.20 Preparing to unpack .../311-x11-xserver-utils_7.7+9+b1_arm64.deb ...
#10 23.20 Unpacking x11-xserver-utils (7.7+9+b1) ...
#10 23.22 Selecting previously unselected package xauth.
#10 23.22 Preparing to unpack .../312-xauth_1%3a1.1.2-1_arm64.deb ...
#10 23.22 Unpacking xauth (1:1.1.2-1) ...
#10 23.23 Selecting previously unselected package xbitmaps.
#10 23.23 Preparing to unpack .../313-xbitmaps_1.1.1-2.2_all.deb ...
#10 23.23 Unpacking xbitmaps (1.1.1-2.2) ...
#10 23.25 Selecting previously unselected package xclip.
#10 23.25 Preparing to unpack .../314-xclip_0.13-2_arm64.deb ...
#10 23.25 Unpacking xclip (0.13-2) ...
#10 23.26 Selecting previously unselected package xcompmgr.
#10 23.26 Preparing to unpack .../315-xcompmgr_1.1.8-1_arm64.deb ...
#10 23.26 Unpacking xcompmgr (1.1.8-1) ...
#10 23.27 Selecting previously unselected package xdotool.
#10 23.28 Preparing to unpack .../316-xdotool_1%3a3.20160805.1-5_arm64.deb ...
#10 23.28 Unpacking xdotool (1:3.20160805.1-5) ...
#10 23.29 Selecting previously unselected package xserver-common.
#10 23.29 Preparing to unpack .../317-xserver-common_2%3a21.1.7-3+deb12u13_all.deb ...
#10 23.29 Unpacking xserver-common (2:21.1.7-3+deb12u13) ...
#10 23.31 Selecting previously unselected package xterm.
#10 23.32 Preparing to unpack .../318-xterm_379-1_arm64.deb ...
#10 23.32 Unpacking xterm (379-1) ...
#10 23.35 Selecting previously unselected package xvfb.
#10 23.35 Preparing to unpack .../319-xvfb_2%3a21.1.7-3+deb12u13_arm64.deb ...
#10 23.36 Unpacking xvfb (2:21.1.7-3+deb12u13) ...
#10 23.41 Setting up python3-pkg-resources (66.1.1-1+deb12u2) ...
#10 23.51 Setting up bubblewrap (0.8.0-2+deb12u1) ...
#10 23.51 Setting up libtext-iconv-perl:arm64 (1.7-8) ...
#10 23.51 Setting up libgraphite2-3:arm64 (1.3.14-1+deb12u1) ...
#10 23.52 Setting up libxcb-dri3-0:arm64 (1.15-1) ...
#10 23.52 Setting up libcdparanoia0:arm64 (3.10.2+debian-14) ...
#10 23.52 Setting up libwayland-server0:arm64 (1.21.0-1) ...
#10 23.53 Setting up libpaper1:arm64 (1.1.29) ...
#10 23.55 debconf: unable to initialize frontend: Dialog
#10 23.55 debconf: (TERM is not set, so the dialog frontend is not usable.)
#10 23.55 debconf: falling back to frontend: Readline
#10 23.56 debconf: unable to initialize frontend: Readline
#10 23.56 debconf: (This frontend requires a controlling tty.)
#10 23.56 debconf: falling back to frontend: Teletype
#10 23.58 
#10 23.58 Creating config file /etc/papersize with new version
#10 23.59 Setting up gtk-update-icon-cache (3.24.38-2~deb12u3) ...
#10 23.59 Setting up libx11-xcb1:arm64 (2:1.8.4-2+deb12u2) ...
#10 23.60 Setting up libabsl20220623:arm64 (20220623.1-1+deb12u2) ...
#10 23.60 Setting up libdw1:arm64 (0.188-2.1) ...
#10 23.60 Setting up imagemagick-6-common (8:6.9.11.60+dfsg-1.6+deb12u13) ...
#10 23.61 Installing new version of config file /etc/ImageMagick-6/policy.xml ...
#10 23.62 Setting up libraw1394-11:arm64 (2.1.2-2) ...
#10 23.63 Setting up libxft2:arm64 (2.3.6-1) ...
#10 23.63 Setting up libapparmor1:arm64 (3.0.8-3) ...
#10 23.63 Setting up libproxy1v5:arm64 (0.4.18-1.2) ...
#10 23.64 Setting up libxmu6:arm64 (2:1.1.3-3) ...
#10 23.64 Setting up libtag1v5-vanilla:arm64 (1.13-2+deb12u1) ...
#10 23.64 Setting up libharfbuzz-icu0:arm64 (6.0.0+dfsg-3) ...
#10 23.65 Setting up libgpm2:arm64 (1.20.7-10+b1) ...
#10 23.65 Setting up libxdamage1:arm64 (1:1.1.6-1) ...
#10 23.66 Setting up libmpg123-0:arm64 (1.31.2-1+deb12u1) ...
#10 23.66 Setting up libxcb-xfixes0:arm64 (1.15-1) ...
#10 23.66 Setting up libogg0:arm64 (1.3.5-3) ...
#10 23.67 Setting up libspeex1:arm64 (1.2.1-2) ...
#10 23.67 Setting up libxpm4:arm64 (1:3.5.12-1.1+deb12u1) ...
#10 23.67 Setting up libpangoxft-1.0-0:arm64 (1.50.12+ds-1) ...
#10 23.68 Setting up libglvnd-core-dev:arm64 (1.6.0-1) ...
#10 23.68 Setting up libxi6:arm64 (2:1.8-1+b1) ...
#10 23.68 Setting up libtwolame0:arm64 (0.4.0-2) ...
#10 23.69 Setting up libwoff1:arm64 (1.0.2-2) ...
#10 23.69 Setting up libhyphen0:arm64 (2.8.8-7) ...
#10 23.69 Setting up libvisual-0.4-0:arm64 (0.4.0-19) ...
#10 23.70 Setting up libaspell15:arm64 (0.60.8-4+b1) ...
#10 23.70 Setting up libglvnd0:arm64 (1.6.0-1) ...
#10 23.70 Setting up libxtst6:arm64 (2:1.2.3-1.1) ...
#10 23.71 Setting up libijs-0.35:arm64 (0.35-15) ...
#10 23.71 Setting up libfribidi-dev:arm64 (1.0.8-2.1) ...
#10 23.71 Setting up libxcb-glx0:arm64 (1.15-1) ...
#10 23.72 Setting up libdbusmenu-glib4:arm64 (18.10.20180917~bzr492+repack1-3) ...
#10 23.72 Setting up libgs-common (10.0.0~dfsg-11+deb12u8) ...
#10 23.72 Setting up pango1.0-tools (1.50.12+ds-1) ...
#10 23.73 Setting up libxcb-shape0:arm64 (1.15-1) ...
#10 23.73 Setting up libssl3:arm64 (3.0.22-1~deb12u1) ...
#10 23.73 Setting up libsensors-config (1:3.6.0-7.1) ...
#10 23.74 Setting up libnghttp2-14:arm64 (1.52.0-1+deb12u3) ...
#10 23.74 Setting up libxxf86dga1:arm64 (2:1.1.5-1) ...
#10 23.75 Setting up libcloudproviders0:arm64 (0.3.1-2) ...
#10 23.75 Setting up libwebrtc-audio-processing1:arm64 (0.3-1+b1) ...
#10 23.75 Setting up xkb-data (2.35.1-1) ...
#10 23.76 Setting up libhwy1:arm64 (1.0.3-3+deb12u1) ...
#10 23.76 Setting up libharfbuzz-gobject0:arm64 (6.0.0+dfsg-3) ...
#10 23.76 Setting up libxaw7:arm64 (2:1.0.14-1) ...
#10 23.77 Setting up libsvtav1enc1:arm64 (1.4.1+dfsg-1) ...
#10 23.77 Setting up libsoup-3.0-common (3.2.3-0+deb12u2) ...
#10 23.78 Setting up libunwind8:arm64 (1.6.2-3) ...
#10 23.78 Setting up python3-markupsafe (2.1.2-1+b1) ...
#10 23.83 Setting up wmctrl (1.07-7+b1) ...
#10 23.83 Setting up gir1.2-harfbuzz-0.0:arm64 (6.0.0+dfsg-3) ...
#10 23.84 Setting up librav1e0:arm64 (0.5.1-6) ...
#10 23.84 Setting up libcolord2:arm64 (1.4.6-2.2) ...
#10 23.84 Setting up libopengl0:arm64 (1.6.0-1) ...
#10 23.85 Setting up libxcb-util1:arm64 (0.4.0-1+b1) ...
#10 23.85 Setting up libpsl-dev:arm64 (0.21.2-1) ...
#10 23.85 Setting up libxxf86vm1:arm64 (1:1.1.4-1+b2) ...
#10 23.86 Setting up poppler-data (0.4.12-1) ...
#10 23.87 Setting up libcap2-bin (1:2.66-4+deb12u3+b1) ...
#10 23.87 Setting up libxcb-present0:arm64 (1.15-1) ...
#10 23.87 Setting up libdconf1:arm64 (0.40.0-4) ...
#10 23.88 Setting up libasound2-data (1.2.8-1) ...
#10 23.88 Setting up libid3tag0:arm64 (0.15.1b-14) ...
#10 23.88 Setting up libgraphite2-dev:arm64 (1.3.14-1+deb12u1) ...
#10 23.89 Setting up libfontenc1:arm64 (1:1.1.4-1) ...
#10 23.89 Setting up gir1.2-pango-1.0:arm64 (1.50.12+ds-1) ...
#10 23.89 Setting up libz3-4:arm64 (4.8.12-3.1) ...
#10 23.89 Setting up libjavascriptcoregtk-4.1-0:arm64 (2.50.6-1~deb12u2) ...
#10 23.90 Setting up libflac12:arm64 (1.4.2+ds-2) ...
#10 23.91 Setting up libgles2:arm64 (1.6.0-1) ...
#10 23.91 Setting up emacsen-common (3.0.5) ...
#10 23.92 Setting up libslang2:arm64 (2.3.3-3) ...
#10 23.93 Setting up adwaita-icon-theme (43-1) ...
#10 23.95 update-alternatives: using /usr/share/icons/Adwaita/cursor.theme to provide /usr/share/icons/default/index.theme (x-cursor-theme) in auto mode
#10 23.95 Setting up libepoxy0:arm64 (1.5.10-1) ...
#10 23.95 Setting up libxfixes3:arm64 (1:6.0.0-2) ...
#10 23.96 Setting up libxcb-sync1:arm64 (1.15-1) ...
#10 23.96 Setting up libjbig2dec0:arm64 (0.19-3+deb12u1) ...
#10 23.96 Setting up libavahi-common-data:arm64 (0.8-10+deb12u1) ...
#10 23.97 Setting up libgles1:arm64 (1.6.0-1) ...
#10 23.97 Setting up libraqm0:arm64 (0.7.0-4.1) ...
#10 23.97 Setting up libdbus-1-3:arm64 (1.14.10-1~deb12u1) ...
#10 23.98 Setting up xfonts-encodings (1:1.0.4-2.2) ...
#10 23.98 Setting up python3-gi (3.42.2-3+b1) ...
#10 24.05 Setting up libopus0:arm64 (1.3.1-3) ...
#10 24.05 Setting up libxinerama1:arm64 (2:1.1.4-3) ...
#10 24.05 Setting up libimagequant0:arm64 (2.17.0-1) ...
#10 24.06 Setting up libxv1:arm64 (2:1.0.11-1.1) ...
#10 24.06 Setting up libssl-dev:arm64 (3.0.22-1~deb12u1) ...
#10 24.06 Setting up libvorbis0a:arm64 (1.3.7-1) ...
#10 24.07 Setting up libidn12:arm64 (1.41-1) ...
#10 24.07 Setting up python3-markdown (3.4.1-2+deb12u1) ...
#10 24.13 Setting up xclip (0.13-2) ...
#10 24.13 Setting up libxrandr2:arm64 (2:1.5.2-2+b1) ...
#10 24.13 Setting up liborc-0.4-0:arm64 (1:0.4.33-2) ...
#10 24.14 Setting up libgav1-1:arm64 (0.18.0-1+b1) ...
#10 24.14 Setting up libxinerama-dev:arm64 (2:1.1.4-3) ...
#10 24.15 Setting up libsensors5:arm64 (1:3.6.0-7.1) ...
#10 24.15 Setting up libjxl0.7:arm64 (0.7.0-10+deb12u1) ...
#10 24.15 Setting up libgc1:arm64 (1:8.2.2-3) ...
#10 24.16 Setting up libglapi-mesa:arm64 (22.3.6-1+deb12u2) ...
#10 24.16 Setting up libvulkan1:arm64 (1.3.239.0-1) ...
#10 24.16 Setting up libsoup2.4-common (2.74.3-1+deb12u1) ...
#10 24.17 Setting up libutempter0:arm64 (1.2.1-3) ...
#10 24.17 Setting up libxcb-dri2-0:arm64 (1.15-1) ...
#10 24.17 Setting up libgif7:arm64 (5.2.1-2.5+deb12u1) ...
#10 24.18 Setting up xdg-dbus-proxy (0.1.4-3+deb12u1) ...
#10 24.18 Setting up wayland-protocols (1.31-1) ...
#10 24.18 Setting up libtag1v5:arm64 (1.13-2+deb12u1) ...
#10 24.19 Setting up libdatrie-dev:arm64 (0.2.13-2+b1) ...
#10 24.19 Setting up libdv4:arm64 (1.0.0-15) ...
#10 24.19 Setting up libasyncns0:arm64 (0.8-6+b3) ...
#10 24.20 Setting up libxshmfence1:arm64 (1.3-1) ...
#10 24.20 Setting up at-spi2-common (2.46.0-5) ...
#10 24.20 Setting up libwavpack1:arm64 (5.6.0-1) ...
#10 24.20 Setting up libxcb-randr0:arm64 (1.15-1) ...
#10 24.21 Setting up dbus-session-bus-common (1.14.10-1~deb12u1) ...
#10 24.21 Setting up libtheora0:arm64 (1.1.1+dfsg.1-16.1+deb12u1) ...
#10 24.22 Setting up libasound2:arm64 (1.2.8-1+b1) ...
#10 24.22 Setting up libv4lconvert0:arm64 (1.22.1-5+b2) ...
#10 24.22 Setting up libharfbuzz-subset0:arm64 (6.0.0+dfsg-3) ...
#10 24.22 Setting up build-essential (12.9) ...
#10 24.23 Setting up libjson-glib-1.0-common (1.6.6-1) ...
#10 24.23 Setting up libvpx7:arm64 (1.12.0-1+deb12u5) ...
#10 24.24 Setting up sgml-base (1.31) ...
#10 24.25 Setting up libgtk2.0-common (2.24.33-2+deb12u1) ...
#10 24.25 Setting up libatk1.0-0:arm64 (2.46.0-5) ...
#10 24.25 Setting up libwayland-egl1:arm64 (1.21.0-1) ...
#10 24.26 Setting up libmagickcore-6-headers (8:6.9.11.60+dfsg-1.6+deb12u13) ...
#10 24.26 Setting up libxkbfile1:arm64 (1:1.1.0-1) ...
#10 24.26 Setting up libopengl-dev:arm64 (1.6.0-1) ...
#10 24.27 Setting up libhunspell-1.7-0:arm64 (1.7.1-1) ...
#10 24.27 Setting up glib-networking-common (2.74.0-4) ...
#10 24.27 Setting up libspa-0.2-dev:arm64 (0.3.65-3+deb12u1) ...
#10 24.28 Setting up libsamplerate0:arm64 (0.2.2-3) ...
#10 24.28 Setting up openssl (3.0.22-1~deb12u1) ...
#10 24.28 Setting up libdrm-common (2.4.114-1) ...
#10 24.29 Setting up libyuv0:arm64 (0.0~git20230123.b2528b0-1) ...
#10 24.29 Setting up mailcap (3.70+nmu1) ...
#10 24.30 Setting up libxcomposite1:arm64 (1:0.4.5-1) ...
#10 24.31 Setting up libxfont2:arm64 (1:2.0.6-1+deb12u1) ...
#10 24.31 Setting up libevdev2:arm64 (1.13.0+dfsg-1) ...
#10 24.31 Setting up libxml2:arm64 (2.9.14+dfsg-1.3~deb12u6) ...
#10 24.31 Setting up iso-codes (4.15.0-1) ...
#10 24.32 Setting up libxmuu1:arm64 (2:1.1.3-3) ...
#10 24.32 Setting up dbus-bin (1.14.10-1~deb12u1) ...
#10 24.32 Setting up libgudev-1.0-0:arm64 (237-2) ...
#10 24.33 Setting up libpolkit-gobject-1-0:arm64 (122-3) ...
#10 24.33 Setting up xbitmaps (1.1.1-2.2) ...
#10 24.33 Setting up libsecret-common (0.20.5-3) ...
#10 24.34 Setting up libgstreamer1.0-0:arm64 (1.22.0-2+deb12u1) ...
#10 24.34 Setcap worked! gst-ptp-helper is not suid!
#10 24.35 Setting up libmp3lame0:arm64 (3.100-6) ...
#10 24.35 Setting up libgraphene-1.0-0:arm64 (1.10.8-1) ...
#10 24.35 Setting up python3-mako (1.2.4+ds-1) ...
#10 24.42 Setting up libvorbisenc2:arm64 (1.3.7-1) ...
#10 24.42 Setting up libaa1:arm64 (1.4p5-50) ...
#10 24.43 Setting up libiec61883-0:arm64 (1.2.0-6+b1) ...
#10 24.43 Setting up libxft-dev:arm64 (2.3.6-1) ...
#10 24.43 Setting up libstartup-notification0:arm64 (0.12-6+b1) ...
#10 24.43 Setting up libxkbcommon0:arm64 (1.5.0-1) ...
#10 24.44 Setting up libwayland-client0:arm64 (1.21.0-1) ...
#10 24.44 Setting up gir1.2-graphene-1.0:arm64 (1.10.8-1) ...
#10 24.44 Setting up libavc1394-0:arm64 (0.5.4-5) ...
#10 24.45 Setting up glib-networking-services (2.74.0-4) ...
#10 24.45 Setting up libnghttp2-dev:arm64 (1.52.0-1+deb12u3) ...
#10 24.46 Setting up libmagickcore-6-arch-config:arm64 (8:6.9.11.60+dfsg-1.6+deb12u13) ...
#10 24.46 Setting up libharfbuzz-dev:arm64 (6.0.0+dfsg-3) ...
#10 24.46 Setting up libdbusmenu-gtk3-4:arm64 (18.10.20180917~bzr492+repack1-3) ...
#10 24.46 Setting up libvulkan-dev:arm64 (1.3.239.0-1) ...
#10 24.47 Setting up mime-support (3.66) ...
#10 24.47 Setting up libcaca0:arm64 (0.99.beta20-3+deb12u1) ...
#10 24.47 Setting up gir1.2-dbusmenu-glib-0.4:arm64 (18.10.20180917~bzr492+repack1-3) ...
#10 24.48 Setting up libavif15:arm64 (0.11.1-1+deb12u1) ...
#10 24.48 Setting up dictionaries-common (1.29.5) ...
#10 24.51 debconf: unable to initialize frontend: Dialog
#10 24.51 debconf: (TERM is not set, so the dialog frontend is not usable.)
#10 24.51 debconf: falling back to frontend: Readline
#10 24.51 debconf: unable to initialize frontend: Readline
#10 24.51 debconf: (This frontend requires a controlling tty.)
#10 24.51 debconf: falling back to frontend: Teletype
#10 24.59 Setting up gir1.2-atk-1.0:arm64 (2.46.0-5) ...
#10 24.60 Setting up libmagickwand-6-headers (8:6.9.11.60+dfsg-1.6+deb12u13) ...
#10 24.60 Setting up x11-xkb-utils (7.7+7) ...
#10 24.60 Setting up libmanette-0.2-0:arm64 (0.2.6-3+b1) ...
#10 24.61 Setting up libxkbcommon-dev:arm64 (1.5.0-1) ...
#10 24.61 Setting up libxcursor1:arm64 (1:1.2.1-1) ...
#10 24.62 Setting up libavahi-common3:arm64 (0.8-10+deb12u1) ...
#10 24.62 Setting up xcompmgr (1.1.8-1) ...
#10 24.62 Setting up gobject-introspection (1.74.0-3) ...
#10 24.71 Setting up libgstreamer-plugins-base1.0-0:arm64 (1.22.0-3+deb12u7) ...
#10 24.71 Setting up libobjc4:arm64 (12.2.0-14+deb12u1) ...
#10 24.72 Setting up dbus-daemon (1.14.10-1~deb12u1) ...
#10 24.72 Setting up libatspi2.0-0:arm64 (2.46.0-5) ...
#10 24.73 Setting up xfonts-utils (1:7.7+6) ...
#10 24.73 Setting up x11-xserver-utils (7.7+9+b1) ...
#10 24.73 Setting up gir1.2-javascriptcoregtk-4.1:arm64 (2.50.6-1~deb12u2) ...
#10 24.74 Setting up libjson-glib-1.0-0:arm64 (1.6.6-1) ...
#10 24.74 Setting up libxfixes-dev:arm64 (1:6.0.0-2) ...
#10 24.74 Setting up libv4l-0:arm64 (1.22.1-5+b2) ...
#10 24.74 Setting up libxdo3:arm64 (1:3.20160805.1-5) ...
#10 24.75 Setting up libatk-bridge2.0-0:arm64 (2.46.0-5) ...
#10 24.75 Setting up python3-pil:arm64 (9.4.0-1.1+deb12u1) ...
#10 24.87 Setting up ca-certificates (20250419~deb12u1) ...
#10 24.90 debconf: unable to initialize frontend: Dialog
#10 24.90 debconf: (TERM is not set, so the dialog frontend is not usable.)
#10 24.90 debconf: falling back to frontend: Readline
#10 24.90 debconf: unable to initialize frontend: Readline
#10 24.90 debconf: (This frontend requires a controlling tty.)
#10 24.90 debconf: falling back to frontend: Teletype
#10 25.36 Updating certificates in /etc/ssl/certs...
#10 25.62 rehash: warning: skipping ca-certificates.crt,it does not contain exactly one certificate or CRL
#10 25.62 21 added, 13 removed; done.
#10 25.63 Setting up libmagickcore-6.q16-6:arm64 (8:6.9.11.60+dfsg-1.6+deb12u13) ...
#10 25.63 Setting up libwayland-bin (1.21.0-1) ...
#10 25.64 Setting up libxrandr-dev:arm64 (2:1.5.2-2+b1) ...
#10 25.64 Setting up libxml2-dev:arm64 (2.9.14+dfsg-1.3~deb12u6) ...
#10 25.64 Setting up libsecret-1-0:arm64 (0.20.5-3) ...
#10 25.65 Setting up gstreamer1.0-plugins-base:arm64 (1.22.0-3+deb12u7) ...
#10 25.65 Setting up libgirepository1.0-dev (1.74.0-3) ...
#10 25.66 Setting up libspa-0.2-modules:arm64 (0.3.65-3+deb12u1) ...
#10 25.66 Setting up libpipewire-0.3-0:arm64 (0.3.65-3+deb12u1) ...
#10 25.66 Setting up libshout3:arm64 (2.4.6-1+b1) ...
#10 25.67 Setting up libobt2v5 (3.6.1-10) ...
#10 25.67 Setting up libthai-dev:arm64 (0.1.29-1) ...
#10 25.67 Setting up libllvm14:arm64 (1:14.0.6-12) ...
#10 25.68 Setting up libobjc-12-dev:arm64 (12.2.0-14+deb12u1) ...
#10 25.68 Setting up libjack-jackd2-0:arm64 (1.9.21~dfsg-3) ...
#10 25.69 Setting up libpipewire-0.3-dev:arm64 (0.3.65-3+deb12u1) ...
#10 25.69 Setting up libdrm2:arm64 (2.4.114-1+b1) ...
#10 25.69 Setting up libflite1:arm64 (2.2-5) ...
#10 25.70 Setting up xauth (1:1.1.2-1) ...
#10 25.70 Setting up dbus-x11 (1.14.10-1~deb12u1) ...
#10 25.70 Setting up libwayland-cursor0:arm64 (1.21.0-1) ...
#10 25.71 Setting up xml-core (0.18+nmu1) ...
#10 25.78 Setting up libgraphene-1.0-dev (1.10.8-1) ...
#10 25.78 Setting up libllvm15:arm64 (1:15.0.6-4+b1) ...
#10 25.79 Setting up hunspell-en-us (1:2020.12.07-2) ...
#10 25.80 Setting up libpolkit-agent-1-0:arm64 (122-3) ...
#10 25.80 Setting up libmagickwand-6.q16-6:arm64 (8:6.9.11.60+dfsg-1.6+deb12u13) ...
#10 25.80 Setting up gir1.2-json-1.0:arm64 (1.6.6-1) ...
#10 25.81 Setting up xterm (379-1) ...
#10 25.82 update-alternatives: using /usr/bin/xterm to provide /usr/bin/x-terminal-emulator (x-terminal-emulator) in auto mode
#10 25.82 update-alternatives: using /usr/bin/lxterm to provide /usr/bin/x-terminal-emulator (x-terminal-emulator) in auto mode
#10 25.83 Setting up libsndfile1:arm64 (1.2.0-1+deb12u1) ...
#10 25.83 Setting up xserver-common (2:21.1.7-3+deb12u13) ...
#10 25.83 Setting up libsysprof-4:arm64 (3.46.0-4) ...
#10 25.84 Setting up libxi-dev:arm64 (2:1.8-1+b1) ...
#10 25.84 Setting up libxml2-utils (2.9.14+dfsg-1.3~deb12u6) ...
#10 25.84 Setting up libavahi-client3:arm64 (0.8-10+deb12u1) ...
#10 25.85 Setting up libjavascriptcoregtk-4.1-dev:arm64 (2.50.6-1~deb12u2) ...
#10 25.85 Setting up libatk1.0-dev:arm64 (2.46.0-5) ...
#10 25.85 Setting up libdrm-amdgpu1:arm64 (2.4.114-1+b1) ...
#10 25.86 Setting up libxtst-dev:arm64 (2:1.2.3-1.1) ...
#10 25.86 Setting up libxdamage-dev:arm64 (1:1.1.6-1) ...
#10 25.86 Setting up libdrm-nouveau2:arm64 (2.4.114-1+b1) ...
#10 25.87 Setting up xdotool (1:3.20160805.1-5) ...
#10 25.87 Setting up libmagickcore-6.q16-6-extra:arm64 (8:6.9.11.60+dfsg-1.6+deb12u13) ...
#10 25.87 Setting up libxdo-dev (1:3.20160805.1-5) ...
#10 25.87 Setting up libgbm1:arm64 (22.3.6-1+deb12u2) ...
#10 25.88 Setting up libpulse0:arm64 (16.1+dfsg1-2+b1) ...
#10 25.88 Setting up libenchant-2-2:arm64 (2.3.3-2) ...
#10 25.89 Setting up libdrm-radeon1:arm64 (2.4.114-1+b1) ...
#10 25.89 Setting up libxcomposite-dev:arm64 (1:0.4.5-1) ...
#10 25.89 Setting up libxcursor-dev:arm64 (1:1.2.1-1) ...
#10 25.89 Setting up libjson-glib-dev:arm64 (1.6.6-1) ...
#10 25.90 Setting up libgl1-mesa-dri:arm64 (22.3.6-1+deb12u2) ...
#10 25.90 Setting up libclang1-14 (1:14.0.6-12) ...
#10 25.90 Setting up dconf-service (0.40.0-4) ...
#10 25.91 Setting up gir1.2-atspi-2.0:arm64 (2.46.0-5) ...
#10 25.91 Setting up fonts-urw-base35 (20200910-7) ...
#10 25.97 Setting up libwayland-dev:arm64 (1.21.0-1) ...
#10 25.97 Setting up libmagickcore-6.q16-dev:arm64 (8:6.9.11.60+dfsg-1.6+deb12u13) ...
#10 25.98 Setting up libegl-mesa0:arm64 (22.3.6-1+deb12u2) ...
#10 25.98 Setting up libpango1.0-dev:arm64 (1.50.12+ds-1) ...
#10 25.98 Setting up libclang-common-14-dev (1:14.0.6-12) ...
#10 25.99 Setting up libcups2:arm64 (2.4.2-3+deb12u9) ...
#10 25.99 Setting up imagemagick-6.q16 (8:6.9.11.60+dfsg-1.6+deb12u13) ...
#10 26.02 Setting up gir1.2-polkit-1.0 (122-3) ...
#10 26.02 Setting up libegl1:arm64 (1.6.0-1) ...
#10 26.03 Setting up libclang-14-dev (1:14.0.6-12) ...
#10 26.03 Setting up libmagickwand-6.q16-dev:arm64 (8:6.9.11.60+dfsg-1.6+deb12u13) ...
#10 26.03 Setting up libgs10-common (10.0.0~dfsg-11+deb12u8) ...
#10 26.04 Setting up libglx-mesa0:arm64 (22.3.6-1+deb12u2) ...
#10 26.04 Setting up libclang-dev (1:14.0-55.7~deb12u1) ...
#10 26.04 Setting up libglx0:arm64 (1.6.0-1) ...
#10 26.05 Setting up dconf-gsettings-backend:arm64 (0.40.0-4) ...
#10 26.05 Setting up libgtk2.0-0:arm64 (2.24.33-2+deb12u1) ...
#10 26.06 Setting up libmagickcore-dev (8:6.9.11.60+dfsg-1.6+deb12u13) ...
#10 26.06 Setting up libgl1:arm64 (1.6.0-1) ...
#10 26.07 Setting up gir1.2-gtk-2.0:arm64 (2.24.33-2+deb12u1) ...
#10 26.07 Setting up libpolkit-gobject-1-dev (122-3) ...
#10 26.07 Setting up imagemagick (8:6.9.11.60+dfsg-1.6+deb12u13) ...
#10 26.08 Setting up libmagickwand-dev (8:6.9.11.60+dfsg-1.6+deb12u13) ...
#10 26.08 Setting up x11-utils (7.7+5) ...
#10 26.09 Setting up libglx-dev:arm64 (1.6.0-1) ...
#10 26.10 Setting up libgtk2.0-dev:arm64 (2.24.33-2+deb12u1) ...
#10 26.10 Setting up libgtk-4-common (4.8.3+ds-2+deb12u1) ...
#10 26.11 Setting up libgl-dev:arm64 (1.6.0-1) ...
#10 26.11 Setting up libgtk-3-common (3.24.38-2~deb12u3) ...
#10 26.12 Setting up libgs10:arm64 (10.0.0~dfsg-11+deb12u8) ...
#10 26.12 Setting up gsettings-desktop-schemas (43.0-1) ...
#10 26.12 Setting up libegl-dev:arm64 (1.6.0-1) ...
#10 26.13 Setting up xvfb (2:21.1.7-3+deb12u13) ...
#10 26.13 Setting up libepoxy-dev:arm64 (1.5.10-1) ...
#10 26.14 Setting up libspectre1:arm64 (0.2.12-1) ...
#10 26.14 Setting up libgstreamer-gl1.0-0:arm64 (1.22.0-3+deb12u7) ...
#10 26.15 Setting up libimlib2:arm64 (1.10.0-4+deb12u1) ...
#10 26.15 Setting up libdbusmenu-glib-dev:arm64 (18.10.20180917~bzr492+repack1-3) ...
#10 26.15 Setting up libobrender32v5 (3.6.1-10) ...
#10 26.16 Setting up libgles-dev:arm64 (1.6.0-1) ...
#10 26.16 Setting up scrot (1.8.1-1) ...
#10 26.17 Setting up libglvnd-dev:arm64 (1.6.0-1) ...
#10 26.17 Setting up openbox (3.6.1-10) ...
#10 26.18 update-alternatives: using /usr/bin/openbox to provide /usr/bin/x-window-manager (x-window-manager) in auto mode
#10 26.18 update-alternatives: using /usr/bin/openbox-session to provide /usr/bin/x-session-manager (x-session-manager) in auto mode
#10 26.18 Setting up libegl1-mesa-dev:arm64 (22.3.6-1+deb12u2) ...
#10 26.20 Processing triggers for fontconfig (2.14.1-4) ...
#10 26.29 Processing triggers for hicolor-icon-theme (0.17-2) ...
#10 26.30 Processing triggers for libglib2.0-0:arm64 (2.74.6-2+deb12u8) ...
#10 26.31 Setting up libgtk-3-0:arm64 (3.24.38-2~deb12u3) ...
#10 26.32 Processing triggers for libc-bin (2.36-9+deb12u13) ...
#10 26.34 Setting up gir1.2-gtk-3.0:arm64 (3.24.38-2~deb12u3) ...
#10 26.35 Setting up libayatana-ido3-0.4-0:arm64 (0.9.3-1) ...
#10 26.35 Setting up gir1.2-ayatanaido3-0.4:arm64 (0.9.3-1) ...
#10 26.36 Setting up libgtk-4-1:arm64 (4.8.3+ds-2+deb12u1) ...
#10 26.37 Setting up glib-networking:arm64 (2.74.0-4) ...
#10 26.38 Setting up libayatana-indicator3-7:arm64 (0.9.3-1) ...
#10 26.39 Setting up gir1.2-gtk-4.0:arm64 (4.8.3+ds-2+deb12u1) ...
#10 26.39 Setting up libsoup2.4-1:arm64 (2.74.3-1+deb12u1) ...
#10 26.39 Setting up gstreamer1.0-plugins-good:arm64 (1.22.0-5+deb12u3) ...
#10 26.40 Setting up libgtk-4-dev:arm64 (4.8.3+ds-2+deb12u1) ...
#10 26.40 Setting up libsoup-3.0-0:arm64 (3.2.3-0+deb12u2) ...
#10 26.41 Setting up libadwaita-1-0:arm64 (1.2.2-1) ...
#10 26.41 Setting up libayatana-appindicator3-1 (0.5.92-1) ...
#10 26.41 Setting up gir1.2-soup-3.0:arm64 (3.2.3-0+deb12u2) ...
#10 26.42 Setting up libsysprof-ui-5:arm64 (3.46.0-4) ...
#10 26.42 Setting up gir1.2-ayatanaappindicator3-0.1 (0.5.92-1) ...
#10 26.43 Setting up libwebkit2gtk-4.1-0:arm64 (2.50.6-1~deb12u2) ...
#10 26.43 Setting up gir1.2-webkit2-4.1:arm64 (2.50.6-1~deb12u2) ...
#10 26.43 Setting up gir1.2-adw-1:arm64 (1.2.2-1) ...
#10 26.44 Setting up libadwaita-1-dev:arm64 (1.2.2-1) ...
#10 26.44 Setting up libsysprof-4-dev:arm64 (3.46.0-4) ...
#10 26.45 Setting up libsoup-3.0-dev:arm64 (3.2.3-0+deb12u2) ...
#10 26.46 Processing triggers for sgml-base (1.31) ...
#10 26.47 Setting up libdbus-1-dev:arm64 (1.14.10-1~deb12u1) ...
#10 26.53 Setting up libatspi2.0-dev:arm64 (2.46.0-5) ...
#10 26.54 Setting up libatk-bridge2.0-dev:arm64 (2.46.0-5) ...
#10 26.54 Setting up libgtk-3-dev:arm64 (3.24.38-2~deb12u3) ...
#10 26.55 Setting up libayatana-ido3-dev (0.9.3-1) ...
#10 26.55 Setting up libayatana-indicator3-dev (0.9.3-1) ...
#10 26.55 Setting up libwebkit2gtk-4.1-dev (2.50.6-1~deb12u2) ...
#10 26.56 Setting up libayatana-appindicator3-dev (0.5.92-1) ...
#10 26.56 Processing triggers for dictionaries-common (1.29.5) ...
#10 26.59 debconf: unable to initialize frontend: Dialog
#10 26.59 debconf: (TERM is not set, so the dialog frontend is not usable.)
#10 26.59 debconf: falling back to frontend: Readline
#10 26.59 debconf: unable to initialize frontend: Readline
#10 26.59 debconf: (This frontend requires a controlling tty.)
#10 26.59 debconf: falling back to frontend: Teletype
#10 26.64 Processing triggers for ca-certificates (20250419~deb12u1) ...
#10 26.64 Updating certificates in /etc/ssl/certs...
#10 26.80 0 added, 0 removed; done.
#10 26.80 Running hooks in /etc/ca-certificates/update.d...
#10 26.80 done.
#10 26.80 Processing triggers for libc-bin (2.36-9+deb12u13) ...
#10 DONE 27.1s

#11 [stage-1 6/6] WORKDIR /workspace
#11 DONE 0.1s

#12 exporting to image
#12 exporting layers
#12 exporting layers 19.0s done
#12 exporting manifest sha256:76f64dbf84d80d2dca478c200719dc45e30b1ecb7c55397cd4605fc3076fa4ba done
#12 exporting config sha256:14beb207e586ce8313475171b3c96b009a355c1f06a96f45be28cc2e2c65af40 done
#12 exporting attestation manifest sha256:1181d90ca7007093a8440c30c2b4b4f85d4806fb78ad53c86ebdcafcf75fbf78 done
#12 exporting manifest list sha256:478f436a717b214ff09180ddb47f59722fbd2e1c2f5c2a8b3f1dc011622d35da done
#12 naming to docker.io/library/glassboard-linux-test:local done
#12 unpacking to docker.io/library/glassboard-linux-test:local
#12 unpacking to docker.io/library/glassboard-linux-test:local 4.5s done
#12 DONE 23.6s

View build details: docker-desktop://dashboard/build/desktop-linux/desktop-linux/lameu6alaqpm8evdo15hs1jt7
